:1000000000040020810A000015070000610A0000BA
:100010001F07000029070000330700000000000050
:10002000000000000000000000000000A50A000021
:100030003D070000000000004707000051070000D6
:100040005B070000650700006F07000079070000EC
:10005000830700008D07000097070000A10700003C
:10006000AB070000B5070000BF070000C90700008C
:10007000D3070000DD070000E7070000F1070000DC
:10008000FB070000050800000F0800001908000029
:10009000230800002D080000370800004108000078
:1000A0004B080000550800005F08000069080000C8
:1000B000730800007D080000870800009108000018
:1000C0009B080000A5080000AF080000B908000068
:1000D000C3080000CD080000D7080000E1080000B8
:1000E000EB080000F5080000FF0800000909000007
:1000F000130900001D090000270900003109000054
:100100003B0900001FB500F003F88DE80F001FBD8C
:1001100000F0ACBC40F6FC7108684FF01022401CA7
:1001200008D00868401C09D00868401C04D0086842
:1001300000F037BA9069F5E79069F9E7704770B554
:100140000B46010B184400F6FF70040B4FF0805073
:100150000022090303692403406943431D1B104621
:1001600000F048FA29462046BDE8704000F042BA47
:10017000F0B54FF6FF734FF4B4751A466E1E11E0DA
:10018000A94201D3344600E00C46091B30F8027B3B
:10019000641E3B441A44F9D19CB204EB134394B25D
:1001A00004EB12420029EBD198B200EB134002EBB2
:1001B000124140EA0140F0BDF34992B00446D1E952
:1001C0000001CDE91001FF224021684600F0F4FB58
:1001D00094E80F008DE80F00684610A902E004C8FB
:1001E00041F8042D8842FAD110216846FFF7C0FF7C
:1001F0001090AA208DF8440000F099F9FFF78AFFCB
:1002000040F6FC7420684FF01025401C0FD0206889
:1002100010226946803000F078F92068401C08D030
:100220002068082210A900F070F900F061F9A869AF
:10023000EEE7A869F5E74FF080500369406940F6A2
:10024000FC71434308684FF01022401C06D0086838
:1002500000F58050834203D2092070479069F7E788
:100260000868401C04D00868401C03D00020704778
:100270009069F9E70420704770B504460068C34DE3
:10028000072876D2DFE800F033041929631E250021
:10029000D4E9026564682946304600F062F92A46CE
:1002A0002146304600F031F9AA002146304600F0E0
:1002B00057FB002800D0032070BD00F009FC4FF46C
:1002C000805007E0201D00F040F90028F4D100F034
:1002D000FFFB60682860002070BD241D94E80700C3
:1002E000920000F03DFB0028F6D00E2070BDFFF715
:1002F000A2FF0028FAD1D4E901034FF0805100EBAE
:10030000830208694D69684382420ED840F6F8704E
:1003100005684FF010226D1C09D0056805EB8305B8
:100320000B6949694B439D4203D9092070BD55694A
:10033000F4E70168491C03D00068401C02D003E0C8
:100340005069FAE70F2070BD2046FFF735FFFFF731
:1003500072FF0028F7D1201D00F0F7F80028F2D135
:1003600060680028F0D100F0E2F8FFF7D3FE00F05B
:10037000BFF8072070BD10B50C46182802D0012028
:10038000086010BD2068FFF777FF206010BD41684E
:10039000054609B1012700E0002740F6F8742068FF
:1003A0004FF01026401C2BD02068AA68920000F065
:1003B000D7FA38B3A86881002068401C27D020688D
:1003C000FFF7BDFED7B12068401C22D026684FF051
:1003D0008050AC686D68016942695143A9420DD9EA
:1003E000016940694143A14208D92146304600F0E5
:1003F000B8F822462946304600F087F800F078F831
:100400007069D2E700F093F8FFF784FEF6E77069B1
:10041000D6E77669DBE740F6FC7420684FF01026DB
:10042000401C23D02068401C0CD02068401C1FD0EA
:100430002568206805F18005401C1BD027683879A5
:10044000AA2819D040F6F8700168491C42D001680A
:10045000491C45D00168491C3ED001680968491C07
:100460003ED00168491C39D000683EE0B069DAE747
:10047000B569DEE7B769E2E710212846FFF778FEA5
:100480003968814222D12068401C05D0D4F8001080
:1004900001F18002C03107E0B169F9E730B108CA63
:1004A00051F8040D984201D1012000E000208A4259
:1004B000F4D158B1286810B1042803D0FEE72846CB
:1004C000FFF765FF3149686808600EE0FFF722FE1C
:1004D00000F00EF87169BBE77169BFE7706904E06D
:1004E0004FF480500168491C01D000F0CBFAFEE7C0
:1004F000BFF34F8F26480168264A01F4E06111439B
:100500000160BFF34F8F00BFFDE72DE9F0411746B3
:100510000D460646002406E03046296800F054F8EF
:10052000641C2D1D361DBC42F6D3BDE8F08140F69B
:10053000FC700168491C04D0D0F800004FF48051D1
:10054000FDE54FF010208069F8E74FF080510A690F
:10055000496900684A43824201D810207047002050
:10056000704770B50C4605464FF4806608E0284693
:1005700000F017F8B44205D3A4F5806405F5805562
:10058000002CF4D170BD0000F40A0000000000202F
:100590000CED00E00400FA05144801680029FCD0C5
:1005A0007047134A0221116010490B68002BFCD0E0
:1005B0000F4B1B1D186008680028FCD0002010603D
:1005C00008680028FCD07047094B10B501221A605A
:1005D000064A1468002CFCD0016010680028FCD08A
:1005E0000020186010680028FCD010BD00E4014015
:1005F00004E5014070B50C46054600F073F810B9EB
:1006000000F07EF828B121462846BDE8704000F091
:1006100007B821462846BDE8704000F037B8000012
:100620007FB5002200920192029203920A0B000B06
:100630006946012302440AE0440900F01F0651F80C
:10064000245003FA06F6354341F82450401C8242F8
:10065000F2D80D490868009A10430860081D016827
:10066000019A1143016000F03DF800280AD00649C4
:1006700010310868029A10430860091D0868039A3F
:10068000104308607FBD00000006004030B50F4CED
:10069000002200BF04EB0213D3F800582DB9D3F8A1
:1006A000045815B9D3F808581DB1521C082AF1D3C3
:1006B00030BD082AFCD204EB0212C2F80008C3F8CD
:1006C00004180220C3F8080830BD000000E0014013
:1006D0004FF08050D0F83001082801D0002070473A
:1006E000012070474FF08050D0F83011062905D016
:1006F000D0F83001401C01D0002070470120704725
:100700004FF08050D0F830010A2801D00020704707
:100710000120704708208F490968095808471020B0
:100720008C4909680958084714208A4909680958FA
:100730000847182087490968095808473020854923
:100740000968095808473820824909680958084744
:100750003C20804909680958084740207D490968BC
:100760000958084744207B49096809580847482028
:1007700078490968095808474C207649096809589A
:10078000084750207349096809580847542071499F
:1007900009680958084758206E49096809580847E8
:1007A0005C206C4909680958084760206949096854
:1007B00009580847642067490968095808476820AC
:1007C00064490968095808476C2062490968095852
:1007D000084770205F4909680958084774205D4937
:1007E00009680958084778205A490968095808478C
:1007F0007C205849096809580847802055490968EC
:10080000095808478420534909680958084788202F
:1008100050490968095808478C204E490968095809
:10082000084790204B4909680958084794204949CE
:10083000096809580847982046490968095808472F
:100840009C204449096809580847A0204149096883
:1008500009580847A4203F49096809580847A820B3
:100860003C49096809580847AC203A4909680958C1
:100870000847B0203749096809580847B420354966
:10088000096809580847B8203249096809580847D3
:10089000BC203049096809580847C0202D4909681B
:1008A00009580847C4202B49096809580847C82037
:1008B0002849096809580847CC2026490968095879
:1008C0000847D0202349096809580847D4202149FE
:1008D000096809580847D8201E4909680958084777
:1008E000DC201C49096809580847E02019490968B3
:1008F00009580847E4201749096809580847E820BB
:100900001449096809580847EC2012490968095830
:100910000847F0200F49096809580847F4200D4995
:10092000096809580847F8200A490968095808471A
:10093000FC2008490968095808475FF48070054998
:10094000096809580847000003480449024A034B54
:100950007047000000000020000B0000000B0000AA
:1009600040EA010310B59B070FD1042A0DD310C82C
:1009700008C9121F9C42F8D020BA19BA884201D97E
:10098000012010BD4FF0FF3010BD1AB1D30703D0C6
:10099000521C07E0002010BD10F8013B11F8014B7C
:1009A0001B1B07D110F8013B11F8014B1B1B01D198
:1009B000921EF1D1184610BD02F0FF0343EA032254
:1009C00042EA024200F005B87047704770474FF0A6
:1009D00000020429C0F0128010F0030C00F01B800C
:1009E000CCF1040CBCF1020F18BF00F8012BA8BF1A
:1009F00020F8022BA1EB0C0100F00DB85FEAC17CDE
:100A000024BF00F8012B00F8012B48BF00F8012B90
:100A100070474FF0000200B51346944696462039C1
:100A200022BFA0E80C50A0E80C50B1F12001BFF4A7
:100A3000F7AF090728BFA0E80C5048BF0CC05DF80D
:100A400004EB890028BF40F8042B08BF704748BF5B
:100A500020F8022B11F0804F18BF00F8012B7047CF
:100A6000014B1B68DB6818470000002009480A4951
:100A70007047FFF7FBFFFFF745FB00BD20BFFDE719
:100A8000064B1847064A1060016881F308884068E1
:100A900000470000000B0000000B000017040000DE
:100AA000000000201EF0040F0CBFEFF30881EFF3ED
:100AB0000981886902380078182803D100E0000015
:100AC000074A1047074A12682C3212681047000084
:100AD00000B5054B1B68054A9B58984700BD0000B0
:100AE0007703000000000020F00A0000040000006E
:100AF000001000000000000000FFFFFF0090D00386
:10100000B00F002021AE010065B0000087AD0100E7
:1010100065B0000065B0000065B000000000000091
:10102000000000000000000000000000ADAE010064
:1010300065B000000000000065B0000065B0000071
:1010400015AF01001BAF010065B0000065B00000E6
:1010500065B0000065B0000065B0000065B000003C
:1010600021AF010065B0000065B0000027AF0100AE
:1010700065B000002DAF010033AF010039AF0100B2
:1010800065B0000065B0000065B0000065B000000C
:1010900065B0000065B0000065B0000065B00000FC
:1010A00065B000003FAF010065B0000065B0000012
:1010B00065B0000065B0000065B0000065B00000DC
:1010C00045AF010065B0000065B0000065B00000EC
:1010D00065B0000065B0000065B0000065B00000BC
:1010E00065B0000065B0000065B0000065B00000AC
:1010F00065B0000065B0000065B0000065B000009C
:1011000065B0000065B0000000F002F819F077FE4D
:101110000AA090E8000C82448344AAF10107DA4552
:1011200001D119F06CFEAFF2090EBAE80F0013F00E
:10113000010F18BFFB1A43F00103184770A201000A
:1011400090A201000A4410F8014B14F00F0508BFEB
:1011500010F8015B240908BF10F8014B6D1E05D083
:1011600010F8013B6D1E01F8013BF9D1641E03D05C
:10117000641E01F8015BFBD19142E4D3704700008B
:101180000023002400250026103A28BF78C1FBD890
:10119000520728BF30C148BF0B6070471FB500F031
:1011A00003F88DE80F001FBD19F026BE70B51B4C6B
:1011B00005460A202070A01C00F0D7F85920A08016
:1011C00029462046BDE8704006F0FEBE06F00CBF82
:1011D00070B50C461249097829B1A0F160015E2969
:1011E00008D3012013E0602804D0692802D043F21C
:1011F00001000CE020CC0B4E94E80E0006EB8000C2
:10120000A0F58050241FD0F8806E2846B04720609B
:1012100070BD0120704706207047000008000020C4
:101220001800002074AF01003249884201D2012029
:1012300070470020704770B50446A0F500002E4EA0
:10124000B0F1786F02D23444A4F5000429488442F6
:1012500001D2012500E0002500F043F848B125B98E
:10126000B44204D32548006808E0012070BD002086
:1012700070BD002DF9D1B442F9D321488442F6D291
:10128000F3E710B50446A0F50000B0F1786F03D283
:1012900019480444A4F5000400F023F84FF08041FD
:1012A00030B11648006804E08C4204D2012003E00B
:1012B00013488442F8D2002080F0010010BD10B520
:1012C00020B1FFF7DEFF08B1012010BD002010BDE6
:1012D00010B520B1FFF7AFFF08B1012010BD00200D
:1012E00010BD084808490068884201D101207047B4
:1012F0000020704700C00100000000201C000020FA
:101300000800002058000020BEBAFECA10B50446EE
:101310000021012000F041F800210B2000F03DF8F1
:101320000021082000F039F80421192000F035F8D8
:1013300004210D2000F031F804210E2000F02DF8DA
:1013400004210F2000F029F80421C84300F025F8FB
:101350000621162000F021F80621152000F01DF8C6
:101360002046FFF723FF002010BDCC2101807047ED
:10137000FFF72CBF1148704710487047104A10B54E
:1013800014680F4B0F4A08331A60FFF721FF0C480F
:10139000001D046010BD704770474907090E002802
:1013A00004DB00F1E02080F80014704700F00F002B
:1013B00000F1E02080F8141D7047000003F900429E
:1013C000100502400100000130B5FF4D0446062C17
:1013D000A9780ED2DFE804F0030E0E0E0509FFDF38
:1013E00008E0022906D0FFDF04E0032902D0FFDF76
:1013F00000E0FFDFAC7030BDF34810B5407E41081F
:10140000F14800F11A0005D00DF043FBBDE8104093
:1014100006F07ABC0DF024FBF8E730B50446A1F1E4
:1014200020000D460A2847D2DFE800F005070C1916
:10143000202532373C41FFDF3FE0207820283CD197
:10144000FFDF3AE0E0488078052836D0207824286D
:1014500033D0252831D023282FD0FFDF2DE020786E
:1014600022282AD0232828D8FFDF26E02078222827
:1014700023D0FFDF21E0207822281ED024281CD092
:1014800026281AD0272818D0292816D0FFDF14E0E4
:101490002078252811D0FFDF0FE0207825280CD0F8
:1014A000FFDF0AE02078252807D0FFDF05E020785D
:1014B000282802D0FFDF00E0FFDF257030BD1FB518
:1014C0000022ADF800200C88ADF802404B88ADF842
:1014D0000430CA88ADF808208988ADF806100021CC
:1014E000ADF80A10ADF80C1080B14FF6FF70062170
:1014F000844201D1ADF80210834201D1ADF804104D
:10150000824203D14FF44860ADF8080068460DF000
:10151000BEFB06F0F9FB04B010BD70B514460D46D5
:101520000646FFF788FE60B90DB1A54201D90C202F
:1015300070BD002409E000BF56F82400FFF77BFED1
:1015400008B1102070BD641CE4B2AC42F4D300209A
:1015500070BD2DE9F04105461F4690460E46002419
:101560000068FFF7B5FE30B9A98828680844401E16
:10157000FFF7AEFE10B11020BDE8F081286800280A
:10158000A88802D0B84202D850E00028F4D0092040
:10159000F2E72968085DB8B1671CCA5D152A2ED02C
:1015A0003CDC152A3AD2DFE802F039122222282840
:1015B0002A2A313139393939393939393939220019
:1015C000085D30BB641CA4B2A242F9D833E0022803
:1015D000DDD1A01C085C88F80000072801D2400774
:1015E00001D40A20C8E7307840F0010015E0C1437B
:1015F000C90707E0012807D010E00620BCE7010773
:10160000A1F180510029F5D01846B5E7307881075F
:1016100001D50B20B0E740F0020030702868005D73
:10162000384484B2A888A04202D2B0E74FF44853AD
:1016300082B2A242ADD800209EE710B502785408CD
:1016400009D0012243F20223012C07D0022C0DD035
:10165000032C13D10FE00020087005E080790324EB
:10166000B4EB901F0AD10A70002010BD8079B2EB54
:10167000901F03D1F7E780798009F4D0184610BD98
:1016800008B500208DF800004F4890F8221051B1A5
:1016900090F8230002280FD003280FD0FFDF00BFEF
:1016A0009DF8000008BD48486946193001F0C6F9A8
:1016B0000028F5D0FFDFF3E7032000E001208DF8DC
:1016C0000000EDE738B50C460546694601F0B6F96D
:1016D00000280DD19DF80010207861F3470020709C
:1016E00055F8010FC4F80100A888A4F805000020EF
:1016F00038BD38B51378C0B1022816D033A46D4672
:10170000246800944C7905EB9414247864F347031F
:10171000137003280ED003F0FE0010700868C2F8A2
:1017200001008888A2F8050038BD23F0FE0313707D
:101730000228EED1D8B240F00100EEE702210EF00F
:10174000BDBC38B50C460978222901D2082038BD25
:10175000ADF800008DF8022068460DF0D9F906F0CA
:10176000D3FA050003D121212046FFF756FE284673
:1017700038BD1CB500208DF80000CDF80100ADF893
:101780000500114890F82200022801D0012000E055
:1017900000208DF8070068460DF024FA002800D0DC
:1017A000FFDF1CBD2DE9FF478CB00025BDF834607C
:1017B00082461C4690468DF81C50700703D5606821
:1017C000FFF739FD90B903E0A00100200302FF01FB
:1017D000FE4F4FF0010997F8220058B197F8230007
:1017E000022807D16068FFF773FD18B1102010B010
:1017F000BDE8F087300702D5A089802815D870078A
:1018000004D4B8F1000F01D0387E70B1E07DC0F390
:1018100000108DF81B00617D072041B1012906D021
:101820000229E4D00429E2D117E00720DFE78DF890
:1018300017908DF819908DF81580606878B107A918
:10184000FFF7FBFE0028D2D1606850F8011FCDF8E9
:101850000F108088ADF8130005E00620C7E7CDF82B
:101860000F50ADF81350E07B0028F6D1207C002803
:10187000F3D1607C0028F0D1A07C0028EDD1E07C81
:10188000C006EAD18DF800A0BDF83400ADF8020022
:10189000A0680190A0680290CDA0D0E90010CDE929
:1018A0000A10E07C0AA901EB501000788DF80C00BA
:1018B000FFF7E6FE8DF80D009DF81C008DF80E0078
:1018C0008DF818508DF816508DF81A5009A96846F1
:1018D0000DF02CFA06F018FA89E7F0B58FB0002465
:1018E0008DF830408DF814408DF8344006468DF860
:1018F0002840019402940394049419B10FC901ADD6
:1019000085E80F00B14DA878052801D004280CD136
:1019100001986968884200D120B90398E968884233
:1019200003D110B108200FB0F0BD1F273B460DAA10
:1019300005A903A8FFF70DFE0028F4D13B460AAA2B
:101940000CA901A8FFF705FE0028ECD19DF81400B2
:10195000C00701D00A20E6E7A88A410708D4A97D7C
:1019600031B19DF82810890702D043F20120DAE74F
:101970009DF82810C90709D0400707D4288818B156
:1019800044F25061884201D90720CCE78DF8184015
:101990008DF81960BDF80800ADF81A00019807909D
:1019A00006A80DF0CEF906F0AFF90028BBD18DF8EE
:1019B00020408DF82160BDF81000ADF8220003989A
:1019C000099008A80DF0DFF906F09EF90028AAD1C9
:1019D00001AC2D1D94E80F0085E80F000020A2E760
:1019E00070B50646FFF7AAFE054606F06FFB040039
:1019F00000D1FFDF6680207820F00F00801C20F0EF
:101A0000F000203020700320207295F83E006072B4
:101A1000BDE8704006F05EBB2DE9F04385B00400E0
:101A200000D1FFDF2078694E20F00F00801C20F0ED
:101A3000F0007030207060680178C91F14292AD224
:101A4000DFE801F04DF3290AF3F33AF2292966F2AF
:101A5000F2F129F2F2F0EFF286883046FFF76EFEDF
:101A60000546304608F0BDF8C0B16068807985F859
:101A70003E0021212846FFF7D0FC304603F0FAF95A
:101A8000304604F0ADFB3146012012F047F9A87F43
:101A900020F01000A87705B0BDE8F083207820F092
:101AA000F00020302070032020726680606880790A
:101AB000607206F00FFBDCE785882846FFF73EFEE4
:101AC00000B9FFDF60688078012800D0FFDF606820
:101AD000817905B02846BDE8F04308F04ABA868807
:101AE0003046FFF72BFE050000D1FFDF06F0F2FACB
:101AF00060683146C08828816068008968816068B4
:101B00004089A881012012F009F90020A875C2E7D8
:101B1000807828B10228BED03C28BCD0FFDFBAE7CD
:101B200006F0D8FA6568A879AD1C00B9FFDFF77830
:101B3000B5F80290B046384606F05FF8060000D1CE
:101B4000FFDF0022022148460EF0AFFA040000D168
:101B5000FFDF22212046FFF760FCA17F012060F318
:101B60000101A177298B2181698B6181A98BA181D9
:101B700084F822708DF80800B0680090F068019039
:101B80006A46032148460EF090FA00B9FFDFB0889C
:101B9000ADF81000B0788DF8120004AA052148466F
:101BA0000EF083FA00B9FFDFB088ADF80C00F078D2
:101BB0008DF80E0003AA042148460EF076FA00B90B
:101BC000FFDF062105F1120006E00000A001002061
:101BD000070605040302010000F04DFF30B36879E9
:101BE000800700D5FFDF6979E07D61F34700E0758C
:101BF000D5F80600A0616889A083062105F10C00D4
:101C000000F039FFE0B198F819104A08617862F3E2
:101C100047016170D8F81A10C4F80210B8F81E0015
:101C200017E028E020E033E02DE017E0E07D20F031
:101C3000FE00801CE075D5F81200A061E88ADBE7A1
:101C4000607820F0FE00801C6070E868C4F8020034
:101C5000288AE0800320FFF7B7FB1CE705B0204689
:101C6000BDE8F04301F092BC06F034FA16F8240FF8
:101C700040F0020005E006F02DFA16F8240F40F0BF
:101C80000400307007E705B0BDE8F04306F022BA63
:101C9000B178052909D00429DFD106F01BFA02200A
:101CA00005B0BDE8F043FFF78FBB80780028D4D0A3
:101CB000F07800F0AAFE06F00DFA0320F0E72DE917
:101CC000F047054600780027000991460C463E463D
:101CD000012871D0022870D007280AD00A286DD0B8
:101CE000FFDF00BFA9F800600CB1278066800020EC
:101CF0007EE5D5F804C0DFF8448804F108009CF8BC
:101D000000204FF0010AD21F4FF6FF71142A76D23D
:101D1000DFE802F00AF9F9F9F9F9F91DF9F926C035
:101D2000889DF91061D476EE12271026BCF80400C5
:101D30002146F3E01C270A26ECB3BCF80200A08081
:101D4000686800792072686840796072CAE71B276A
:101D5000092684B30320207268684088A080C1E708
:101D60009CF802103C29BDD010272C260CF1020C47
:101D70000CB3BCF80210A180BCF818106182BCF84A
:101D800018102182BCF81A10A182BCF81C10E18244
:101D90009CF8053002460CF106011846FFF7A9FC35
:101DA0009CF8040001289DD184F80FA00020207623
:101DB00008F1040003E00BE0A8E0B2E0EAE090E8FC
:101DC0000E00D8F81000C4E90930C4E9071289E709
:101DD000A9F800608BE720271126002CF8D0A180FD
:101DE000686804F10A02807820726868807A6072FC
:101DF00069680B1DC8781946FFF77BFC72E782E023
:101E000021270A26002CE3D0BCF80200A0806868D5
:101E10000079207268684079607298F8241021F087
:101E2000040162E022270B26002CD1D0BCF804006C
:101E3000A0806868807820726868807900F02AFE47
:101E400060726868C07900F025FEA0724AE7262714
:101E50001C26002CBCD0A1806868C07860726868BD
:101E60008079A07208F1040090E80E00D8F8100004
:101E7000C4E90530C4E90312686880783C2803D0BF
:101E8000432804D0FFDF2DE784F808A02AE70220CA
:101E9000207227E724271026002C99D0BCF80200D6
:101EA000A0806868007920816868007A608168682D
:101EB000C088A08168684089E08113E72327102645
:101EC000002C85D0BCF80200A08068688088208142
:101ED0006868C088608168680089A08168684089F6
:101EE000E08198F8241021F0020188F82410F9E626
:101EF0002F272A26002C86D0A18069682222891CDF
:101F00000BF017FAEEE64A46214644E0287A02280A
:101F100001D0FFDFE6E612271026688800F098FD62
:101F2000E0E6287AB0B3012835D0022833D0032860
:101F300001D0FFDFD6E611270926002C8AD0B5F89C
:101F400002804046FFF7FAFB90F822A0A4F8048034
:101F5000687A2072042140460EF0C2F805214046FE
:101F60000EF0BEF8002140460EF0BAF801214046BE
:101F70000EF0B6F8032140460EF0B2F802214046BA
:101F80000EF0AEF8062140460EF0AAF8504600F0DA
:101F90003CFDA7E6FFE72846BDE8F04701F02CBC72
:101FA00070B5012801D0FFDF70BD8DB22846FFF764
:101FB000C5FB040000D1FFDF20782128F4D006F013
:101FC00085F880B1017821F00F01891C21F0F00122
:101FD000103101700221017245800020A075BDE81A
:101FE000704006F077B821462846BDE870401322BD
:101FF000FFF7A7BB2DE9F04116460C00804600D143
:10200000FFDF307820F00F00801C20F0F00010304F
:1020100030702078022802D0FFDFBDE8F081404612
:10202000FFF78CFB050000D1FFDFA1884FF6FF70A2
:102030000027814202D1E288824203D0814201D14D
:10204000E08840B106F046F894E80F00083686E8CC
:102050000F00AF75E1E7A87D0128DED178230022CB
:10206000414611F0B1FD0220A875D6E738B5054606
:102070000C460846FFF7DFF8A8B9242D31D006DC5E
:10208000202D0AD0212D0AD0222D04D124E0252D87
:102090001BD03F2D2DD0072038BD062038BD6068ED
:1020A000FFF70DF908B1102038BD618820886A4615
:1020B0000CF0E1FF05F028FE0028F5D16168002949
:1020C000F2D0BDF800200A8038BDA07800F00101F0
:1020D00020880DF001F808E02068BDE8384001F0E4
:1020E000C0BD618820880CF05FFFBDE8384005F076
:1020F0000BBE207800F001008DF8000068460CF05F
:10210000BDFD05F001FE38BD70B505460C4608461C
:10211000FFF7B7F808B1102070BD202D07D0212D92
:102120000DD0222D0BD0252D09D0072070BD208881
:10213000A11C0CF03CFDBDE8704005F0E5BD06209B
:1021400070BDFE481930704708B528220021FB48B1
:102150000BF019F90120FFF737F9F84968461A31F1
:1021600005F04AFFF5489DF80020417E62F34701E3
:1021700021F001014176002180F822104FF46171B5
:102180000184022180F82310FFF736F900B1FFDF48
:1021900000F0AEFC01F0CCF908BD10B50C464022B1
:1021A000002120460BF0EFF8A07F20F00300A0777D
:1021B000202020700020A07584F8230010BD7047F7
:1021C0002DE9FC410746FFF736F810B11020BDE8B5
:1021D000FC81DA4E06F11901D6F819000090B6F824
:1021E0001D50ADF80450F47F8DF806403846FFF7D7
:1021F00069FA0028EBD1FFF7FFF80028E7D0009933
:1022000046F8191FB580B471E1E710B50446FFF731
:1022100038F808B1102010BDC848C8492246407E91
:102220001A314008FFF765FA002010BD3EB504469C
:102230000D460846FFF725F808B110203EBD14B141
:1022400043F204003EBDBD488078052803D0042831
:1022500001D008203EBD694602A80BF01AFB2A46B1
:1022600069469DF80800FFF744FA00203EBDFEB520
:102270000D4604004FF0000711D00822FFF74DF97A
:10228000002811D1002608E054F826006946FFF71F
:10229000D4F9002808D1761CF6B2AE42F4D30CF083
:1022A00037FB10B143F20320FEBDA44E3776FCB1DC
:1022B00000271AE054F8270002A9FFF7BEF900B181
:1022C000FFDF9DF808008DF8000054F8270050F853
:1022D000011FCDF801108088ADF8050068460CF0AC
:1022E0003CFB00B1FFDF7F1CFFB2AF42E2D335768B
:1022F0000020FEBD2DE9F0478AB01546894604004E
:102300001DD00F4608222946FFF707F9002810D1F3
:10231000002612E054F826006946103000F08EFBCB
:10232000002806D13FB157F82600FEF784FF10B110
:1023300010200AB0DCE4761CF6B2AE42EAD30026E6
:10234000A5F101081CE000BF06F1010A0AF0FF0731
:1023500012E000BF54F82600017C4A0854F8271008
:102360000B7CB2EB530F05D10622113011310AF06C
:10237000B3FF58B17F1CFFB2AF42EBD30AF0FF06A8
:102380004645E1DB4E4624B1012003E043F205203F
:10239000CFE700200CF000FB10B90CF009FB10B1E6
:1023A00043F20420C5E75CB300270DF1170825E0D0
:1023B00054F827006946103000F040FB00B1FFDF01
:1023C00054F82700102250F8111FCDF80110808812
:1023D000ADF8050054F827100DF107000AF0A9FF29
:1023E00096B156F82710102240460AF0A2FF684620
:1023F0000CF098FA00B1FFDF7F1CFFB2AF42D7D3D9
:10240000FFF7B7F9002094E7404601F01EFCEEE725
:1024100030B585B00446FEF70EFF18B96068FEF7C8
:1024200057FF10B1102005B030BD60884AF2B811D6
:10243000884206D82078414D28B1012806D00228CC
:1024400004D00720EFE7FEF7D7FF18E060780228F6
:1024500004D0032802D043F20220E4E785F82300E9
:10246000C1B200200090ADF8040002292CD003294D
:1024700027D0FFDF68460CF00CFB05F045FC002878
:10248000D1D1606801F0D4FB207858B101208DF8DB
:1024900000000DF1010001F0D8FB68460CF075FE5C
:1024A00000B1FFDF207885F82200FFF762F960882D
:1024B00060B1288480B20CF067FA00B1FFDF002021
:1024C000B1E78DF80500D5E74020FAE74FF46170D9
:1024D000EFE710B50446FEF7D4FE20B9606838B1C6
:1024E000FEF7EDFE08B1102010BD606801F0ADFBF5
:1024F000124830F8201F6180C178617080782070A8
:10250000002010BD2DE9F843144689460646FEF723
:10251000B8FEB8B94846FEF7DBFE98B92046FEF78C
:10252000D7FE78B9054DA878012800D154B131788B
:10253000FF2909D061B143F2040001E0A0010020AD
:10254000BDE8F8831020F8E7012801D00420F4E763
:10255000CCB3052811D004280FD06946204600F0DE
:10256000A4FA0028E9D1217D49B1012909D0022925
:1025700009D0032909D00720DFE70820DDE702465C
:1025800004E0012202E0022200E00322804623460A
:10259000174600200099FFF705F90028CDD1A08942
:1025A0002880A07BE875BDF80000A882AF75BDF853
:1025B0000010090701D5A18931B1A1892980C0077F
:1025C00004D0032003E006E08021F7E70220FEF7B5
:1025D000FBFE86F800804946BDE8F8430020FFF77F
:1025E0007CB92DE9FC41FF4C06460D46A078022837
:1025F00003D0032801D00820E9E516B143F2040016
:10260000E5E506200DF00EFD10B9A078032849D0AD
:102610000FF07CFC074610F0DBFE381A00F0FF08D4
:1026200006200DF0F7FC074606200DF0FBFC391ADA
:10263000A078042809D000221144A8EB010111F070
:10264000FF0F04D0032804D00DE00122F4E713208B
:10265000BDE5284605F0D1FA10B3407810B32846FE
:1026600005F0D6FDE570FFF70BF80BF054F80120EC
:102670008DF800008DF801008DF802602088ADF81B
:102680000400E07D8DF8060068460CF050FC05F073
:102690003BFB0028B0D1A078032805D0042010E02F
:1026A000052094E5122092E5E07805F0A6FA0400F2
:1026B00000D1FFDF607800B9FFDF6078401E6070F6
:1026C0000520FEF781FE002081E51CB510B143F224
:1026D00004001CBDC34CA078042803D0052801D0F9
:1026E00008201CBD00208DF8000001218DF801108C
:1026F0008DF8020068460CF01AFC05F005FB002876
:10270000EFD1A078052805D05FF00200FEF75CFE4F
:1027100000201CBDE07800F078F90320F6E72DE9F1
:10272000FC4180460D4603260846FEF7D1FD08B160
:1027300010204CE54046FFF701F8040004D0207853
:10274000222804D2082042E543F202003FE5A07FA0
:1027500000F003073DB1012F0AD000202946FEF703
:10276000AEFE0600E5D1012F04D0FFDF30462EE596
:102770000120F3E7A07D2946022801D011B107E02E
:10278000112024E5684600F0E7FA0028D1D1694617
:10279000404607F0CEFB0600E8D10120A075E5E732
:1027A00070B50C460546FEF7C9FF010005D022466C
:1027B0002846BDE87040FEF7C4BF43F2020070BD7A
:1027C00010B5012807D1874B9B78012B00D011B1A0
:1027D00043F2040010BD0CF009F9BDE8104005F00B
:1027E00093BA012300F01BB900231A46194600F0E2
:1027F00016B970B5064615460C460846FEF741FD6B
:1028000018B92846FEF73DFD08B1102070BD2A46D4
:10281000214630460CF017FC05F076FA0028F5D179
:1028200021787F29F2D1052070BD7CB505460C4684
:102830000846FEF700FD08B110207CBD2846FEF7D3
:102840007DFF20B10078222804D208207CBD43F20D
:1028500002007CBD634890F82400400701D5112098
:102860007CBD2178C80802D16078C20801D0072059
:102870007CBD890801D1800801D006207CBDADF85F
:10288000005020788DF8020060788DF80300022057
:10289000ADF8040068460BF00FFF05F035FA7CBD7B
:1028A00070B586B014460D460646FEF747FF28B1C0
:1028B0000078222805D2082006B070BD43F202003D
:1028C000FAE72846FEF704FD20B944B12046FEF79A
:1028D000F6FC08B11020EFE700202060A0804148FE
:1028E00090F82400800701D51120E5E703A93046C0
:1028F0000BF01FFF18B100BF05F006FADCE7ADF8DA
:102900000060BDF81400ADF80200BDF81600ADF887
:102910000400BDF81000BDF81210ADF80600ADF8C7
:1029200008107DB1298809B1ADF80610698809B190
:10293000ADF80210A98809B1ADF80810E98809B10D
:10294000ADF80410DCB1BDF80610814201D9081AB7
:102950002080BDF80210BDF81400814201D9081A88
:102960006080BDF80800BDF80410BDF816200144D1
:10297000BDF812001044814201D9081AA0806846AF
:102980000BF074FFB8E770B505460C460846FEF735
:1029900078FC08B1102070BD214628460CF04AF999
:1029A000BDE8704005F0B0B93EB505460C46084696
:1029B000FEF767FC08B110203EBD0020009001909A
:1029C0000290ADF800502089ADF8080020788DF80D
:1029D0000200606801902089ADF808006089ADF8B8
:1029E0000A0001E0A001002068460CF031F905F072
:1029F0008BF93EBD0EB5ADF8000000200190684691
:102A00000CF026F905F080F90EBD10B505F0F5F8CB
:102A1000040000D1FFDF6078401C607010BD1CB561
:102A2000ADF800008DF802308DF803108DF8042009
:102A300068460CF0D7FA05F067F91CBD0278520819
:102A400004D0012A02D043F202207047FEF7F5BD00
:102A500070B50C0006460DD0FEF770FE050000D1E3
:102A6000FFDFA68028892081288960816889A0816C
:102A7000A889E08170BD10B500231A4603E0845C8C
:102A80002343521CD2B28A42F9D30BB1002010BDAD
:102A9000012010BD00B530B1012803D0022801D0BB
:102AA000FFDF002000BDFF2000BD00220A8092B29F
:102AB00022F060020A800078062817D2DFE800F0D2
:102AC000160306090C1142F0110007E042F01D0048
:102AD00009E042F0150006E042F0100040F002006C
:102AE00001E042F010000880002070470720704786
:102AF000FD48002101604160018170472DE9FF4FD1
:102B000093B09B46209F160004460DD01046FEF75A
:102B100092FB18B1102017B0BDE8F08F31460120AC
:102B2000FEF7CDFC0028F6D101258DF842504FF478
:102B3000C050ADF84000002210A9284603F016FE50
:102B40000028E8D18DF84250A8464FF428500025BF
:102B5000ADF840001C222946684607950AF013FC90
:102B60009DF81C000DF11C0A20F00F00401C20F005
:102B7000F00010308DF81C0020788DF81D00617871
:102B80009DF81E000DF1400961F3420040F0010084
:102B90008DF81E009DF8000008AA40F002008DF894
:102BA00000002089ADF83000ADF832506089ADF8F2
:102BB0003400CDF82CA060680E900AA9CDF82890BA
:102BC000684603F0C8FB0028A5D16068FEF777FBD4
:102BD00040B16068FEF77CFB20B9607800F003002C
:102BE000022801D0012000E00020BF4C08AA0AA959
:102BF0002072BDF8200020808DF8428042F601202E
:102C0000ADF840009DF81E0020F00600801C20F06A
:102C100001008DF81E000220ADF83000ADF8340040
:102C200014A80E90684603F096FB002889D1BDF8E1
:102C30002000608036B1211D304600F059F900288F
:102C4000C2D109E0BBF1000F05D00AF017F9E8BBCB
:102C50000AF014F9D0BBA58017B1012F43D04AE088
:102C60008DF8428042F6A620ADF8400046461C2270
:102C70000021684607950AF086FB9DF81C00ADF818
:102C8000346020F00F00401C20F0F00010308DF870
:102C90001C009DF81D0020F0FF008DF81D009DF820
:102CA0001E0020F0060040F00100801C8DF81E0080
:102CB0009DF800008DF8446040F002008DF800009F
:102CC000CDE90A9AADF8306011A800E011E00E904D
:102CD00008AA0AA9684603F03EFB0028A6D1BDF861
:102CE0002000E08008E00AF0C9F810B90AF0C6F840
:102CF00008B103200FE7E58000200CE73EB504464D
:102D0000794D0820ADF80000A88828B12046FEF7CC
:102D100092FA18B110203EBD06203EBD214601208A
:102D2000FEF7CDFB0028F8D12088ADF804006088BC
:102D3000ADF80600A088ADF80800E088ADF80A00FC
:102D4000A88801AB6A46002103F00CFFBDF8001013
:102D50000829E2D003203EBD7FB5634D0446A88814
:102D600068B1002002900820ADF80800CDF80CD022
:102D70002046FEF760FA20B1102004B070BD062096
:102D8000FBE7A98802AA4FF6FF7004F02DF900288E
:102D9000F3D1BDF80810082901D00320EDE7BDF8F4
:102DA00000102180BDF802106180BDF80410A180E0
:102DB000BDF80610E180E0E701B582B00220ADF871
:102DC0000000494802AB6A464088002103F0CAFE71
:102DD000BDF80010022900D003200EBD1CB5002153
:102DE00000910221ADF800100190FEF74AFA08B1F7
:102DF00010201CBD3C486A4641884FF6FF7004F025
:102E0000F3F8BDF800100229F3D003201CBDFEB575
:102E1000354C06461546207A0F46C00705D00846B1
:102E2000FEF709FA18B11020FEBD0F20FEBDF82DE7
:102E300001D90C20FEBD3046FEF7FDF918BB2088F5
:102E400001A902F08AFF0028F4D130788DF805003E
:102E5000208801A903F064FE0028EBD100909DF8C2
:102E600000009DF8051040F002008DF800000907F1
:102E700003D040F008008DF800002088694603F078
:102E8000ECFD0028D6D1ADF8085020883B4602AAB8
:102E9000002103F067FEBDF80810A942CAD0032044
:102EA000FEBD7CB505460020009001900888ADF875
:102EB00000000C4628460195FEF701FA18B9204695
:102EC000FEF7DFF908B110207CBD15B1BDF8000098
:102ED00060B105486A4601884FF6FF7004F084F837
:102EE000BDF8001021807CBDC80100200C20FAE74D
:102EF00030B5044693B000200D46014600901422E0
:102F000001A80AF040FA1C22002108A80AF03BFAA6
:102F10009DF80000CDF808D020F00F00401C20F0F4
:102F2000F00010308DF800009DF8010006AA20F096
:102F3000FF008DF801009DF8200001A940F002007B
:102F40008DF8200001208DF8460042F60420ADF8EF
:102F5000440011A801902088ADF83C006088ADF8CD
:102F60003E00A088ADF84000E088ADF842009DF832
:102F7000020020F00600801C20F001008DF8020005
:102F80000820ADF80C00ADF810000FA8059008A8B7
:102F900003F0E1F9002803D1BDF8180028800020D3
:102FA00013B030BD0A4810B5046809490948083112
:102FB00008600FF0BEFE0648001D046010BD064903
:102FC000002008604FF0E0210220C1F88002704725
:102FD0001005024001000001FC1F00400548064AA0
:102FE0000168914201D1002101600449012008607B
:102FF0007047000058000020BEBAFECA40E50140FC
:103000002CFFFFFFDBE5B15100C00100CC00FFFF4A
:1030100071000000C1CF6A00FEA0D9111C1006C3C8
:1030200089CCFC7A7B3B49141906A8C010B504462C
:10303000FEF701F908B1102010BD2078C0F302108E
:10304000042807D86078072804D3A178102901D86C
:10305000814201D2072010BDE078410706D42179D2
:103060004A0703D4000701D4080701D5062010BD84
:10307000002010BD70B514460D46064605F026F832
:1030800080B10178182221F00F01891C21F0F00194
:10309000A03100F8081B21460AF04BF9BDE870404A
:1030A00005F018B829463046BDE870401322FEF7F7
:1030B00048BB2DE9F047064608A8904690E8300442
:1030C00089461F461422002128460AF05CF9002197
:1030D000CAF80010B8F1000F03D0B9F1000F03D106
:1030E00014E03878C00711D02068FEF7CAF8C0BBDA
:1030F000B8F1000F07D12068123028602068143022
:1031000068602068A8602168CAF8001038788007D5
:1031100024D56068FEF7D3F818BBB9F1000F21D0B1
:10312000FFF70FF80168C6F868118188A6F86C11DE
:10313000807986F86E0101F034FAF84FEF6062682A
:1031400062B196F8680106F2691140081032FEF784
:10315000D0FA1022394660680AF0EBF80020BDE88A
:10316000F08706E0606820B1E8606068C6F8640136
:10317000F4E71020F3E730B5054608780C4620F058
:103180000F00401C20F0F001103121700020607011
:1031900095F8230030B104280FD0052811D0062857
:1031A00014D0FFDF20780121B1EB101F04D295F875
:1031B000200000F01F00607030BD21F0F0002030D2
:1031C00002E021F0F00030302070EBE721F0F00059
:1031D0004030F9E7F0B591B0022715460C46064697
:1031E0003A46ADF80870092103AB05F070FD049074
:1031F000002810D004208DF804008DF80170E03410
:10320000099605948DF818500AA968460EF051FCED
:1032100000B1FFDF012011B0F0BD2DE9F84F0646E7
:10322000808A0C4680B28246FEF788FA0546BB4F7C
:103230003078203F4FF002094FF000080F287CD271
:10324000DFE800F07BA39D082C5B6A7CBADAFD976F
:1032500048979700012150460CF030FF040000D140
:10326000FFDF97F85C00C00701D0386E0BE0032148
:1032700004F11D0010F06BFAD4F81D00A849B0FB52
:10328000F1F201FB1200C4F81D0070686067B068BD
:10329000A0672878252872D0FFDF70E00121504612
:1032A0000CF00CFF060000D1FFDF3078810702D55B
:1032B0002978252904D040F001003070BDE8F88F4E
:1032C00084F80090307F207106F11D002D36C4E98E
:1032D0000206F3E7012150460CF0F0FE050000D194
:1032E000FFDF2878C10604D5072020703D356560D2
:1032F000E4E740F008002870E0E7E87F000700D529
:10330000FFDF307CB28800F0010301B05046BDE819
:10331000F04F092106F06FBD05B9FFDF716821B1DB
:10332000102205F124000AF004F828212846FEF7AF
:1033300074F8307A85F82000C0E7F7E001215046A4
:103340000CF0BCFE050000D1FFDF022105F1850075
:1033500010F0FDF90420207005F5B4706060B5F838
:10336000850020826D4810387C356561C4E90270A3
:10337000A4E7012150460CF0A1FE00B9FFDF324660
:1033800029465046BDE8F84F74E605B9FFDF2878B6
:10339000212893D93079012803D1E87F40F0080033
:1033A000E877324629465046FFF764FE2846BDE8D6
:1033B000F84F2321FEF731B83279A28004F10803D7
:1033C0000921504605F083FCE06010B10520207013
:1033D00074E74546012150460CF070FE040000D110
:1033E000FFDF04F1620102231022081F0CF0FFFC32
:1033F00005703179417061E7012150460CF05EFEA5
:10340000040000D1FFDF94F8840000F003000128DD
:1034100059D1E87F10F0010003D194F8A010C9073A
:103420002AD0D4F8602132B394F88330117C63F34E
:1034300087011174AA7FD30963F3410100E071E0B1
:10344000D4F860211174D4F8602160F30001117484
:1034500090B1D4F86001102205F12401883409F0FC
:1034600068FF207E40F001002076207820F00100E7
:1034700004F8880919E0C0B994F88810C90714D075
:10348000D4F85C218AB194F88330117C63F387010E
:103490001174AA7FD309D4F85C2163F3410111743C
:1034A000D4F85C2160F30001117494F8880080075F
:1034B00009D594F87C00D4F86421400804F17D011A
:1034C0001032FEF716F98DF8009094F884006A46E1
:1034D00000F003008DF8010094F888108DF80210B8
:1034E00094F8A0008DF803002946504601F042F8F8
:1034F0002878252805D0212807D0FFDF2878222822
:1035000003D922212846FDF788FF012150460CF0FF
:10351000E7FD00283FF4DDAEFFDFCFE6F401002039
:1035200040420F00716881F80180C7E6FFDFC5E601
:1035300070B5FE4C002584F85C5025660EF085FAC7
:1035400004F11001204604F07DFD84F8305070BD78
:1035500070B50D46FEF7F2F8040000D1FFDF4FF41E
:10356000B8720021284609F00EFF2434012105F12C
:10357000E0002C610EF06AFA002800D0FFDF70BD79
:103580000A46014602F1E0000EF081BA70B5054628
:10359000406886B00178082906D00B2933D00C2961
:1035A0002FD0FFDF06B070BD46883046FEF7C6F864
:1035B000040000D1FFDF20782128F3D028281BD178
:1035C000686802210C3000F0A0FFA8B168680821EB
:1035D000001D00F09AFF78B104F1240130460BF091
:1035E000A8FC04F091FB00B1FFDF06B02046BDE867
:1035F00070402921FDF711BF06B0BDE8704004F00E
:1036000069BD01218171686886883046FEF796F8A9
:10361000040000D1FFDF20782128C3D068688179B9
:1036200009B1807808B1FFDFBCE704F053FDA07F4B
:10363000000622D5E07FC00705D094F8200000F0F6
:103640001F00102817D0052084F82300207829288F
:1036500015D02428A6D13146042010F05FFB22218A
:103660002046FDF7DAFE012130460CF039FD002836
:1036700098D0FFDF96E70620E6E70420E4E7012183
:1036800030460CF01BFD050000D1FFDF2521204650
:10369000FDF7C3FE03208DF80000694605F1E00048
:1036A0000EF0ECF90228BFD00028BDD0FFDF79E78B
:1036B0002DE9F04788B09A46164688468146FEF7BF
:1036C0003DF805003AD02878222837D3232835D072
:1036D000E87F000732D40027012148460CF0EEFCB9
:1036E000040005D10121002248460CF0DEFC04460E
:1036F000694600F066FF009800B9FFDF00983CB112
:10370000E03404612878222804D0242802D005E07F
:10371000076103E025212846FDF77FFE009801217F
:103720004170C0F824908680C0E9028A01A90EF099
:10373000C0F9022802D0002800D0FFDF08B00EE553
:1037400070B586B00546FDF7F9FF0078222814D938
:10375000012128460CF0B2FC04002CD1FFDF2AE046
:10376000B4F85E0004F1620630440178427829B171
:1037700021462846FFF72EFDB0B913E7ADF8042027
:103780000921284602AB05F0A2FA03900028F4D0E4
:1037900005208DF80000694604F1E0000EF06EF996
:1037A000022801D000B1FFDF02231022314604F1CC
:1037B0005E000CF052FBB4F860000028D0D1F1E6B6
:1037C00010B586B00446FDF7B9FF0078222811D95C
:1037D000012120460CF072FC040000D1FFDF06201E
:1037E0008DF80000694604F1E0000EF047F900286A
:1037F00000D0FFDF06B010BD2DE9F84F0546007878
:103800000C460027010904F1080090463E46BA46DE
:10381000009002297ED0072902D00A2909D142E06E
:1038200068680178082905D00B292CD00C292AD0EA
:10383000FFDF72E114271C26002C6CD04088A0808A
:10384000FDF77CFF5FEA000900D1FFDF99F8170060
:1038500009F118014008009AFDF74BFF686880895C
:10386000208268684168C4F812108068C4F81600A5
:10387000A07E20F0060040F00100A07699F81E001E
:1038800040F020014FE01A270A26002CD5D080886E
:10389000A080FDF753FF050000D1FFDF2846009907
:1038A000FFF769FC39E10CB1A88BA080287A4FF0B2
:1038B000010B0B287ED006DC01287CD0022808D022
:1038C000032804D137E00D2876D00E2875D0FFDF0D
:1038D00023E11E270926002CAFD0A088FDF72EFF7C
:1038E0005FEA000900D1FFDF287B00F00300012818
:1038F000207A1DD020F001002072297B890861F315
:1039000041002072297BC90861F382002072297B63
:10391000090901E0F7E0AEE061F3C300207299F815
:103920001E0040F0400189F81E10F6E0D40100208E
:1039300040F00100E0E713270D26002CA6D0A08858
:10394000FDF7FCFE81460121A0880CF0B7FB0500C5
:1039500000D1FFDF686F817801F003010129217A2E
:1039600050D021F00101217283789B0863F341015B
:1039700021728378DB0863F38201217283781B094B
:1039800063F3C3012172037863F306112172437854
:1039900063F3C711217284F809A0C178A17202797A
:1039A000E17A62F30001E1720279520862F34101A7
:1039B000E17203E029E067E04EE05FE002799208FF
:1039C00062F38201E1720279D20862F3C301E1720B
:1039D0004279217B62F3000121734279520862F33C
:1039E000410121734279920862F382012173407987
:1039F000C00860F3C301217399F8000023282AD975
:103A0000262139E041F00101ADE71827102694B3D3
:103A1000A088FDF793FE00900121A0880CF04EFBDA
:103A20005FEA000900D1FFDFE868A06099F80000B4
:103A300040F0040189F8001099F80100800708D5CA
:103A400084F80CB000980078232866D927210098C4
:103A500052E084F80CA060E015270F265CB1A08826
:103A6000FDF76CFE81460622E868009909F0E9FC42
:103A700084F80EB085E042E048463DE0162709266E
:103A8000ECB3287B207248E0287B19270E26B4B3BC
:103A9000C4F808A0A4F80CA0012807D0022808D078
:103AA00003280CD004280AD0FFDF15E084F808B002
:103AB00001E002202072607A20F003000BE0697BB5
:103AC000042801F00F0141F080012172F3D1607AE6
:103AD00020F00300401C6072A088FDF72FFE054611
:103AE0000078212819D0232800D0FFDF0121A088E9
:103AF0000CF0F6FA22212846FDF78FFC0DE0FFE7D7
:103B0000A8F800600EE00CB16888A080287A10B395
:103B1000012809D002283AD0FFDFA8F800600CB1D4
:103B200027806680002007E415270F26002CE7D0A9
:103B3000A088FDF703FE0121A0880CF0BFFA050064
:103B400000D1FFDFD5F81D000622009909F079FCAD
:103B500084F80EA0E1E717270926002CD0D0A08812
:103B6000FDF7ECFD81460121A0880CF0A7FA0500C5
:103B700000D1FFDF6878800701D5022000E0012036
:103B8000207299F800002328C7D9272174E7192744
:103B90000E26002CB4D0A088FDF7D0FD5FEA000906
:103BA00000D1FFDFC4F808A0A4F80CA084F808A096
:103BB000A07A40F00300A07299F81E10C90961F3C1
:103BC0008200A07299F81F2099F81E1012EAD11FE6
:103BD00005D099F8201001F01F01102925D020F000
:103BE0000800A07299F81F10607A61F3C300607238
:103BF000697A01F0030101298FD140F0040060725D
:103C0000E87A217B60F300012173AA7A607B62F37A
:103C100000006073EA7A520862F341012173A97AC5
:103C2000490861F34100607377E740F00800D8E786
:103C300010B5F84C30B10146102204F1200009F013
:103C400078FB012084F8300010BD10B5044600F068
:103C5000A8FCF04920461022BDE81040203109F0B0
:103C600068BB70B5EB4D06004FF0000412D0FDF7B5
:103C7000E2FA08B110240BE00621304609F0C8FB37
:103C8000411C04D02866012085F85C0000E0072470
:103C9000204670BD0020F7E7007810F00F0204D036
:103CA000012A05D0022A0CD110E0000909D10AE04E
:103CB0000009012807D0022805D0032803D00428D2
:103CC00001D0072070470870002070470620704719
:103CD00005282AD2DFE800F003070F171F00087835
:103CE00020F0FF001EE0087820F00F00401C20F0BC
:103CF000F000103016E0087820F00F00401C20F093
:103D0000F00020300EE0087820F00F00401C20F07A
:103D1000F000303006E0087820F00F00401C20F062
:103D2000F0004030087000207047072070472DE9F0
:103D3000F043804687B00D464FF000090846FDF776
:103D4000C7FAA8B94046FDF7F9FC060003D0307861
:103D500022280BD104E043F2020007B0BDE8F08353
:103D600035B1B07FC10601D4000703D50820F4E7C0
:103D70001020F2E7F07F000701D50D20EDE70027C6
:103D8000012140460CF09AF9040006D101210022DD
:103D900040460CF08AF9040005D0694600F011FC99
:103DA000009818B901E00420D7E7FFDF009802214E
:103DB000E0344170C0F82480446107810121017121
:103DC000297801F00102017E62F3010101762A786F
:103DD000520862F3820101762A78920862F3C301E5
:103DE00001762A78D20862F3041101762421304644
:103DF000FDF713FB01A900980DF05BFE022801D02E
:103E000000B1FFDF4846A8E72DE9FF4F0E46824983
:103E1000904697B09A4607C914AB4FF0000983E863
:103E200007001798FDF78AFC050006D02878262899
:103E300006D008201BB0BDE8F08F43F20200F9E77E
:103E400026B94046FFF7F2F80028F3D10121179870
:103E50000CF034F9040000D1FFDF852E27D007DCF9
:103E6000EEB1812E1DD0822E1DD0832E08D11CE0F4
:103E7000862E1ED0882E1ED0892E1ED08A2E1ED0B1
:103E80000F2020710F281CD004F020F9D8B1012098
:103E90008DF83400201D0E902079B0B126E100206D
:103EA000EFE70120EDE70220EBE70320E9E705203B
:103EB000E7E70620E5E70820E3E70920E1E70A2035
:103EC000DFE70720B6E71120B4E798F80000D4E94F
:103ED0001D764208A87F002162F3C710A87798F8E2
:103EE00000008208E87F62F30000E87798F800009D
:103EF000C209607862F34100607098F8000002091E
:103F0000207862F34710207098F80000C2086078AB
:103F100062F30000607098F80100607198F800008A
:103F200000F00102B07862F30100B070AA7FD209FC
:103F300062F38200B070EA7F62F3C300B07062780F
:103F400062F30410B0702278C0F3C00052093270DE
:103F50006278C2F34002727098F80220F2707171B8
:103F60003171B978C1F3C00108405FEA000B2ED06F
:103F70005046FDF760F978BBDAF80C00FDF75BF905
:103F800050BBDAF81C00FDF756F928BBDAF80C0034
:103F9000A060DAF81C00E06060787A7842EA5001AC
:103FA00061F341006070B978C0B200EA111161F3A9
:103FB000000060700020207705F117006061681C28
:103FC000A061B07800F00300012806D046E06078D8
:103FD0007A7802EA5001E3E719E0B87800F00300CC
:103FE00001283BD1321D711D404600F099FA31790C
:103FF000387901408DF8281070797A7910408DF861
:10400000300001432AD05046FDF715F930B1102099
:1040100010E70000D4010020E8B001000AF1100010
:1040200004F5AE7304F18C028DE80D0000210AAB9B
:104030005A462046FFF73DF80028E9D104F5B07252
:1040400004F1A403CDF800A0CDE9013201210CABAD
:104050005A462046FFF72DF80028D9D1607880070E
:1040600022D4B078B978C0F38000C1F3800108434E
:104070001AD0307814AA397832F810204B00DA4080
:1040800002F00309B9F1030F01D14FF00209BBF1AE
:10409000000F09D0012801D0042805D1012901D041
:1040A000042901D14FF00409A87F40F08000A877CF
:1040B000E97F6BF30001E9776078800706D503207C
:1040C000A071BBF1000F11D100202CE00220B9F14A
:1040D000020F1AD0B9F1010F19D0B9F1040F2AD08B
:1040E0000020A071A87F20F08000A8772521284615
:1040F000FDF793F90DA904F1E0000DF0BFFC10B13C
:10410000022800D0FFDF002094E6A071DCE7A07158
:104110000D22002104F1200009F035F9207840F04B
:104120000200207001208DF84C0013AA2946179830
:1041300000F020FADAE70120A071D7E72DE9F0437B
:1041400087B09046894604460025FDF7F7FA070038
:1041500004D03878272804D00820FEE543F2020076
:10416000FBE5012120460BF0A9FF040000D1FFDF91
:10417000A6795FEA090005D0012821D0B9F1020F24
:1041800026D110E0B8F1000F22D1012E05D0022E69
:1041900005D0032E05D0FFDF2EE00C252CE00125F5
:1041A0002AE0022528E04046FDF745F8B0B9032E85
:1041B0000ED11022414604F11D0009F0BAF81BE0AF
:1041C000012E02D0022E03D104E0B8F1000F13D06B
:1041D0000720C2E54046FDF72EF808B11020BCE5E7
:1041E0001022002104F11D0009F0CDF806214046FF
:1041F00009F00EF9C4F81D002078252140F00200D6
:1042000020703846FDF709F92078C10713D020F057
:104210000100207002208DF8000004F11D000290C2
:104220008DF804506946C3300DF028FC022803D0F5
:1042300010B1FFDF00E0257700208EE530B587B0B4
:104240000D460446FDF77AFA60B1012120460BF0D5
:1042500035FF04000CD02846FCF7EDFF28B11020F4
:1042600007B030BD43F20200FAE72078400701D4DE
:104270000820F5E7294604F13D002022054609F013
:1042800058F8207840F01000207001070FD520F07A
:104290000800207007208DF80000694604F1E00056
:1042A00001950DF0EBFB022801D000B1FFDF0020EB
:1042B000D6E770B50D460646FDF740FA18B100780E
:1042C000272817D102E043F2020070BD01213046D9
:1042D0000BF0F4FE040000D1FFDFA079022809D121
:1042E0006078C00706D02A4621463046FEF772FFA6
:1042F00010B10FE0082070BDB4F860000E280BD29A
:1043000004F1620102231022081F0BF070FD01214D
:1043100001704570002070BD112070BD70B506465B
:1043200014460D460846FCF786FF18B92046FCF7F0
:10433000A8FF08B1102070BDA6F57F40FF380ED051
:104340003046FDF7FBF938B1417822464B08811C15
:104350001846FDF7CEF907E043F2020070BD204693
:10436000FDF753FF0028F9D11021E01D0FF0EFF900
:10437000E21D294604F1170000F033F9002070BD5A
:104380002DE9F04104468AB015460E46002708463E
:10439000FCF79EFF18B92846FCF79AFF18B11020C9
:1043A0000AB0BDE8F0812046FDF7C8F95FEA0008D1
:1043B00004D098F80000272810D102E043F2020050
:1043C000EEE7012120460BF079FE040000D1FFDF6B
:1043D0002078400702D56078800701D40820DFE705
:1043E000D4E91D01497801B18DB1407800B176B1B1
:1043F000ADB1EA1D06A8E16800F0F3F8102206A9A5
:1044000005F1170008F068FF18B1042707E007203E
:10441000C6E71022E91D04F12D0008F08AFF2EB135
:104420001022F11D04F11D0008F083FF20782521E2
:1044300040F0020020704046FCF7EFFF2078C107F3
:1044400015D020F00100207002208DF8000004F14A
:104450001D000290103003908DF804706946B3304F
:104460000DF00CFB022803D010B1FFDF00E027772E
:10447000002095E770B50D4606460BB1072070BDCC
:10448000FDF75CF9040007D02078222802D3A07F32
:10449000800604D4082070BD43F2020070BDADB1A7
:1044A000294630460AF045FD03F02EFC297C4A08D7
:1044B000A17F62F3C711A177297CE27F61F300023B
:1044C000E277297C890884F8201004E030460AF05D
:1044D00053FD03F019FCA17F21F02001A17770BDED
:1044E00070B50D46FDF72AF9040005D02846FCF703
:1044F000C8FE20B1102070BD43F2020070BD2946F5
:104500002046FEF738FE002070BD04E010F8012BB5
:104510000AB100207047491E89B2F7D201207047C6
:1045200010B5C4780B7864F300030B70C47864088A
:1045300064F341030B70C478A40864F382030B7026
:10454000C478E40864F3C3030B700379117863F350
:104550000001117003795B0863F341011170037965
:104560009B0863F3820111700079C00860F3C301F6
:10457000117010BD70B51546064603F0A7FD040086
:1045800000D1FFDF207820F00F00801C20F0F00029
:104590002030207066802868A060BDE8704003F07D
:1045A00099BD10B5134C94F83000002808D104F1DF
:1045B0002001A1F110000DF0A3FA012084F83000D1
:1045C00010BD10B190F8B9202AB10A4890F8350012
:1045D00018B1002003E0B83001E00648343008602C
:1045E000704708B50023009313460A460BF065FF99
:1045F00008BD0000D4010020F0B5007B059F1E46D9
:1046000014460D46012800D0FFDF0C2030803A20F0
:104610003880002C08D0287A032806D0287B01286F
:1046200000D0FFDF17206081F0BDA889FBE72DE9EE
:10463000F04786B0144691F80C900E9A0D46B9F1E9
:10464000010F0BD01021007B2E8A8846052807D049
:10465000062833D0FFDF06B0BDE8F0870221F2E77D
:10466000E8890C2100EB400001EB4000188033206A
:104670001080002CEFD0E889608100271AE00096B6
:10468000688808F1020301AA696900F086FF06EB59
:104690000800801C07EB470186B204EB4102BDF81D
:1046A000040090810DF1060140460E320DF09EFA95
:1046B0007F1CBFB26089B842E1D8CCE734201080BB
:1046C000E889B9F1010F11D0122148430E3018804A
:1046D000002CC0D0E88960814846B9F1010F00D0B4
:1046E0000220207300270DF1040A1FE00621ECE7E9
:1046F0000096688808F1020301AA696900F04DFF7D
:1047000006EB0800801C86B2B9F1010F12D007EB4E
:10471000C70004EB4000BDF80410C18110220AF16B
:104720000201103008F005FE7F1CBFB26089B8425C
:10473000DED890E707EB470104EB4102BDF8040027
:10474000D0810AF10201404610320DF04FFAEBE73A
:104750002DE9F0470E4688B090F80CC096F80C8012
:10476000378AF5890C20109902F10C044FF0000AE9
:10477000BCF1030F08D0BCF1040F3FD0BCF1070F10
:104780007ED0FFDF08B067E705EB850C00EB4C003F
:10479000188031200880002AF4D0A8F1060000F02B
:1047A000FF09558126E01622002101A808F0EBFD43
:1047B00000977088434601AA716900F0EEFEBDF8CB
:1047C00004002080BDF80600E080BDF808002081CC
:1047D000A21C0DF10A0148460DF008FAB9F1000FCC
:1047E00000D018B184F804A0A4F802A007EB0800D8
:1047F00087B20A346D1EADB2D5D2C3E705EB850C86
:1048000000EB4C00188032200880002ABAD0A8F1B2
:10481000050000F0FF09558137E000977088434696
:1048200001AA716900F0B9FE9DF80600BDF80410F8
:10483000E1802179420860F3000162F341018208BE
:1048400062F38201C20862F3C301020962F3041138
:10485000420962F34511820962F386112171C00990
:104860006071BDF80700208122460DF1090148461C
:104870000DF0BCF918B184F802A0A4F800A000E083
:1048800007E007EB080087B20A346D1EADB2C4D250
:1048900078E7A8F1020084B205FB08F000F10E0CE5
:1048A000A3F800C035230B80002AA6D0558194813F
:1048B000009783B270880E32716900F06EFE61E776
:1048C0002DE9F84F1E460A9D0C4681462AB1607AB2
:1048D00000F58070D080E089108199F80C000C27D9
:1048E0004FF000084FF00E0A0D2872D2DFE800F0FA
:1048F0009D070E1B272F374554697272720021469F
:1049000048460095FFF778FEBDE8F88F207B91467A
:10491000082802D0032800D0FFDF3780302009E0CC
:10492000A9F80A80F0E7207B9146042800D0FFDF39
:10493000378031202880B9F1000FF1D1E4E7207BE6
:104940009146042800D0FFDF37803220F2E7207B39
:104950009146022800D0FFDF37803320EAE7207B32
:104960001746022800D0FFDF3420A6F800A02880D8
:10497000002FC9D0A7F80A80C6E7207B1746042875
:1049800000D0FFDF3520A6F800A02880002FBBD084
:104990004046A7F80A8012E0207B1746052802D07F
:1049A000062800D0FFDF1020308036202880002F1E
:1049B000AAD0E0897881A7F80E80B9F80E00B881F6
:1049C000A2E7207B9146072800D0FFDF3780372001
:1049D000B0E72AE04FF0120018804FF038001700BF
:1049E000288091D0E0897881A7F80E80A7F8108000
:1049F00099F80C000A2805D00B2809D00C280DD0F6
:104A0000FFDF81E7207B0A2800D0FFDF01200AE0DA
:104A1000207B0B2800D0FFDF042004E0207B0C2843
:104A200000D0FFDF052038736EE7FFDF6CE770B55D
:104A30000C460546FCF782FE20B10078222804D2FD
:104A4000082070BD43F2020070BD052128460BF01E
:104A500035FB206008B1002070BD032070BD30B46C
:104A60004880087820F00F00C01C20F0F000903043
:104A700001F8080B1DCA81E81D0030BC03F02ABBF9
:104A80002DE9FF4784B00027824602970798904699
:104A90008946123006F043FB401D20F003060798BC
:104AA00028B907A95046FFF7C2FF002854D1B9F131
:104AB000000F05D00798017B19BB052504681BE092
:104AC00098F80000092803D00D2812D0FFDF46E037
:104AD000079903254868B0B3497B428871439142E6
:104AE00039D98AB2B3B2011D0BF06DF904460780C3
:104AF00002E0079C042508340CB1208810B1032D76
:104B000029D02CE007980121123006F03AFBADF8CD
:104B10000C00024602AB2946504604F0D8F80700C4
:104B200001D1A01C029007983A461230C8F8040040
:104B3000A8F802A003A94046029B06F02FFBD8B1BB
:104B40000A2817D200E006E0DFE800F00709141495
:104B5000100B0D141412132014E6002012E611207D
:104B600010E608200EE643F203000BE6072009E6F4
:104B70000D2007E6032005E6BDF80C002346CDE92D
:104B800000702A465046079900F017FD57B9032DCB
:104B900008D10798B3B2417B406871438AB2011DC6
:104BA0000BF025F9B9F1000FD7D0079981F80C90D7
:104BB000D3E72DE9FE4F91461A881C468A46804667
:104BC000FAB102AB494604F082F8050019D040461C
:104BD000A61C27880BF0B7FB3246072629463B4622
:104BE00000960AF0D6FF20882346CDE900504A46B9
:104BF0005146404600F0E1FC002020800120BDE845
:104C0000FE8F0020FBE710B586B01C46AAB1042336
:104C10008DF800301388ADF808305288ADF80A20BE
:104C20008A788DF80E200988ADF80C1000236A46AA
:104C30002146FFF725FF06B010BD1020FBE770B539
:104C40000D4605210BF03AFA040000D1FFDF29469A
:104C500004F11200BDE8704006F07CBA2DE9F8437B
:104C60000D468046002603F031FA044628781028C5
:104C700078D2DFE800F0773B3453313112313131F3
:104C80000831313131312879001FC0B2022801D0FA
:104C9000102810D114BBFFDF35E004B9FFDF052178
:104CA00040460BF00BFA007B032806D004280BD0FB
:104CB000072828D0FFDF072655E02879801FC0B2DB
:104CC000022820D050B1F6E72879401FC0B2022850
:104CD00019D0102817D0EEE704B9FFDF13E004B9AC
:104CE000FFDF287901280ED1172137E00521404642
:104CF0000BF0E4F9070000D1FFDF07F11201404695
:104D000006F005FA2CB12A4621464046FFF7A7FED9
:104D100029E013214046FDF743FD24E004B9FFDFFD
:104D2000052140460BF0CAF9060000D1FFDF6946B5
:104D300006F1120006F0F5F9060000D0FFDFA988A1
:104D4000172901D2172200E00A46BDF8000082426E
:104D500002D9014602E005E01729C5D3404600F01C
:104D60003CFCD0E7FFDF3046BDE8F883401D20F073
:104D7000030219B102FB01F0001D00E00020104405
:104D8000704713B5009848B1002468460AF0C5FF83
:104D9000002C02D1F74A009911601CBD01240020AB
:104DA000F4E72DE9F0470C46154624220021204661
:104DB00008F0E9FA05B9FFDFA87860732888DFF802
:104DC000B4A3401D20F00301AF788946DAF8000053
:104DD0000AF0C1FF060000D1FFDF4FF00008266097
:104DE000A6F8008077B109FB07F1091D0AD0DAF8AF
:104DF00000000AF0B0FF060000D1FFDF6660C6F8D1
:104E0000008001E0C4F80480298804F11200BDE8A4
:104E1000F04706F06DB92DE9F047804601F1120028
:104E20000D46814606F07BF9401DD24F20F003026B
:104E30006E7B1446296838680AF0B8FF3EB104FB5F
:104E400006F2121D03D0696838680AF0AFFF05202A
:104E50000BF0E0F8044605200BF0E4F8201A0128D6
:104E600002D138680AF06CFF49464046BDE8F04779
:104E700006F054B970B5054605210BF01FF9040082
:104E800000D1FFDF04F112012846BDE8704006F0B2
:104E90003EB92DE9F04F91B04FF0000BADF834B0B2
:104EA000ADF804B047880C460546924605213846C1
:104EB0000BF004F9060000D1FFDF24B1A780A4F8AD
:104EC00006B0A4F808B0297809220B20B2EB111F14
:104ED0007ED12A7A04F1100138274FF00C084FF0E8
:104EE00001090391102A74D2DFE802F073F3F2F1A2
:104EF0008008D3898EA03DDCF4EFB7B7307B022861
:104F000000D0FFDFA88908EBC001ADF80410302104
:104F1000ADF83410002C25D06081B5F80E90002734
:104F20001DE004EBC708317C88F80E10F189A8F861
:104F30000C10CDF800906888042304AA296900F0B9
:104F40002CFBBDF81010A8F8101009F10400BDF8F2
:104F500012107F1C1FFA80F9A8F81210BFB26089E6
:104F6000B842DED80EE1307B022800D0FFDFE989AD
:104F700008EBC100ADF804003020ADF83400287B08
:104F80000A90001FC0B20F90002CEBD06181B5F8E1
:104F90001090002726E000BFCDF80090688869696E
:104FA00003AA0A9B00F0F9FA0A9804EBC7084844E0
:104FB0001FFA80F908F10C0204A90F980CF016FEF4
:104FC00018B188F80EB0A8F80CB0BDF80C1001E0CC
:104FD000D4E0D1E0A8F81010BDF80E107F1CA8F89E
:104FE0001210BFB26089B842D6D8CBE00DA80090AD
:104FF00001AB224629463046FFF719FBC2E0307B61
:10500000082805D0FFDF03E0307B082800D0FFDF51
:10501000E8891030ADF804003620ADF83400002CDB
:105020003FD0A9896181F189A18127E0307B0928DE
:1050300000D0FFDFA88900F10C01ADF80410372182
:10504000ADF83410002C2CD06081E8890090AB8939
:10505000688804F10C02296956E0E889392110308A
:1050600080B2ADF80400ADF83410002C74D0A989DA
:105070006181287A0E280AD002212173E989E18111
:10508000288A0090EB8968886969039A3CE00121CD
:10509000F3E70DA8009001AB224629463046FFF702
:1050A00057FB6FE0307B0A2800D0FFDF1220ADF8FD
:1050B0000400ADF834704CB3A9896181A4F810B034
:1050C000A4F80EB084F80C905CE020E002E031E03F
:1050D00039E042E0307B0B2800D0FFDF288AADF8B2
:1050E00034701230ADF8040084B104212173A98911
:1050F0006181E989E181298A2182688A00902B8A6D
:10510000688804F11202696900F047FA3AE0307BDE
:105110000C2800D0FFDF1220ADF80400ADF8347089
:105120003CB305212173A4F80AB0A4F80EB0A4F88A
:1051300010B027E00DA8009001AB2246294630466A
:10514000FFF75AFA1EE00DA8009001AB224629464F
:105150003046FFF7B5FB15E034E03B21ADF8040025
:10516000ADF8341074B3A4F80690A4F808B084F82D
:105170000AB007E010000020FFDF03E0297A0129D0
:1051800017D0FFDFBDF80400AAF800006CB1BDF82D
:1051900034002080BDF804006080BDF83400392858
:1051A00003D03C2801D086F80CB011B00020BDE837
:1051B000F08F3C21ADF80400ADF8341014B1697AD9
:1051C000A172DFE7AAF80000EFE72DE9F84356885F
:1051D0000F4680461546052130460AF06FFF040051
:1051E00000D1FFDF123400943B46414630466A68E6
:1051F00006F008F9B8E570B50D4605210AF05EFF26
:10520000040000D1FFDF294604F11200BDE8704020
:1052100005F092BF70B50D4605210AF04FFF04005E
:1052200000D1FFDF294604F11200BDE8704005F00F
:10523000B0BF70B5054605210AF040FF040000D15B
:10524000FFDF04F1080321462846BDE87040042230
:10525000AFE470B5054605210AF030FF040000D127
:10526000FFDF214628462368BDE870400522A0E400
:1052700070B5064605210AF021FF040000D1FFDFCA
:1052800004F1120005F04BFF401D20F0030511E072
:10529000011D00880322431821463046FFF789FC90
:1052A00000280BD0607BABB2684382B26068011DFE
:1052B0000AF0D3FD606841880029E9D170BD70B55E
:1052C0000E46054602F002FF040000D1FFDF012078
:1052D000207266726580207820F00F00C01C20F0DC
:1052E000F00030302070BDE8704002F0F3BE2DE9D0
:1052F000F0438BB00D461446814606A9FFF797FB95
:10530000002814D14FF6FF7601274FF420588CB1B6
:1053100003208DF800001020ADF8100007A80590BC
:1053200007AA204604A90CF080FC78B107200BB036
:10533000BDE8F0830820ADF808508DF80E708DF8A8
:105340000000ADF80A60ADF80C800CE00698A1787A
:1053500001742188C1818DF80E70ADF80850ADF848
:105360000C80ADF80A606A4602214846069BFFF7AA
:1053700087FBDCE708B501228DF8022042F6020225
:10538000ADF800200A4603236946FFF73CFC08BD40
:1053900008B501228DF8022042F60302ADF8002084
:1053A0000A4604236946FFF72EFC08BD00B587B006
:1053B00079B102228DF800200A88ADF808204988CA
:1053C000ADF80A1000236A460521FFF759FB07B024
:1053D00000BD1020FBE709B1072314E40720704744
:1053E00070B588B00D461446064606A9FFF71FFBA8
:1053F00000280ED17CB10620ADF808508DF80000D1
:10540000ADF80A40069B6A460821DC813046FFF76A
:1054100037FB08B070BD05208DF80000ADF80850CE
:10542000F0E700B587B059B107238DF80030ADF82B
:105430000820039100236A460921FFF721FBC6E7F4
:105440001020C4E770B588B00C460646002506A9B2
:10545000FFF7EDFA0028DCD106980121123005F0A3
:1054600090FE9CB12178062921D2DFE801F02005C9
:1054700005160318801E80B2C01EE28880B20AB1F1
:10548000A3681BB1824203D90C20C2E71020C0E7F9
:10549000042904D0A08850B901E00620B9E7012909
:1054A00013D0022905D004291CD005292AD00720B1
:1054B000AFE709208DF800006088ADF80800E088AB
:1054C000ADF80A00A068039023E00A208DF80000E0
:1054D0006088ADF80800E088ADF80A00A0680A25E9
:1054E000039016E00B208DF800006088ADF80800EE
:1054F000A088ADF80A00E088ADF80C00A0680B2584
:10550000049006E00C208DF8000060788DF808000B
:105510000C256A4629463046069BFFF7B1FA78E724
:1055200000B587B00D228DF80020ADF808100023DB
:105530006A461946FFF7A4FA49E700B587B071B18A
:1055400002228DF800200A88ADF808204988ADF8BD
:105550000A1000236A460621FFF792FA37E7102067
:1055600035E770B586B0064601200D46ADF8081047
:105570008DF80000014600236A463046FFF780FAA6
:10558000040008D12946304601F006FB00213046D0
:1055900001F020FB204606B070BDF8B51C4615464C
:1055A0000E46069F0AF0BDFE2346FF1DBCB23146E3
:1055B0002A4600940AF0B9FAF8BD30B41146DDE984
:1055C00002423CB1032903D0002330BC04F013BCD9
:1055D0000123FAE71A8030BC704770B50C460546C7
:1055E000FFF72DFB2146284601F0E5FA2846BDE8E5
:1055F0007040012101F0EEBA18B18178012938D14B
:1056000001E010207047018842F60112881A914289
:1056100031D018DC42F60102A1EB020091422AD0FF
:105620000CDC41B3B1F5C05F25D06FF4C050081851
:1056300021D0A0F57060FF381BD11CE001281AD0E2
:1056400002280AD117E0B0F5807F14D008DC0128C9
:1056500011D002280FD003280DD0FF2809D10AE06D
:10566000B0F5817F07D0A0F58070033803D0012802
:1056700001D0002070470F2070470A281FD008DC97
:105680000A2818D2DFE800F0191B1F1F171F231D5F
:105690001F21102815D008DC0B2812D00C2810D0A0
:1056A0000D2816D00F2806D10DE011280BD0842824
:1056B0000BD087280FD003207047002070470520AB
:1056C0007047072070470F2070470420704706205E
:1056D00070470C20704743F20200704738B50C4603
:1056E000050041D06946FEF7D7FA002819D19DF888
:1056F0000010607861F3020060706946681CFEF774
:10570000CBFA00280DD19DF80010607861F3C50038
:105710006070A978C1F34101012903D0022905D0A5
:10572000072038BD217821F0200102E0217841F0E6
:1057300020012170410704D0A978C90861F38610BF
:105740006070607810F0380F07D0A978090961F30C
:10575000C710607010F0380F02D16078400603D592
:10576000207840F040002070002038BD70B504461D
:105770000020088015466068FFF7B0FF002816D1AA
:105780002089A189884211D860688078C0070AD032
:10579000B1F5007F0AD840F20120B1FBF0F200FB26
:1057A0001210288007E0B1F5FF7F01D90C2070BDF1
:1057B00001F201212980002070BD10B50478137812
:1057C00064F3000313700478640864F341031370F6
:1057D0000478A40864F3820313700478E40864F383
:1057E000C30313700478240964F30413137004785A
:1057F000640964F3451313700078800960F386131D
:10580000137031B10878C10701D1800701D501209B
:1058100000E0002060F3C713137010BD42785307F7
:1058200002D002F0070306E012F0380F02D0C2F3F4
:10583000C20300E001234A7863F302024A70407811
:1058400010F0380F02D0C0F3C20005E0430702D0C9
:1058500000F0070000E0012060F3C5024A707047C5
:105860002DE9F04F95B00D00824613D01222002191
:10587000284607F088FD4FF6FF7B05AA0121584610
:1058800007F049FB0024264637464FF420586FF4B2
:10589000205972E0102015B0BDE8F08F9DF81E0071
:1058A00001280AD1BDF81C1041450BD011EB0900AD
:1058B0000AD001280CD002280CD0042C0ED0052CC4
:1058C0000FD10DE0012400E00224BDF81A6008E0C9
:1058D000032406E00424BDF81A7002E0052400E069
:1058E0000624BDF81A10514547D12C74BEB34FF0B1
:1058F000000810AA4FF0070ACDE90282CDE900A8FE
:105900000DF13C091023CDF810904246314658461F
:1059100007F0D1FB08BBBDF83C002A46C0B210A975
:105920000CF064F9C8B9AE81CFB1CDE900A80DF192
:10593000080C0AAE40468CE8410213230022394687
:10594000584607F0B8FB40B9BDF83C00F11CC01E3A
:10595000C0B22A1D0CF04AF910B103209BE70AE0FF
:10596000BDF82900E881062C05D19DF81E00A8721B
:10597000BDF81C00288100208DE705A807F0D7FAA4
:1059800000288BD0FFF779FE85E72DE9F0471C460C
:10599000DDE90978DDF8209015460E00824600D139
:1059A000FFDF0CB1208818B1D5B11120BDE8F08718
:1059B000022D01D0012100E0002106F1140006F0C3
:1059C00073F9A8F8000002463B462946504603F00A
:1059D0007EF9C9F8000008B9A41C3C600020E5E786
:1059E0001320E3E7F0B41446DDE904528DB100233F
:1059F00014B1022C09D101E0012306E00D7CEE0771
:105A000003D025F0010501230D742146F0BC04F0FC
:105A1000F2B91A80F0BC70472DE9FE4F91461A8802
:105A20001C468A468046FAB102AB494603F04FF95C
:105A3000050019D04046A61C27880AF084FC32468F
:105A4000072629463B4600960AF0A3F820882346FD
:105A5000CDE900504A4651464046FFF7C3FF0020BB
:105A600020800120BDE8FE8F0020FBE72DE9F047F4
:105A700086B082460EA8904690E8B000894604AAF7
:105A800005A903A88DE807001E462A462146504670
:105A9000FFF77BFF039901B101213970002818D16C
:105AA000FA4904F1140204AB0860039805998DE8E3
:105AB000070042464946504606F0A9FCA8B109280D
:105AC00011D2DFE800F005080510100A0C0C0E00DA
:105AD000002006B06AE71120FBE70720F9E708205D
:105AE000F7E70D20F5E70320F3E7BDF81010039862
:105AF000CDE9000133462A4621465046FFF772FFA2
:105B0000E6E72DE9F04389B01646DDE910870D463A
:105B100081461C461422002103A807F034FC012012
:105B200002218DF810108DF80C008DF81170ADF871
:105B3000146064B1A278D20709D08DF81600E0880D
:105B4000ADF81A00A088ADF81800A068079008A862
:105B50000095CDE90110424603A948466B68FFF75E
:105B600085FF09B0BDE8F083F0B58BB00024064690
:105B7000069407940727089405A8099401940097B0
:105B80000294CDE903400D4610232246304607F02B
:105B900092FA78B90AA806A9019400970294CDE96F
:105BA0000310BDF8143000222946304607F021F8D2
:105BB000002801D0FFF761FD0BB0F0BD06F0B2BECA
:105BC0002DE9FC410C468046002602F07FFA05468E
:105BD00020780D287ED2DFE800F0BC0713B325BD86
:105BE00049496383AF959B00A848006820B141787C
:105BF00041F010014170ADE0404602F099FAA9E091
:105C0000042140460AF05AFA070000D1FFDF07F1ED
:105C10001401404605F0DDFFA5BB13214046FCF70B
:105C2000BFFD97E0042140460AF048FA070000D182
:105C3000FFDFE088ADF800000020B8819DF800008B
:105C4000010704D5C00602D5A088B88105E09DF8FB
:105C5000010040067ED5A088F88105B9FFDF224605
:105C60002946404601F0C0FC022673E0E188ADF809
:105C700000109DF8011009060FD5072803D006284B
:105C80000AD00AE024E0042140460AF017FA060090
:105C900000D1FFDFA088F0810226CDB9FFDF17E039
:105CA000042140460AF00AFA070000D1FFDF07F19D
:105CB000140006F06EFE90F0010F02D1E0790006AC
:105CC00048D5387C022640F00200387405B9FFDF61
:105CD000224600E03DE02946404601F085FC39E0DF
:105CE000042140460AF0EAF9017C002D01F0020689
:105CF000C1F340016171017C21F002010174E7D11F
:105D0000FFDFE5E702260121404602F043FA21E0E9
:105D1000042140460AF0D2F90546606800902089C7
:105D2000ADF8040001226946404602F054FA287C8E
:105D300020F0020028740DE0002DC9D1FFDFC7E775
:105D4000022600214046FFF765FA002DC0D1FFDF93
:105D5000BEE7FFDF3046BDE8FC813EB50C0009D050
:105D600001466B4601AA002007F02AFA20B1FFF78E
:105D700084FC3EBD10203EBD00202080A0709DF818
:105D8000050002A900F00700FDF7A2FF50B99DF839
:105D9000080020709DF8050002A9C0F3C200FDF7BD
:105DA00097FF08B103203EBD9DF8080060709DF884
:105DB0000500C109A07861F30410A0709DF80510DA
:105DC000890961F3C300A0709DF80410890601D50C
:105DD000022100E0012161F342009DF8001061F30F
:105DE0000000A07000203EBD70B5144606460D466A
:105DF00051EA040005D075B10846FBF760FA78B99E
:105E000001E0072070BD2946304607F040FA10B186
:105E1000BDE8704031E454B12046FBF750FA08B1B8
:105E2000102070BD21463046BDE8704095E7002047
:105E300070BD2DE9FC5F0C469046054600270178B1
:105E40000822007A3E46B2EB111F7DD104F10A010F
:105E500000910A31821E4FF0020A04F1080B0191F1
:105E6000092A72D2DFE802F0EDE005F528287BAAC6
:105E7000CE00688804210AF021F9060000D1FFDF76
:105E8000B08928B152270726C3E00000380200205D
:105E900051271026002C7DD06888A0800120A07199
:105EA000A88900220099FFF79FFF002873D1A889D5
:105EB0002081288AE081D1E0B5F81290072824D10A
:105EC000E87B000621D5512709F1140086B2002C89
:105ED000E1D0A88900220099FFF786FF00285AD157
:105EE0006888A08084F806A0A88920810120A0737A
:105EF000288A2082A4F81290A88A009068884B46CD
:105F0000A969019A01F04CFBA8E0502709F11200A1
:105F100086B2002C3ED0A88900225946FFF764FFC4
:105F2000002838D16888A080A889E080287A0728CE
:105F300013D002202073288AE081E87BC0096073B7
:105F4000A4F81090A88A01E085E082E000906888BB
:105F50004B4604F11202A969D4E70120EAE7B5F83B
:105F60001290512709F1140086B2002C66D068887F
:105F700004210AF0A3F883466888A080A88900223B
:105F80000099FFF731FF00286ED184F806A0A88998
:105F9000208101E052E067E00420A073288A20827B
:105FA000A4F81290A88A009068884B46A969019AC3
:105FB00001F0F6FAA989ABF80E104FE06888FBF7FC
:105FC000BDFB0746688804210AF078F8064607B941
:105FD000FFDF06B9FFDF687BC00702D05127142618
:105FE00001E0502712264CB36888A080502F06D0BD
:105FF00084F806A0287B594601F0E2FA2EE0287BBF
:10600000A11DF9E7FE49A8894989814205D1542794
:1060100006269CB16888A08020E053270BE06888A2
:10602000A080A889E08019E0688804210AF046F879
:1060300000B9FFDF55270826002CF0D1A8F8006032
:1060400011E056270726002CF8D06888A080002091
:1060500013E0FFDF02E0012808D0FFDFA8F80060AE
:106060000CB1278066800020BDE8FC9F57270726DB
:10607000002CE3D06888A080687AA071EEE7401D0C
:1060800020F0030009B14143091D01EB40007047B6
:1060900013B5DB4A00201071009848B1002468460F
:1060A00009F03BFE002C02D1D64A009911601CBDBC
:1060B00001240020F4E770B50D461446064686B06C
:1060C0005C220021284607F05EF904B9FFDFA078C2
:1060D0006874A2782188284601F09DFA0020A881E2
:1060E000E881228805F11401304605F056FD6A4624
:1060F0000121304606F00FFF1AE000BF9DF80300B3
:10610000000715D5BDF806103046FFF72DFD9DF8A8
:106110000300BDF8061040F010008DF80300BDF834
:106120000300ADF81400FF233046059A07F077F816
:10613000684606F0FCFE0028E0D006B070BD10B541
:106140000C4601F1140005F060FD0146627C20461A
:10615000BDE8104001F094BA30B50446A84891B0AB
:106160004FF6FF75C18905AA284606F0D4FE30E037
:106170009DF81E00A0422AD001282AD1BDF81C009B
:10618000B0F5205F03D042F60101884221D1002002
:1061900002AB0AAA0CA9019083E80700072000902F
:1061A000BDF81A1010230022284606F084FF38B9E3
:1061B000BDF828000BAAC0B20CA90BF017FD10B156
:1061C000032011B030BD9DF82E00A04201D1002067
:1061D000F7E705A806F0ABFE0028C9D00520F0E7D8
:1061E00070B50546042109F069FF040000D1FFDF06
:1061F00004F114010C46284605F0EBFC2146284624
:10620000BDE8704005F0ECBC70B58AB00C4606469F
:10621000FBF794FA050014D02878222827D30CB174
:10622000A08890B101208DF80C0003208DF810009B
:1062300000208DF8110054B1A088ADF81800206836
:1062400007E043F202000AB070BD0920FBE7ADF899
:10625000180005900421304609F030FF040000D1F9
:10626000FFDF04F1140005F0E6FC000701D408206C
:10627000E9E701F02BFF60B108A802210094CDE905
:10628000011095F8232003A930466368FFF7EEFB61
:10629000D9E71120D7E72DE9F04FB2F802A08346E5
:1062A00089B0154689465046FBF748FA074604214F
:1062B000504609F003FF0026044605964FF00208F9
:1062C0000696ADF81C6007B9FFDF04B9FFDF414651
:1062D000504603F0DAFE50B907AA06A905A88DE8D2
:1062E00007004246214650466368FFF74EFB44488C
:1062F00007AB0660DDE9051204F11400CDF800904B
:10630000CDE90320CDE9013197F8232059465046C5
:106310006B6805F0D9FC06000AD0022E04D0032ECB
:1063200014D0042E00D0FFDF09B03046BDE8F08F56
:10633000BDF81C000028F7D00599CDE900104246B1
:10634000214650466368FFF74DFBEDE7687840F063
:1063500008006870E8E72DE9F04F99B004464FF067
:1063600000082748ADF81C80ADF82080ADF82480E7
:10637000A0F80880ADF81480ADF81880ADF82C8036
:10638000ADF82880007916460D464746012808D00A
:10639000022806D0032804D0042802D0082019B00F
:1063A000C4E72046FAF747FF70BB2846FAF743FFD9
:1063B00050BB6068FAF78CFF30BB606848B16089F9
:1063C0002189884202D8B1F5007F01D90C20E6E787
:1063D00080460EAA06A92846FFF7C8F90028DED194
:1063E00068688078C0F34100022808D19DF8190040
:1063F00010F0380F03D02869FAF761FF20B904E0E4
:10640000380200201400002022E005A92069FFF7CF
:1064100065F90028C3D1206948B1607880079DF8EC
:10642000150000F0380001D5F0B300E0E0BB9DF8A6
:10643000140080060ED59DF8150010F0380F03D01B
:106440006068FAF73CFF18B96068FAF741FF08B1D5
:106450001020A4E70AA96069FFF740F900289ED13F
:10646000606940B19DF8290000F0070101293CD185
:1064700010F0380F39D00BA9A069FFF72FF90028C9
:106480008DD19DF8280080062FD49DF82C00800621
:106490002BD4A06950B19DF82D0000F0070101290F
:1064A00023D110F0380F00E01FE01ED0E06818B1D3
:1064B0000078D0B11C2818D20FAA611C2046FFF723
:1064C0007CF90121384661F30F2082468DF8521085
:1064D000B94642F603000F46ADF850000DF13F02F9
:1064E00018A928680BF0A1FB08B1072057E79DF811
:1064F000600015A9CDF80090C01CCDE9019100F015
:10650000FF0B00230BF20122514614A806F02EFCCB
:10651000F0BBBDF854000C90FE482A89296900920E
:10652000CDE901106B89BDF838202868069906F07E
:106530001DFC01007ED120784FF0020AC10601D473
:1065400080062BD5CDF80C90606950B90AA906A831
:10655000FFF764F99DF8290020F00700401C8DF832
:1065600029009DF8280008A940F0C8008DF82800EF
:106570008DF8527042F60210ADF8500003AACDF823
:1065800000A0CDE90121002340F2032214A800E07D
:106590001EE00A9906F0EAFB01004BD1DD484D46AA
:1065A00008385B460089ADF83D000FA8CDE90290A0
:1065B000CDF80490CDF810904FF007090022CDF8E7
:1065C0000090BDF854104FF6FF7006F012FB10B1AA
:1065D000FFF753F8E3E69DF83C00000624D5294672
:1065E000012060F30F218DF852704FF42450039571
:1065F000ADF8500062789DF80C00002362F30000B3
:106600008DF80C006278CDF800A0520862F34100CA
:106610008DF80C0003AACDE9012540F2032214A84D
:1066200006F0A4FB010005D1606888B32069A8B911
:1066300005A900E084E006A8FFF7F0F8607880077D
:1066400006D49DF8150020F038008DF8150005E0FF
:106650009DF8140040F040008DF814008DF8527041
:1066600042F60110ADF85000208940F20121B0FB44
:10667000F1F201FB1202606809ABCDF80080CDE9B0
:106680000103002314A8059906F070FB010057D1FF
:106690002078C00728D00395A06950B90BA906A897
:1066A000FFF7BCF89DF82D0020F00700401C8DF886
:1066B0002D009DF82C008DF8527040F040008DF8B0
:1066C0002C0042F60310ADF8500007A903AACDF83C
:1066D00000A0CDE90121002340F2032214A80B9968
:1066E00006F044FB01002BD1E06868B32946012085
:1066F00060F30F218DF8527042F60410ADF850008F
:10670000E068002302788DF8582040788DF8590011
:10671000E06816AA4088ADF85A00E06800798DF864
:106720005C00E068C088ADF85D00CDF80090CDE970
:1067300001254FF4027214A806F018FB010003D0E3
:106740000C9800F0C9FF2AE672480321083801714D
:1067500056B100893080BDF824007080BDF820005B
:10676000B080BDF81C00F080002018E670B501254F
:106770008AB016460B46012802D0022816D104E042
:106780008DF80E504FF4205003E08DF80E5042F675
:106790000100ADF80C005BB10024601C60F30F2415
:1067A00004AA08A918460BF040FA18B107204AE5D8
:1067B000102048E504A99DF820205648CDE9002185
:1067C000801E02900023214603A802F2012206F057
:1067D000CDFA10B1FEF751FF35E54E4808380EB13D
:1067E000C1883180057100202DE5F0B593B00746D2
:1067F00001268DF83E6041F60100ADF83C0012AA7A
:106800000FA93046FFF7B2FF002849D1414C0025BF
:10681000083CEFB31C22002102A806F0B4FD9DF84D
:1068200008008DF83E6040F020008DF8080042F628
:106830000520ADF83C000E959DF83A00119520F02A
:106840000600801C8DF83A009DF838006A4620F05A
:10685000FF008DF838009DF8390009A920F0FF00ED
:106860008DF839000420ADF82C00ADF830000EA8EA
:106870000A9011A80D900FA80990ADF82E5002A80B
:10688000FFF769FD00280BD1BDF80000608100E032
:1068900008E0BDF80400A081401CE08125710020C3
:1068A00013B0F0BD6581A581BDF84800F4E72DE97E
:1068B000F74F1849A0B00024083917940A79A14667
:1068C000012A04D0022A02D0082023B02EE5CA886B
:1068D000824201D00620F8E721988A46824201D1FF
:1068E0000720F2E70120214660F30F21ADF84800B0
:1068F0004FF6FF780691ADF84A808DF86E0042F6AB
:10690000020B8DF872401CA9ADF86CB0ADF8704068
:10691000139101E040020020ADF8508012A806F06B
:1069200035FB00252E462F460DAB072212A9404607
:1069300006F02FFB78B10A285DD195B38EB3ADF880
:106940006450ADF866609DF85E008DF8144019AC97
:10695000012864D06BE09DF83A001FB3012859D19B
:10696000BDF8381059451FD118A809A901940294FF
:10697000CDE9031007200090BDF836101023002247
:10698000404606F098FBB0BBBDF86000042801D07B
:1069900006284AD1BDF82410219881423AD10F200F
:1069A00093E73AE0012835D1BDF83800B0F5205F13
:1069B00003D042F6010188422CD1BAF80600BDF896
:1069C0003610884201D1012700E0002705B19EB1B1
:1069D000219881421ED118A809AA01940294CDE9F8
:1069E0000320072000900D4610230022404606F0A9
:1069F00062FB00B902E02DE04E460BE0BDF86000FE
:106A0000022801D0102810D1C0B217AA09A90BF092
:106A1000EDF850B9BDF8369086E7052055E705A991
:106A200017A8221D0BF001F908B103204DE79DF8CE
:106A300014000023001DC2B28DF814202298009289
:106A4000CDE901401BA8069906F090F910B9022281
:106A50008AF80420FEF711FE37E710B50B46401EFA
:106A600088B084B205AA00211846FEF7A6FE0020D1
:106A70000DF1080C06AA05A901908CE80700072073
:106A800000900123002221464FF6FF7006F0B1F876
:106A90000446BDF81800012800D0FFDF2046FEF7AD
:106AA000ECFD08B010BDF0B5F74F044687B038795B
:106AB0000E46032804D0042802D0082007B0F0BDF9
:106AC00004AA03A92046FEF751FE0500F6D160682E
:106AD0008078C0F3410002280AD19DF80D0010F023
:106AE000380F05D02069FAF7EAFB08B11020E5E776
:106AF000208905AA21698DE807006389BDF8102067
:106B00002068039906F032F910B1FEF7B6FDD5E71B
:106B100016B1BDF814003080042038712846CDE746
:106B2000F8B50C0006460CD001464FF6FF75002361
:106B30006A46284606F044FB28B100BFFEF79DFDDB
:106B4000F8BD1020F8BD69462046FEF7C7FD0028B5
:106B5000F8D1A078314600F001032846009A06F0EB
:106B60005EFBEBE730B587B0144600220DF1080C50
:106B700005AD01928CE82C00072200920A460146DE
:106B800023884FF6FF7006F034F8BDF8141021800A
:106B9000FEF773FD07B030BD70B50D46042109F056
:106BA0008DFA040000D1FFDF294604F11400BDE88E
:106BB000704005F039B870B50D46042109F07EFA31
:106BC000040000D1FFDF294604F11400BDE8704045
:106BD00005F04DB870B50D46042109F06FFA0400B8
:106BE00000D1FFDF294604F11400BDE8704005F034
:106BF00065B870B50546042109F060FA040000D1BB
:106C0000FFDF214628462368BDE870400122FEF7D9
:106C100003BF70B50646042109F050FA040000D104
:106C2000FFDF04F1140004F0F0FF401D20F0030525
:106C300011E0011D00880022431821463046FEF76E
:106C4000EBFE00280BD0607CABB2684382B2A06838
:106C5000011D09F002F9A06841880029E9D170BD41
:106C600070B50546042109F029FA040000D1FFDFC0
:106C7000214628466368BDE870400222FEF7CCBE7C
:106C800070B50E46054601F021FA040000D1FFDF81
:106C90000120207266726580207820F00F00001DB0
:106CA00020F0F00040302070BDE8704001F012BAD2
:106CB00010B50446012900D0FFDF2046BDE8104092
:106CC0000121FEF7A7BA2DE9F04F97B04FF0000A67
:106CD0000C008346ADF814A0D04619D0E06830B15E
:106CE000A068A8B10188ADF81410A0F800A058461B
:106CF000FAF724FD070043F2020961D03878222810
:106D00005CD30421584609F0D9F9050005D103E008
:106D1000102017B0BDE8F08FFFDF05F1140004F07C
:106D200074FF401D20F00306A078012803D002283C
:106D300001D00720EDE7218807AA584606F0EBF8B6
:106D400030BB07A806F0F3F810BB07A806F0EFF871
:106D500048B99DF82600012805D1BDF82400A0F50A
:106D60002451023902D04FF45050D2E7E068B0B15C
:106D7000CDE902A00720009005AACDF804A0049256
:106D8000A2882188BDF81430584605F032FF10B1B2
:106D9000FEF773FCBDE7A168BDF8140008809DF8FC
:106DA0001F00C00602D543F20140B2E70B9838B18C
:106DB000A1780078012905D080071AD40820A8E717
:106DC0004846A6E7C007F9D002208DF83C00A86825
:106DD0004FF00009A0B1697C4288714391420FD9FC
:106DE0008AB2B3B2011D08F0EEFF8046A0F800A001
:106DF00006E003208DF83C00D5F800804FF0010933
:106E00009DF8200010F0380F00D1FFDF9DF8200022
:106E10001E49C0F3C200084497F8231010F8010C73
:106E2000884201D90F2074E72088ADF8400014A9EA
:106E30000095CDE90191434607220FA95846FEF778
:106E400015FE002891D19DF8500050B9A078012876
:106E500007D1687CB3B2704382B2A868011D08F004
:106E6000C6FF002055E770B5064615460C46084695
:106E7000FEF7C2FB002805D12A4621463046BDE870
:106E8000704073E470BD12E538020020F2B00100DA
:106E900070B51E4614460D0009D044B1616831B189
:106EA00038B1FC49C988814203D0072070BD102049
:106EB00070BD2068FEF7A0FB0028F9D132462146BC
:106EC0002846BDE87040FFF746BA70B515460C007D
:106ED00006D038B1EF490989814203D0072070BD3F
:106EE000102070BD2068FEF787FB0028F9D12946E5
:106EF0002046BDE87040D6E570B5064686B00D4622
:106F000014461046FAF7BDF9D0BB6068FAF7E0F90D
:106F1000B0BBA6F57F40FF3803D03046FAF70EFC31
:106F200080B128466946FEF79BFC00280CD19DF8ED
:106F300010100F2008293DD2DFE801F008060606F0
:106F4000060A0A0843F2020006B070BD0320FBE700
:106F50009DF80210012908D1BDF80010B1F5C05FFD
:106F6000F2D06FF4C052D142EED09DF80610012944
:106F70000DD1BDF80410A1F52851062907D200E073
:106F800029E0DFE801F0030304030303DCE79DF8D5
:106F90000A1001290FD1BDF80810B1F5245FD3D034
:106FA000A1F60211B1F50051CED00129CCD00229B1
:106FB00001D1C9E7FFDF606878B9002305AA294637
:106FC000304606F0FDF810B1FEF757FBBCE79DF820
:106FD0001400800601D41020B6E7618822462846B6
:106FE0006368FFF7BFFDAFE72DE9F043814687B047
:106FF000884614461046FAF744F918B1102007B035
:10700000BDE8F083002306AA4146484606F0D8F8BA
:1070100018B100BFFEF731FBF1E79DF81800C0067C
:1070200002D543F20140EAE70025072705A80195AC
:1070300000970295CDE9035062884FF6FF734146F1
:10704000484606F038F8060013D16068FAF719F9D7
:1070500060B960680195CDE90250009704952388D6
:1070600062884146484606F026F80646BDF81400F8
:1070700020803046CEE739B1864B0A889B899A42F8
:1070800002D843F2030070471DE610B586B0814C6C
:107090000423ADF81430638943B1A4898C4201D232
:1070A000914205D943F2030006B010BD0620FBE76C
:1070B000ADF81010002100910191ADF800300221CF
:1070C0008DF8021005A9029104A90391ADF81220D0
:1070D0006946FFF7F8FDE7E72DE9FC4781460D46D5
:1070E0000846FAF7A8F888BB4846FAF727FB5FEA94
:1070F00000080AD098F80000222829D30421484625
:1071000008F0DCFF070005D103E043F20200BDE810
:10711000FC87FFDF07F1140004F08DFD0646287898
:10712000012803D0022804D00720F0E7B0070FD5CC
:1071300002E016F01C0F0BD0A8792C1DC00709D057
:10714000E08838B1A068FAF776F818B11020DEE7C9
:107150000820DCE721882A780720B1F5847F35D024
:107160001EDC40F20315A1F20313A94226D00EDC67
:10717000B1F5807FCBD003DCF9B1012926D1C6E778
:10718000A1F58073013BC2D0012B1FD113E0012B6D
:10719000BDD0022B1AD0032BB9D0042B16D112E08C
:1071A000A1F20912082A11D2DFE802F00B04041040
:1071B00010101004ABE7022AA9D007E0012AA6D0DC
:1071C00004E0320700E0F206002AA0DACDB200F0B7
:1071D0007DFF50B198F82300CDE90005FA892346D8
:1071E00039464846FEF78DFC91E711208FE72DE9DF
:1071F000F04F8BB01F4615460C4683460026FAF723
:107200009DFA28B10078222805D208200BB081E52C
:1072100043F20200FAE7B80801D00720F6E7032F8F
:1072200000D100274FF6FF79CCB1022D73D3204651
:10723000FAF74EF830B904EB0508A8F10100FAF7A7
:1072400047F808B11020E1E7AD1E38F8028CAAB269
:107250002146484606F007F940455CD1ADB20D49DC
:10726000B80702D58889401C00E001201FFA80F889
:10727000F80701D08F8900E04F4605AA41465846DD
:1072800005F049FE4FF0070A4FF00009DCB3204635
:107290000BE0000038020020408810283BD8361D43
:1072A000304486B2AE4236D2A01902884245F3D3AA
:1072B00051E000BF9DF8170002074CD594B304EBD2
:1072C0000608361DB8F80230B6B2102B23D89A192A
:1072D000AA4220D8B8F8002091421CD1C0061CD583
:1072E000CDE900A90DF1080C0AAAA11948468CE8BD
:1072F0000700B8F800100022584605F07AFC20B1CB
:10730000FEF7BBF982E726E005E0B8F80200BDF819
:107310002810884201D00B2078E7B8F802003044EA
:1073200086B207E0FFE7C00604D55846FEF71CFC0E
:10733000002888D19DF81700BDF81A1020F0100021
:107340008DF81700BDF81700ADF80000FF23584670
:10735000009A05F064FF05A805F0E9FD18B9BDF82D
:107360001A10B942A6D90421584608F0A7FE040015
:1073700000D1FFDFA2895AB1CDE900A94D46002313
:1073800021465846FEF7BDFB0028BBD1A5813DE74D
:1073900000203BE72DE9FF4F8BB01E4617000D463E
:1073A0004FF0000412D0B00802D007200FB0B1E4B3
:1073B000032E00D100265DB10846F9F780FF28B9F9
:1073C0003888691E0844F9F77AFF08B11020EDE704
:1073D000C74AB00701D5D18900E00121F0074FF677
:1073E000FF7802D0D089401E00E0404686B206AA4F
:1073F0000B9805F090FD4FF000094FF0070B0DF1D1
:10740000140A38E09DF81B00000734D5CDF804902D
:10741000CDF800B0CDF80890CDE9039A434600229C
:107420000B9805F048FE60BB05B3BDF814103A8810
:1074300021442819091D8A4230D3BDF81E2020F8A6
:10744000022BBDF8142020F8022BCDE900B9CDE9BC
:107450000290CDF810A0BDF81E10BDF81430002227
:107460000B9805F028FE08B103209FE7BDF8140033
:107470002044001D84B206A805F059FD20B10A2859
:1074800006D0FEF7FAF891E7BDF81E10B142B9D95F
:1074900034B17DB13888A11C884203D20C2085E725
:1074A000052083E722462946404605F0DCFF0146D9
:1074B00028190180A41C3C80002077E710B5044601
:1074C000F9F7DFFE08B1102010BD8948C08920807F
:1074D000002010BDF0B58BB00D46064614220021E9
:1074E00003A805F050FF01208DF80C008DF8100066
:1074F00000208DF81100ADF814503046FAF71EF94F
:1075000048B10078222812D30421304608F0D6FD75
:10751000040005D103E043F202000BB0F0BDFFDF31
:1075200004F11400074604F086FB800601D408200D
:10753000F3E7207C022140F00100207409A80094A8
:10754000CDE90110072203A930466368FEF78EFAE1
:1075500020B1217C21F001012174DEE7294630466B
:10756000FDF749FE08A9384604F054FB00B1FFDFDF
:10757000BDF82040172C01D2172000E02046A84279
:1075800001D92C4602E0172C00D2172421463046A0
:10759000FFF711FB21463046FDF751FB0020BCE709
:1075A000F8B51C4615460E46069F08F0BAFE23465F
:1075B000FF1DBCB231462A46009408F0B6FAF8BD69
:1075C00070B50C4605460E220021204605F0DBFE74
:1075D000002020802DB1012D01D0FFDF70BD0620DD
:1075E00000E00520A07170BD10B5488008781346F2
:1075F00020F00F00001D20F0F00080300C460870D5
:107600001422194604F1080005F093FE00F062FD13
:107610003748046010BD2DE9F047DFF8D890491DC8
:10762000064621F0030117460C46D9F8000008F081
:1076300092FB050000D1FFDF4FF000083560A5F890
:1076400000802146D9F8000008F085FB050000D134
:10765000FFDF7560A5F800807FB104FB07F1091D0D
:107660000BD0D9F8000008F076FB040000D1FFDF52
:10767000B460C4F80080BDE8F087C6F80880FAE777
:107680002DE9F0411746491D21F00302194D064628
:1076900001681446286808F089FB2246716828684A
:1076A00008F084FB3FB104FB07F2121D03D0B16860
:1076B000286808F07BFB042008F0ACFC044604209A
:1076C00008F0B0FC201A012804D12868BDE8F04178
:1076D00008F036BBBDE8F08110B50C4605F0EAFBBA
:1076E00000B1FFDF2046BDE81040FDF7C6BF000037
:1076F00038020020140000204FF0E0214FF4004039
:10770000C1F88001BFF34F8FBFF36F8F00F021B836
:1077100010B5044600F01DF8002C09D0124A12489A
:1077200012491432124B012C03D0022C07D0FFDF78
:1077300010BD0224046011604FF0407004E0032487
:10774000046011604FF40000186010BD00B5FFDF49
:1077500000BD054800210160016005494FF06070DF
:10776000091D08607047000000F500404802002035
:1077700004F501402DE9F05FDFF850A44FF0000858
:107780008B4606469AF80940474645469AF80190C6
:1077900008E0284601F00EF8817B407811FB007765
:1077A0006D1CEDB24D45F4D19AF8090020442044F7
:1077B00020440744FF2F01D94FF013083068C01C44
:1077C00020F0030232605BEA080021D1FF48FBB2DF
:1077D000062120300CF0C8F9002408E0062C0FD256
:1077E000DFE804F005030A0A0C05F94800E0F9484F
:1077F0000CF0DAF9054604E0F748F9E7F748F7E74F
:10780000FFDFA54200D0FFDF641CE4B2062CE5D305
:10781000306800EB071030604046BDE8F09F38B597
:107820000C468288817B19B14189914200D90A4670
:107830002280C188121D90B26A4607F081FCBDF813
:107840000000032800D30320C1B2208800F0D1FF3C
:1078500038BD38B50C468288817B19B101899142C7
:1078600000D90A462280C188121D90B26A4607F0EC
:1078700067FCBDF80000022800D30220C1B22088B6
:1078800000F0B7FF401CC0B238BD2DE9FF5F824653
:107890008B46D34814460BF10302D0E90110CDE921
:1078A000021022F0030201A84421019208F035FAE7
:1078B000C64E002C02D1CB49019A8A60019901443D
:1078C0000191B57E05F1010504D1E8B20AF026F96F
:1078D00000B1FFDF019800EB0510C01C20F0030190
:1078E000019144B9727A00200870B08B80B205F023
:1078F00040F900B1FFDF0198F16908440190214689
:1079000001A8FFF737FF80460198C01C20F0030054
:107910000190717A04B1002008F0F5FA0199084449
:107920000190214601A800F06FFFA84800273D46BE
:1079300090F801900CE0284600F03CFF0646817864
:107940008088FDF713FA71786D1C00FB0177EDB2AA
:107950004D45F0D10198C01C20F00300019004B106
:1079600000203946FDF70DFA0199002708440190DF
:1079700096483D4690F801900CE0284600F01AFF2A
:107980000646C1788088FEF77AFB71786D1C00FB93
:107990000177EDB24D45F0D10198C01C20F00300F5
:1079A000019004B100203946FEF772FB01994FF0B7
:1079B00000090844019085484D4647780EE0284666
:1079C00000F0F8FE0646807B30B106F1080002F0B8
:1079D0009DF8727800FB02996D1CEDB2BD42EED1AC
:1079E0000198C01C20F00300019004B100207D49E3
:1079F0004A78494602F08EF80199084401902146E0
:107A000001A800F0B3FE0198C01D20F0070001900E
:107A1000DAF80010814204D3A0EB0B01B1F5803FEE
:107A200004DB4FF00408CAF8000004E0CAF80000C4
:107A3000B8F1000F02D0404604B0EEE674BB6A49CC
:107A40000020019A0CF0FEF9FAF77EFB5F4C207ED5
:107A50000090607E012823D0002318B300225B48E9
:107A600000210C30FBF74AF800B1FFDFE07EFEF7A3
:107A7000BCFE00B1FFDF55484FF4F67200213830EC
:107A800005F081FC51480421383080F8E91180F874
:107A9000EA11062180F8EB11032101710020CBE7E8
:107AA0000123DAE702AADAE770B5484C0646383413
:107AB000207804EB4015E078083598B9A01990F8C3
:107AC000E80100280FD0A0780F2800D3FFDF202284
:107AD0000021284605F057FC687866F302006870BC
:107AE0000120E070284670BD2DE9F04105460C46A6
:107AF00000270078052190463E46B1EB101F00D0CC
:107B0000FFDF287A50B101280ED0FFDFA8F800600F
:107B10000CB1278066800020BDE8F081012709268E
:107B200074B16888A08008E00227142644B16888F0
:107B3000A0802869E060A88A2082287B2072E5E77F
:107B4000A8F80060E7E730B5204C01200021207044
:107B50006170207260726176217621730521A182A5
:107B60001F21E182607321A121610A21A176E076C3
:107B70001C4D4FF4B060E0616868C11C21F0030146
:107B8000814200D0FFDF6868606030BD30B5154CC1
:107B90001568636810339D4202D20420136030BD23
:107BA0000A4B5D785A6802EB051210705170032081
:107BB000D080172090800120D070907000209073AA
:107BC0005878401C58706068103013E0540300204F
:107BD000A11F0000359C0000A9B000000F19010092
:107BE000F8B0010018000020000000206E52463559
:107BF000780000006060002030BD70B50646F8488F
:107C00000024457807E0204600F0D4FD0178B14219
:107C100004D0641CE4B2AC42F5D1002070BDF7B5CD
:107C2000074608780C4610B3FFF7E7FF0546A7F1B3
:107C30002006202F06D0052E19D2DFE806F00F2BE4
:107C40002B151A0000F0C2FD0DB1697800E000218B
:107C5000401AA17880B20844FF2808D8A07830B133
:107C6000A088022824D202E06088172820D20720AA
:107C7000FEBD207AE0B161881729F8D3A1881729C1
:107C8000F5D3A1790029F2D0E1790029EFD040287D
:107C900004D9ECE7242F0BD1207A48B161884FF644
:107CA000FB70814202D8A188814201D90420FEBD27
:107CB00065B9207802AA0121FFF768FF0028F6D1F4
:107CC0002078FFF79AFF050000D1FFDF052E18D2BC
:107CD000DFE806F0030B0E081100A0786870A0889A
:107CE000E8800FE06088A8800CE0A078A87009E028
:107CF000A078E87006E054F8020FA8606068E860B9
:107D000000E0FFDF0020FEBD1A2835D00DDC13286F
:107D100032D2DFE800F01B31203131272723252D17
:107D2000313129313131312F0F00302802D003DCBD
:107D30001E2821D1072070473A3809281CD2DFE8D5
:107D400000F0151B0F1B1B1B1B1B0700002070479F
:107D500043F20400704743F202007047042070476A
:107D60000D2070470F207047082070471120704782
:107D700013207047062070470320704710B5007825
:107D800000F0010007F0D2F9BDE81040BCE710B5E3
:107D9000007800F0010007F0CEF9BDE81040B3E72D
:107DA0000EB5017801F001018DF80010417801F065
:107DB00001018DF801100178C1F340018DF8021026
:107DC0004178C1F340018DF80310017889088DF8DE
:107DD0000410417889088DF8051081788DF8061017
:107DE000C1788DF8071000798DF80800684606F014
:107DF0005DFEFFF789FF0EBD2DE9F84F784CDFF8E7
:107E0000E481383400261FE0012000F048FD012005
:107E1000FFF74AFE054644214746D8F8080007F018
:107E20009AFF686000B9FFDF686806F03BFDA8B103
:107E30002846F9F7F1FD284600F036FD20B9442226
:107E40006968B86807F0B2FF94F9E9010428DBDA41
:107E5000022008F0DFF807460025A6E04422696802
:107E6000D8F8080007F0A2FFF2E7B8F80210404681
:107E7000491C89B2A8F80210B94201D300214180FF
:107E80000221B8F8020008F019F9002865D0B8F806
:107E90000200694607F0C8F8FFF736FF00B1FFDFC0
:107EA0009DF8000078B1B8F8020008F04CFA5FEADB
:107EB000000900D1FFDF484607F0CBFC18B1B8F845
:107EC000020002F0D0F8B8F8020008F02AFA5FEADF
:107ED000000900D1FFDF484607F0B3FCE8BB0321EF
:107EE000B8F8020008F0EAF85FEA000B48D1FFDFBB
:107EF00046E000BFDBF8100010B10078FF2849D041
:107F0000022000F0CCFC0220FFF7CEFD824648465E
:107F100007F0A3FDCAF8040000B9FFDFDAF8040097
:107F200007F06BFE002100900170B8F80210504677
:107F3000AAF8021001F0BAFF484607F060FE00B947
:107F4000FFDF504600F0B0FC18B99AF801000007B6
:107F500004D50099CBF8101012E024E0DBF81000F3
:107F600038B10178491C11F0FF01017008D1FFDF21
:107F700006E000221146484600F0F6FB00B9FFDF9C
:107F800094F9EA01022805DBB8F8020001F055FF78
:107F90000028AFD194F9E901042804DB484607F032
:107FA00092FE00B101266D1CEDB2BD4204D294F9DF
:107FB000EA010228BFF659AF002E7FF423AFBDE8D7
:107FC000F84F032000F06BBC10B5064CE060086869
:107FD0002061AFF2DB1002F0C8FF607010BD00003E
:107FE0005403002018000020F74800210170F748D2
:107FF0000170F7494160704770B505464FF08050F9
:108000000C46D0F8A410491C05D1D0F8A810C943DB
:108010000904090C0BD050F8A01F01F001012970D0
:10802000416821608068A080287830B970BD062141
:1080300020460BF08CFB01202870607940F0C000D6
:10804000607170BD70B54FF080540D46D4F880104B
:10805000491C0BD1D4F88410491C07D1D4F88810DE
:10806000491C03D1D4F88C10491C0CD0D4F88010D2
:108070000160D4F884104160D4F888108160D4F88D
:108080008C10C16002E010210BF061FBD4F890006D
:10809000401C0BD1D4F89400401C07D1D4F89800B0
:1080A000401C03D1D4F89C00401C09D054F8900F18
:1080B000286060686860A068A860E068E86070BDDB
:1080C0002846BDE8704010210BF041BBBE48383057
:1080D0000079E9E470B5BC4C3834E07830B32078EE
:1080E00004EB4010407A00F00700204490F9E801CA
:1080F000002800DCFFDF2078002504EB4010407AE8
:1081000000F00700011991F8E801401E81F8E8012C
:108110002078401CC0B220700F2800D12570A078B4
:10812000401CA0700BF09CF9E57070BDFFDF70BDC6
:108130003EB50546032107F0C1FF0446284608F076
:10814000F0F8054604B9FFDF206918B10078FF2870
:1081500000D1FFDF01AA6946284600F005FB60B99F
:10816000FFDF0AE0002202A9284600F0FDFA00B96C
:10817000FFDF9DF8080000B1FFDF9DF80000411E01
:108180008DF80010EED220690199884201D10020BB
:1081900020613EBD70B50546A0F57F400C46FF3816
:1081A00000D1FFDF012C01D0FFDF70BDFFF78EFF94
:1081B000040000D1FFDF207820F00F00401D20F0E8
:1081C000F000503020706580002020720120207364
:1081D000BDE870407EE72DE9F04116460D460746A2
:1081E000FFF774FF040000D1FFDF207820F00F00BC
:1081F000401D20F0F0005030207067800120207278
:1082000028682061A888A0822673BDE8F04161E754
:108210007FB5FFF7F2FC040000D1FFDF02A9204682
:10822000FFF7FDFA054603A92046FFF712FB8DF87C
:1082300000508DF80100BDF80800001DADF80200E7
:10824000BDF80C00001DADF80400E088ADF8060094
:10825000684606F053FF002800D0FFDF7FBD2DE900
:10826000F05F5A4E8146307810B10820BDE8F09F8B
:108270004846F9F706F808B11020F7E7524C207885
:1082800008B9FFF760FC647A4D4600F09FFAA042FF
:1082900007D2201AC1B22A460020FFF777FC002837
:1082A000E4D171684848C91C002721F003017160BE
:1082B000B3463E463D46BA463C4690F801800AE049
:1082C000204600F077FA4178807B0E4410FB015580
:1082D000641CE4B27F1C4445F2D10AEB870000EB3A
:1082E000C600DBF8041000EB850045185C4601224F
:1082F00029464846FFF7C9FA060013D00020FFF7C9
:108300007CFC05000CD005F11300616820F003002F
:10831000884200D0FFDF2C484178491E41706560DB
:108320003046A3E7002229464846FFF7AEFA00B1DF
:10833000FFDFD9F8000060604FF6FF706080012019
:108340002070002092E72DE9F04104461F481746AF
:108350000E46007810B10820BDE8F0810846F8F715
:108360006AFF08B11020F7E7174D287808B9FFF722
:10837000EAFB601E1E2807D8012C22D13078FE2887
:108380001FD8A8760020E7E7A4F120001F2805D811
:10839000E0B23A463146BDE8F04140E4A4F1400085
:1083A0001F2805D831462046BDE8F04100F0A2BAAA
:1083B000A4F1A0001F2804D80020A02C0AD0A12CD2
:1083C0000DD00720C8E7000054030020180000204B
:1083D00048100020317801F00101E976BCE73168EE
:1083E0000922F82901D38B0701D01046B4E76B7B33
:1083F00003F00303012B04D1EB8AD7339CB28C42E8
:10840000F3D8E961A8E72DE9F04781460E46084612
:10841000F8F737FF48B94846F8F751FF28B909F18E
:10842000030020F00301494502D01020BDE8F08789
:10843000FC484FF0000A817869B14178804600EB32
:1084400041140834378832460021204600F039FABA
:10845000050004D027E0A6F800A00520E6E7B9F162
:10846000000F24D03088B84201D90C251FE0607875
:1084700000F00705284600F012FA08EB050732461F
:1084800097F8E8014946401C87F8E801204607F5BF
:10849000F47700F016FA05463878401E387003204D
:1084A00000F0FDF92DB10C2D01D0A6F800A0284652
:1084B000BCE76078DC4E00F00701012923D00229D7
:1084C0000CD0032933D0FFDF98F801104046491C37
:1084D000C9B288F801100F2934D035E0616821B1A4
:1084E000000702D46088FFF723FE98F8EA014746A8
:1084F000012802D1707802F057FD97F9EA010428AB
:10850000E2DBFFDFE0E7616819B14422B06807F001
:108510004DFC98F8E9014746032802D1707802F033
:1085200043FD97F9E9010428CEDBFFDFCCE7C00665
:1085300002D56088FFF7FCFD98F9EB010628C3DB44
:10854000FFDFC1E780F801A08178491E8170617862
:1085500001F0070101EB080090F8E811491C80F8D0
:10856000E811A4E770B50D460446F8F764FE18B9A3
:108570002846F8F786FE08B1102070BD294620462F
:10858000BDE8704009F002BB70B5054609F021FB5B
:10859000C4B22846F8F793FE08B1102070BD35B17B
:1085A00028782C7018B1A04201D0072070BD204659
:1085B000FDF7D2FD052805D109F00FFB012801D0F8
:1085C000002070BD0F2070BD70B5044615460E46E4
:1085D0000846F8F730FE18B92846F8F752FE08B1F9
:1085E000102070BD022C03D0102C01D0092070BDCA
:1085F0002A463146204609F0F9FA0028F7D005202E
:1086000070BD70B514460D460646F8F714FE38B92D
:108610002846F8F736FE18B92046F8F750FE08B19C
:10862000102070BD22462946304609F0FEFA002887
:10863000F7D0072070BD3EB50446F8F722FE08B11A
:1086400010203EBD684606F0C0F9FFF75DFB00282C
:10865000F7D19DF806002070BDF808006080BDF8D5
:108660000A00A08000203EBD70B505460C460846B5
:10867000F8F725FE20B93CB12068F8F702FE08B1F2
:10868000102070BDA08828B121462846BDE8704062
:10869000FDF7BABD092070BD70B505460C46084609
:1086A000F8F7C9FD30B9681E1E2814D82046F8F71F
:1086B000C2FD08B1102070BD032D01D9072070BD87
:1086C00005B9FFDF594800EB850050F8041C20462F
:1086D000BDE870400847A5F120001F2805D82146B5
:1086E0002846BDE87040F9F7C1BCF02D0AD0BF2D77
:1086F000E4D1A078218800F0010001F08DFA68B182
:10870000002070BDA068F8F796FD0028D2D1204661
:1087100006F04CFDBDE87040FFF7F6BA082070BDCA
:1087200070B504460D460846F8F7ABFD30B9601E3B
:108730001E280FD82846F8F77EFD08B1102070BD1E
:10874000012C03D0022C01D0032C01D1062070BDD6
:10875000072070BDA4F120001F28F9D82946204623
:10876000BDE87040F9F7D0BC07F03AB81CB5002955
:108770001FD104F02AFE2C4800224178C06805F081
:108780001DFF29481030C0788DF8000010B1012875
:1087900002D004E0012000E000208DF800006846CF
:1087A00006F06BF9214824380068019001A806F012
:1087B000BFFA1CBD30B51B4D0446383D6878A04259
:1087C00000D8FFDF686800EB041030BD70B51548B5
:1087D000002538382C46467807E02046FFF7EAFFA8
:1087E0004078641C2844C5B2E4B2B442F5D12846AE
:1087F00070BD021D5143452900D245210844C01CCB
:10880000B0FBF2F0C0B270472DE9FC5F06460548A8
:108810004FF0000838388B464746444690F80190A0
:1088200029E000008C030020180000201CB101008A
:108830002046FFF7BFFF050000D1FFDF68786946DB
:108840003844C7B22846FEF7EAFF824601A9284607
:10885000FEF7FFFF0346BDF804005246001D81B23B
:10886000BDF80000001D80B207F0A6FC6A78641C09
:1088700000FB0288E4B24C45DAD13068C01C20F01D
:1088800003003060BBF1000F00D0002042463946A3
:1088900007F0A0FC316808443060BDE8FC9F5649F1
:1088A00008710020C87070475349CA782AB10A7805
:1088B00001EB42110831814201D0012070470020B4
:1088C00070472DE9F04106460078154600F00F0488
:1088D00000201080601E0F46052800D3FFDF4748A8
:1088E0002A4600EB8400394650F8043C3046BDE887
:1088F000F04118472DE9F0413F4E0C46383E4028E4
:1089000006D041281AD0422822D0432826D11AE086
:1089100020786578012801D913201DE5FF2D08D89E
:1089200009F0F4FA07460AF053FD381A401EA8422F
:1089300001DA122010E5208830810DE0BDE8F04119
:10894000084600F00DB80878022807D8307603E012
:108950000878022802D870760020FDE40720FBE4A6
:1089600038B50446407800F00300012803D00228FF
:108970000BD0072038BD606858B1F8F7A9FCD0B912
:108980006068F8F79CFC20B915E06068F8F753FCC4
:1089900088B969462046FBF77FF90028EAD160785C
:1089A00000F00300022808D19DF8000028B160689B
:1089B000F8F785FC08B1102038BD6189F8290ED878
:1089C000208988420BD8607800F003020A483838C2
:1089D000012A06D1D731C26989B28A4201D209205F
:1089E00038BD94E80E0000F10C0585E80E000AB9C8
:1089F00000218182002038BD8C03002004B10100D9
:108A00002DE9F041074614468846084601F024FD4A
:108A1000064608EB88001C22796802EBC0000D189E
:108A2000688C58B14146384601F025FD014678680A
:108A30000078C200082305F120000CE0E88CA8B102
:108A40004146384601F01EFD01467868082340780B
:108A5000C20005F1240007F000FA38B106212172A6
:108A60006681D0E90010C4E9031009E028780928DC
:108A70000BD00520207266816868E06000202870B5
:108A80002046BDE8F04101F0C8BC07202072668195
:108A9000F4E72DE9F04116460D460746406801EB24
:108AA00085011C2202EBC1014418204601F00CFD97
:108AB00040B10021708865F30F2160F31F4105204C
:108AC0000BF02CF909202070324629463846BDE8C3
:108AD000F04195E72DE9F0410E46074600241C21A0
:108AE000F07816E004EB8403726801EBC303D25CF8
:108AF0006AB1FFF7EBFA050000D1FFDF6F802A466D
:108B000021463046FFF7C5FF0120BDE8F081641C17
:108B1000E4B2A042E6D80020F7E770B5064600248C
:108B20001C21C0780AE000BF04EB8403726801EBEB
:108B3000C303D5182A782AB1641CE4B2A042F3D842
:108B4000402070BD28220021284604F01CFC7068DB
:108B500080892881204670BD70B5034600201C2501
:108B6000DC780CE000EB80065A6805EBC606324460
:108B7000167816B1128A8A4204D0401CC0B28442D0
:108B8000F0D8402070BDF0B5044600201C26E578E2
:108B90000EE000BF00EB8007636806EBC7073B44AD
:108BA0001F788F4202D15B78934204D0401CC0B240
:108BB0008542EFD84020F0BD0078032801D0002086
:108BC0007047012070470078022801D000207047CC
:108BD000012070470078072801D00020704701204D
:108BE00070472DE9F041064688461078F178154621
:108BF000884200D3FFDF2C781C27641CF078E4B295
:108C0000A04201D8201AC4B204EB8401706807EBBB
:108C1000C1010844017821B14146884708B12C7050
:108C200073E72878A042E8D1402028706DE770B53E
:108C300014460B880122A240134207D113430B8034
:108C400001230A22011D07F0D2F8047070BD2DE93E
:108C5000FF4F81B00878DDE90E7B9A4691460E46BB
:108C600040072CD4019807F06EFB040000D1FFDF11
:108C700007F1040820461FFA88F106F0BDFC050044
:108C800000D1FFDF204629466A4606F008FF00981B
:108C9000A0F80370A0F805A0284606F0AEFF017802
:108CA00069F306016BF3C711017020461FFA88F1C2
:108CB00006F0E5FC00B9FFDF019805F027FC06EBA4
:108CC0000900017F491C017705B0BDE8F08F2DE94F
:108CD000F84F0E469A4691460746032107F0EEF9F3
:108CE0000446008DDFF87C85002518B198F8000057
:108CF000B0421ED1384607F026FB070000D1FFDF47
:108D000009F10401384689B206F076FC050010D05E
:108D1000384629466A4606F0C2FE009800210A46F7
:108D20000180817005F067FC0098C01DCAF8000042
:108D300021E098F80000B04216D104F1260734F87B
:108D4000341F012000FA06F911EA090F00D0FFDFF5
:108D50002088012340EA090020800A22391D384674
:108D600007F060F8067006E0324604F1340104F1C1
:108D70002600FFF75CFF0A2188F800102846BDE8AE
:108D8000F88FFEB515460C46064602AB0C220621AE
:108D9000FFF79DFF002827D00299607812220A7001
:108DA000801C487008224A80A070029829880523F8
:108DB00081806988C180A9880181E9884181002575
:108DC0000C20CDE90005062221463046FFF73FFF83
:108DD0002946002266F31F41F02310460AF0F4FEF4
:108DE0006078801C60700120FEBD2DE9FE430C46BA
:108DF000804644E002AB0E2207214046FFF767FFA2
:108E0000002841D060681C2267788678BF1C06EB7A
:108E1000860102EBC10145180298142101704770C8
:108E20000A214180698A0181E98A4181A98881807A
:108E3000A9898181304601F00FFB029905230722A1
:108E4000C8806F700420287000250E20CDE9000531
:108E500021464046FFF7FBFE294666F30F2168F3E3
:108E60001F41F023002205200AF0AEFE6078FE4983
:108E7000801C607062682046921CFFF7B2FE60683A
:108E800080784028B6D10120BDE8FE83FEB50D46AE
:108E9000064638E002AB0E2207213046FFF717FFE7
:108EA000002835D068681C23C17801EB810203EBF0
:108EB000C2028418029815220270627842700A2257
:108EC0004280A2894281A2888281084601F0C4FAC8
:108ED000014602988180618AC180E18A0181A0886F
:108EE000B8B10020207000210E20CDE9000105233B
:108EF000072229463046FFF7AAFE6A68DB49284662
:108F0000D21CFFF76EFE6868C0784028C2D10120ED
:108F1000FEBD0620E6E72DE9FE430C46814644E00F
:108F2000204601F0BBFAD0B302AB08220721484625
:108F3000FFF7CDFE0028A7D060681C22657806796F
:108F4000AD1C06EB860102EBC10147180298B7F889
:108F5000108006210170457004214180304601F0E7
:108F60007BFA0146029805230722C180A0F80480FD
:108F70007D70082038700025CDE90005214648465F
:108F8000FFF765FE294666F30F2169F31F41F023C1
:108F9000002205200AF018FE6078801C607062686C
:108FA000B3492046121DFFF71CFE60680179402975
:108FB000B6D1012068E72DE9F34F83B00D4691E06B
:108FC000284601F06BFA00287ED068681C2290F8D1
:108FD00006A00AEB8A0102EBC1014418514628465B
:108FE00001F050FAA178CB0069684978CA000146BF
:108FF00004F1240006F04DFF07468188E08B4FF016
:109000000009091A8EB208B1C84607E04FF00108FE
:10901000504601F00CFA08B9B61CB6B2208BB0422B
:1090200000D80646B34602AB324607210398FFF745
:109030004EFE060007D0B8F1000F0BD0504601F0ED
:10904000F6F910B106E000203EE60299B8884FF02C
:10905000020908800196E28B3968ABEB09001FFA20
:1090600080F80A4403984E46009207F06CF9DDE957
:109070000021F61D4346009606F08BFDE08B404430
:1090800080B2E083B988884201D1012600E0002641
:10909000CDE900B6238A072229460398FFF7D7FDBA
:1090A000504601F0C4F910B9E089401EE0815EB17C
:1090B000A078401CA0706868E978427811FB02F142
:1090C000CAB20123816900E006E00E3006F08FFE8F
:1090D00080F800A00020E0836A6866492846921D57
:1090E000FFF77FFD6868817940297FF469AF01202F
:1090F000EAE570B5064648680D4614468179402970
:1091000010D104EB84011C2202EBC101084401F0E0
:10911000FCF9002806D06868294684713046BDE80D
:10912000704048E770BDFEB50C460746002645E096
:10913000204601F0B3F9D8B360681C22417901EBF5
:10914000810102EBC1014518688900B9FFDF02AB5C
:10915000082207213846FFF7BAFD002833D00299CC
:10916000607816220A70801C48700420488060686D
:10917000407901F071F901460298052307228180A8
:109180006989C1800820CDE9000621463846FFF7ED
:109190005EFD6078801C6070A88969890844B0F51C
:1091A000803F00D3FFDFA88969890844A8816E81C8
:1091B000626831492046521DFFF713FD606841790E
:1091C0004029B5D10120FEBD30B5438C458BC3F39A
:1091D000C704002345B1838B641EED1AC38A6D1E3C
:1091E0001D4495FBF3F3E4B22CB1008918B1A04201
:1091F00000D8204603444FF6FF70834200D3034655
:1092000013800C7030BD2DE9FC41074616460D4613
:10921000486802EB86011C2202EBC10144186A4631
:1092200001A92046FFF7D0FFA089618901448AB2D5
:10923000BDF80010914212D0081A00D500206081BC
:109240006868407940280AD1204601F054F9002886
:1092500005D06868294646713846FFF764FFBDE8C7
:10926000FC8100002C000020B98B0000C78B00009F
:10927000D58B00000BA50000F7A400002DE9FE4FE0
:109280000F46814615465088032106F017FF0190CE
:10929000B9F8020001F0D3F882460146019801F0C6
:1092A000FDF8002824D001981C2241680AEB8A00AE
:1092B00002EBC0000C18204601F006F9002817D177
:1092C000B9F80000E18A88420ED8A18961B1B8429C
:1092D0000ED100265146019801F0CDF8218C01EB0A
:1092E0000008608B30B114E0504601F0A0F8A0B344
:1092F000BDE8FE8F504601F09AF808B1678308E098
:10930000022FF5D3B9F804006083618A884224D81B
:109310000226B81B87B2B8F80400A28B801A002876
:1093200014DD874200DA38461FFA80FB68886968D6
:109330000291D8F800100A44009206F0F2FFF61DE0
:10934000009A5B460299009606F0EFFBA08B38442A
:1093500080B2A083618B884207D96888019903B0E5
:109360005246BDE8F04F01F0EDB81FD14FF00900B3
:109370002872B9F802006881D8E90010C5E9041024
:10938000608BA881284601F048F85146019801F009
:1093900072F801460198082340680078C20004F181
:1093A000200006F05AFD0020A0836083504601F0A3
:1093B0003EF810B9A089401EA0816888019903B0C9
:1093C0000AF0FF02BDE8F04F1DE72DE9F041064627
:1093D00015460F461C461846F7F72DFF18B92068AA
:1093E000F7F74FFF08B110201AE47168688C09780C
:1093F000B0EBC10F01D3132012E43946304601F01F
:109400003AF80146706808230078C20005F1200090
:1094100006F0EDFCD4E90012C0E90012002005E4DA
:1094200010B50446032106F049FE014600F114027E
:109430002046BDE81040A4E470B50446032106F0C0
:109440003DFE054601462046FFF765FD002816D083
:1094500029462046FFF767FE002810D029462046FF
:10946000FFF714FD00280AD029462046FFF7BDFC6F
:10947000002804D029462046BDE870409BE570BD19
:109480002DE9F0410C4680461EE0E178427811FB60
:1094900002F1CAB2816901230E3006F0DEFC0778C2
:1094A00060681C22C179491EC17107EB87016068A1
:1094B00002EBC10146183946204600F0EFFF18B113
:1094C000304600F0FAFF20B16068C1790029DCD194
:1094D0008AE7FEF7FBFD050000D1FFDF0A202872B6
:1094E000384600F0B9FF68813946204600F0CAFFCF
:1094F0000146606808234078C20006F1240006F0A7
:10950000ACFCD0E90010C5E90310A5F8028028469C
:1095100000F083FFB07800B9FFDFB078401EB07074
:1095200062E770B50C460546032106F0C7FD01460B
:109530004068C2792244C2712846BDE870409FE766
:109540002DE9FE4F8246507814460F464FF0000832
:10955000002850D0012807D0022822D0FFDF206841
:10956000B8606068F860C3E602AB0E22082150467E
:10957000FFF7ADFB0028F2D00298152105230170FA
:10958000217841700A214180C0F80480C0F8088029
:10959000A0F80C80628882810E20CDE900080822A4
:1095A00021E0A678304600F057FF054606EB86011D
:1095B0002C22786802EBC1010822465A02AB114600
:1095C0005046FFF784FB0028C9D00298072101709C
:1095D000217841700421418008218580C680CDE931
:1095E000001805230A4639464FEA0A00FFF72FFB09
:1095F00087F808807CE6A678022516B1022E13D0E3
:10960000FFDF2A1D914602AB08215046FFF75FFBA2
:109610000028A4D002980121022E01702178417007
:109620004580868002D005E00625EAE7A188C18052
:10963000E1880181CDE9009805230822394650468A
:10964000D4E710B50446032106F038FD014600F1C9
:1096500008022046BDE8104072E72DE9F04F0F46A2
:10966000054687B014465088032106F027FD4FF0C9
:1096700000088DF808800646ADF80A80042F5CD3F8
:109680006A78002A59D028784FF6FF794FF01C0AE3
:10969000132815D006DC01286FD006282BD0072808
:1096A00006D16EE0142869D0152868D0162867D036
:1096B000CDF80080CDF8048068788DF8000037E0A0
:1096C000B078904239D13078010736D5062F34D1A1
:1096D00020F0080030706088414660F31F41002090
:1096E0000AF01CFB02208DF80800ADF80C90A88849
:1096F000ADF80E00F4E0082F1FD1A888EF8881464E
:1097000000F09DFE80460146304600F0C7FE18B1CD
:10971000404600F08CFE98B1FA48D0E90010CDE93F
:1097200000106878ADF804908DF80000ADF8067070
:1097300060886A463146FFF703FF07B0BDE8F08F47
:10974000716808EB88002C2202EBC000085AB8426E
:10975000F3D1EC486A46D0E90210CDE900106878F0
:109760008DF8000008F0FF058DF802506088314642
:10977000FFF7E6FE2246294623E097E025E0CEE00B
:1097800023E1082FD9D1B5F80480E88800F057FE0E
:1097900007460146304600F081FE0028CDD007EB99
:1097A000870271680AEBC2000844028A4245C4D1AC
:1097B00001780829C1D1407869788842BDD1F9B2D1
:1097C00022463046FFF765F9B7E70E2F7FF470AFFA
:1097D000E9886F898B46B5F808903046FFF7BCF9E9
:1097E000ABF14001402901D3092048E0B9F1170F3E
:1097F00001D3172F01D20B2041E040280ED000EBFF
:10980000800271680AEBC20008440178012903D183
:1098100040786978884290D00A2030E03046FFF7DF
:109820007CF940282AD000EB800372680AEBC30160
:1098300002EB0108012288F800206A7888F80120EC
:109840007168AA884989B94200D93946AD8903238C
:109850002372A282E7812182A4F80C90658200F035
:10986000FBFD6081A8F81490A8F81870A8F80E50B5
:10987000A8F810B0204600F0D0FD5EE704200521D6
:109880002172A4F80A80E081012121739D49D1E968
:109890000421CDE9002169788DF80010ADF80200AF
:1098A00060886A463146FFF74BFEE3E7062F8BD30D
:1098B000B07890421AD13078010717D520F008000F
:1098C00030706088414660F31F4100200AF026FA9C
:1098D00002208DF80800A888ADF80C00ADF80E90B5
:1098E0006088224602A9F8F785FB26E70421304666
:1098F000FFF749F905464028BFD0022083030090B6
:1099000022462946304600F0E6FD4146608865F370
:109910000F2160F31F4105200AF000FA0DE70E2F1A
:10992000ABD104213046FFF72EF981464028A4D060
:109930004146608869F30F2160F31F4105200AF05A
:10994000EDF9A88906906889009070682F89408990
:10995000B84200D938468346B5F80680A8880190F9
:10996000484600F079FD6081069818B10220009009
:10997000069B24E0B8F1170F1ED3172F1CD3042029
:10998000207200986082E781A4F810B0A4F80C80DF
:1099900009EB890271680AEBC2000D18DDE90002CB
:1099A000A5F81480A5F818B0E8812A82204600F0B6
:1099B00034FD06202870C0E601200B2300902246CB
:1099C0004946304600F087FDB7E6082F8DD1A988BB
:1099D0003046FFF7C1F80746402886D000F027FD43
:1099E00000289BD107EB870271680AEBC20008448C
:1099F000804600F069FD002890D1ED88B8F80E008F
:109A00002844B0F5803F05D360883A46314600F0DF
:109A100099FD92E6002DCED0A8F80E0060883A4657
:109A20003146FFF766FB08202072384600F014FD2F
:109A30006081A5811EE72DE9F05F0C4601281ED04C
:109A4000957992F80480567905EB85011F2202EB87
:109A5000C10121F0030B08EB060111FB05F14FF6E4
:109A6000FF7202EAC10909F1030115FB0611264F35
:109A700021F0031ABB6840B101283ED125E061689E
:109A8000E57891F800804E78DEE75946184606F0F2
:109A900062F9606000B9FFDF5A460021606803F098
:109AA00072FCE5705146B86806F055F96168486186
:109AB00000B9FFDF6068426902EB090181616068FB
:109AC00080F800806068467017E06068524641691F
:109AD000184606F06BF95A466168B86806F066F9F0
:109AE000032006F097FA0446032006F09BFA201A9A
:109AF000012802D1B86806F023F90BEB0A00BDE893
:109B0000F09F000028B101002C0000200246002137
:109B1000022090E7F7B5FF4C0A2016462070009807
:109B200060B100254FEA0D0006F0F7F80021A170A2
:109B30006670002D01D10099A160FEBD01250020B5
:109B4000F2E770B50C46154638220021204603F096
:109B50001AFC012666700A22002104F11C0003F0A1
:109B600012FC05B9FFDF297A207861F3010020702B
:109B7000A87900282DD02A4621460020FFF75BFF58
:109B800061684020E34A88706168C8706168087144
:109B900061684871616888716168288808816168B6
:109BA00068884881606886819078002811D0616853
:109BB0000620087761682888C885616828884886F3
:109BC0006068068560686988928801868186468516
:109BD000828570BDC878002802D0002201202AE7C3
:109BE000704770B50546002165F31F4100200AF05B
:109BF00095F80321284606F061FA040000D1FFDF42
:109C000021462846FEF766FF002804D0207840F061
:109C100010002070012070BD70B505460C46032071
:109C200006F0EAF908B1002070BDBA48857084805A
:109C3000012070BD2DE9FF4180460E460F0CFEF756
:109C400045FA050007D06F800321384606F036FA42
:109C5000040008D106E004B03846BDE8F041132105
:109C6000F8F79EBDFFDF5FEA080005D0B8F1050FE9
:109C700018D0FFDFBDE8FF8120782A4620F00800D9
:109C800020700020ADF8020002208DF800004FF691
:109C9000FF70ADF80400ADF8060069463846F8F7E5
:109CA000A9F9E7E7C6F3072101EB81021C236068ED
:109CB00003EBC202805C042803D008280AD0FFDF2F
:109CC000D8E7012000904FF440432A46204600F098
:109CD00002FCCFE704B02A462046BDE8F041FEF77B
:109CE000D8BE2DE9F05F05464089002790460C4616
:109CF0003E46824600F0A3FB8146287AC01E082813
:109D00006BD2DFE800F00D04192058363C4772276B
:109D10001026002C6CD0D5E90301C4E902015CE0F7
:109D200070271226002C63D00A2205F10C0104F1E1
:109D3000080003F0FEFA50E071270C26002C57D0E3
:109D4000E868A06049E0742710269CB3D5E90301B8
:109D5000C4E902016888032106F0B0F98346FEF7E2
:109D6000B5F902466888508049465846FEF748FED5
:109D700033E075270A26ECB1A88920812DE07627EB
:109D80001426BCB105F10C0004F1080307C883E8F0
:109D9000070022E07727102664B1D5E90301C4E962
:109DA00002016888032106F089F901466888FFF7F7
:109DB00067FB12E01CE073270826CCB168880321FA
:109DC00006F07CF901460078C00606D56888FEF7E3
:109DD00081FE10B96888F7F703FEA8F800602CB17F
:109DE0002780A4F806A066806888A080002086E608
:109DF000A8F80060FAE72DE9FC410C461E4617461C
:109E00008046032106F05AF905460A2C0AD2DFE8FB
:109E100004F005050505050509090907042303E004
:109E2000062301E0FFDF0023CDE900762246294624
:109E30004046FEF70CFFBDE8FC81F8B50546A0F5ED
:109E40007F40FF382BD0284606F06BFA040000D183
:109E5000FFDF204605F001FE002821D001466A46BA
:109E6000204605F01CFE00980321B0F80560284646
:109E700006F024F90446052E13D0304600F0DFFA30
:109E800005460146204600F009FB40B1606805EB3D
:109E900085013E2202EBC101405A002800D001207A
:109EA000F8BD007A0028FAD00020F8BDF8B50446C5
:109EB000408806F036FA050000D1FFDF6A462846E2
:109EC000616800F0A8FA01460098091F8BB230F8CB
:109ED000032F0280428842800188994205D1042ADA
:109EE00008D0052A20D0062A16D022461946FFF7A8
:109EF000C5F9F8BD001D0E4605460146224630460E
:109F0000FBF763F90828F4D1224629463046FCF7CE
:109F1000C2F9F8BD2C000020636864880A46011D60
:109F20002046F9F7C5FBF4E72246001DFFF795FB35
:109F3000EFE770B50D460646032106F0BFF80400B2
:109F400004D02078000704D5112070BD43F2020030
:109F500070BD2A4621463046FEF713FF18B928681F
:109F600060616868A061207840F0080020700020DF
:109F700070BD2DE9F04F0E4691B08046032106F0EA
:109F80009DF80446404606F0DEF90746002007909B
:109F900008900990ADF830000A9002900390049068
:109FA00004B9FFDF0DF10809FFB9FFDF1DE03846F6
:109FB0000BA9002205F014FC9DF82C0000F07F0591
:109FC0000A2D00D3FFDF6019017F491E01779DF83C
:109FD0002C00000609D52A460CA907A8FEF727FE83
:109FE00019F80510491C09F80510761EF6B2DED2E4
:109FF00004F13400F84D04F1260BDFF8E0A304F17E
:10A000002A07069010E05846069900F08DFA064699
:10A0100028700A2800D3FFDF5AF8261040468847E8
:10A02000E08CC05DB04202D0208D0028EBD10A2028
:10A030002870EA4D4E4628350EE00CA907A800F01E
:10A0400073FA0446375D55F8240000B9FFDF55F870
:10A050002420394640469047BDF81E000028ECD128
:10A0600011B0BDE8F08F10B5032106F027F8040009
:10A0700000D1FFDF0A22002104F11C0003F083F964
:10A08000207840F00400207010BD10B50C4603216C
:10A0900006F014F82044007F002800D0012010BDF5
:10A0A0002DE9F84F894615468246032106F006F849
:10A0B000070004D02846F7F7BEF840B903E043F2A2
:10A0C0000200BDE8F88F4846F7F7DBF808B110202A
:10A0D000F7E7786828B169880089814201D90920A9
:10A0E000EFE7B9F800001C2488B100F0A8F9804619
:10A0F0000146384600F0D2F988B108EB880079684B
:10A1000004EBC000085C01280BD00820D9E73846D2
:10A11000FEF703FD8046402807D11320D1E7052034
:10A12000CFE7FDF7D3FF06000BD008EB8800796876
:10A1300004EBC0000C18B9F8000020B1E88910B198
:10A1400013E01120BDE72888172802D36888172854
:10A1500001D20720B5E7686838B12B1D2246414679
:10A160003846FFF732F90028ABD104F10C026946FA
:10A170002046FFF729F8288860826888E082B9F8CD
:10A18000000030B102202070E889A080E889A0B1E9
:10A190002BE003202070A889A0807868817840296E
:10A1A00005D180F8028039465046FEF71EFE404633
:10A1B00000F052F9A9F8000021E07868218B40896D
:10A1C000884200D908462083A6F802A004203072F5
:10A1D000B9F800007081E0897082F181208B3082B3
:10A1E000A08AB081304600F018F97868C17840291B
:10A1F00005D180F8038039465046FEF747FE00201F
:10A200005FE770B50D460646032105F057FF0400D1
:10A210000ED0284600F013F905460146204600F00E
:10A220003DF918B1284600F002F920B1052070BDB3
:10A2300043F2020070BD05EB85011C22606802EB51
:10A24000C101084400F040F908B1082070BD2A4659
:10A250002146304600F076F9002070BD2DE9F0412E
:10A260000C4617468046032105F028FF0546204688
:10A2700000F0E5F8044695B10146284600F00EF9D5
:10A2800080B104EB84011C22686802EBC10146180E
:10A29000304600F019F938B10820BDE8F08143F2EA
:10A2A0000200FAE70520F8E73B46324621462846F9
:10A2B000FFF78BF80028F0D1E2B229464046FEF7BE
:10A2C000A2FF708C0838082803D24348407800F079
:10A2D0006BFE0020E1E72DE9F0410D461746804670
:10A2E000032105F0EBFE0446284600F0A8F80646D8
:10A2F00024B13846F6F79FFF38B902E043F2020076
:10A30000CBE73868F6F797FF08B11020C5E731466C
:10A31000204600F0C3F860B106EB86011C2260689D
:10A3200002EBC1014518284600F0CEF818B108200C
:10A33000B3E70520B1E7B888A98A884201D90C2083
:10A34000ABE76168E88C4978B0EBC10F01D313200B
:10A35000A3E73146204600F095F8014660680823DF
:10A360004078C20005F1240005F041FDD7E9001254
:10A37000C0E90012F2B221464046FEF7BAFE0020C4
:10A380008BE72DE9F0470D461F4690468146032195
:10A3900005F094FE0446284600F051F806463CB10C
:10A3A0004DB13846F6F78BFF50B11020BDE8F0876D
:10A3B00043F20200FAE7606858B1A0F80C8028E088
:10A3C0003146204600F06AF818B1304600F02FF808
:10A3D00030B10520EAE700002C00002040B1010068
:10A3E00006EB86011C22606802EBC1014518284675
:10A3F00000F06AF808B10820D8E7A5F80880F2B2A2
:10A4000021464846FEF7FFFE1FB1A8896989084426
:10A4100038800020CAE705F042BB017821F00F0127
:10A42000491C21F0F00110310170FDF753BE20B935
:10A430004E48807808B101207047002070474B4992
:10A440008988884201D100207047402801D24020ED
:10A4500000E0403880B2704710B50446402800D96B
:10A46000FFDF2046FFF7E3FF10B14048808810BDB2
:10A470004034A0B210BD406842690078484302EB06
:10A48000C0007047C2784068037812FB03F243783B
:10A49000406901FB032100EBC1007047C2788A428A
:10A4A00009D9406801EB81011C2202EBC101405C2B
:10A4B00008B101207047002070470078062801D9B4
:10A4C00001207047002070470078062801D0012045
:10A4D000704700207047F0B401EB81061C274468E8
:10A4E00007EBC6063444049D05262670E3802571DB
:10A4F000F0BCFEF785BA10B5418911B1FFF7DDFF59
:10A5000008B1002010BD012010BD10B5C18C8278AB
:10A51000B1EBC20F04D9C18911B1FFF7CEFF08B169
:10A52000002010BD012010BD10B50C4601230A22E9
:10A53000011D05F092FC00782188012282409143A0
:10A54000218010BDF0B402EB82051C264C6806EB9E
:10A55000C505072363554B681C79402C03D11A713C
:10A56000F0BCFEF7D8BCF0BC704700002C00002007
:10A5700070B50B2000F0BDF9082000F0BAF90021F9
:10A580000B2000F0D4F90021082000F0D0F9F44CA1
:10A5900001256560A5600020C4F84001C4F84401AD
:10A5A000C4F848010B2000F0B5F9082000F0B2F91A
:10A5B0000B2000F091F9256070BD10B50B2000F064
:10A5C00098F9082000F095F9E54801214160816083
:10A5D000E4490A68002AFCD10021C0F84011C0F803
:10A5E0004411C0F848110B2000F094F9BDE8104068
:10A5F000082000F08FB910B50B2000F08BF9BDE8F2
:10A600001040082000F086B900B530B1012806D00E
:10A61000022806D0FFDF002000BDD34800BDD3488C
:10A6200000BDD248001D00BD70B5D1494FF00040BB
:10A630000860D04DC00BC5F80803CF480024046063
:10A64000C5F840410820C43500F053F9C5F83C4135
:10A65000CA48047070BD08B5C14A002128B101285C
:10A6600011D002281CD0FFDF08BD4FF48030C2F8A3
:10A670000803C2F84803BB483C300160C2F84011EF
:10A68000BDE80840D0E74FF40030C2F80803C2F834
:10A690004803B44840300160C2F84411B3480CE0AC
:10A6A0004FF48020C2F80803C2F84803AD48443094
:10A6B0000160C2F84811AD48001D0068009008BD57
:10A6C00070B516460D460446022800D9FFDF002269
:10A6D000A348012304F110018B4000EB8401C1F871
:10A6E000405526B1C1F84021C0F8043303E0C0F85A
:10A6F0000833C1F84021C0F8443370BD2DE9F04162
:10A700001D46144630B1012833D0022838D0FFDF6F
:10A71000BDE8F081891E002221F07F411046FFF73D
:10A72000CFFF012D23D00020944D924F0126687059
:10A730003E61914900203C3908600220091D0860F3
:10A740008D490420303908608B483D34046008206E
:10A750006C6000F0DFF83004C7F80403082000F054
:10A76000BBF88349F007091F08602E70D0E701206D
:10A77000DAE7012B02D00022012005E00122FBE7ED
:10A78000012B04D000220220BDE8F04198E701220D
:10A79000F9E774480068704770B500F0D8F8704C5D
:10A7A0000546D4F840010026012809D1D4F8080351
:10A7B000C00305D54FF48030C4F80803C4F84061E5
:10A7C000D4F8440101280CD1D4F80803800308D53B
:10A7D0004FF40030C4F80803C4F84461012008F0C5
:10A7E00014FAD4F8480101280CD1D4F80803400326
:10A7F00008D54FF48020C4F80803C4F8486102204B
:10A8000008F003FA5E48056070BD70B500F09FF86F
:10A810005A4D0446287850B1FFF706FF687818B102
:10A820000020687008F0F1F95548046070BD0320FD
:10A83000F8E74FF0E0214FF40010C1F80002704734
:10A84000152000F067B84B4901200861082000F08E
:10A8500061B848494FF47C10C1F808030020024653
:10A8600001EB8003C3F84025C3F84021401CC0B26F
:10A870000628F5D37047410A43F609525143C0F305
:10A88000080010FB02F000F5807001EB50207047CB
:10A8900010B5430B48F2376463431B0C5C020C6039
:10A8A000384C03FB0400384B4CF2F72443435B0D58
:10A8B00013FB04F404EB402000F58070401210708C
:10A8C00008681844086010BD2C4840687047294942
:10A8D0000120C1F800027047002809DB00F01F02C8
:10A8E000012191404009800000F1E020C0F80011F2
:10A8F000704700280DDB00F01F0201219140400944
:10A90000800000F1E020C0F88011BFF34F8FBFF34B
:10A910006F8F7047002809DB00F01F020121914072
:10A920004009800000F1E020C0F88012704749071C
:10A93000090E002804DB00F1E02080F800147047C5
:10A9400000F00F0000F1E02080F8141D70470C4863
:10A95000001F00680A4A0D49121D1160704700006F
:10A9600000B0004004B500404081004044B10040C8
:10A9700008F501400080004040850040380000207C
:10A9800014050240F7C2FFFF6F0C01000100000137
:10A9900010B5EFF3108000F0010472B6FC48417866
:10A9A000491C41704078012801D108F081FD002C3C
:10A9B00000D162B610BD70B5F54CA07848B901253C
:10A9C000A570FFF7E5FF08F084FD20B1002008F036
:10A9D0004EFD002070BD4FF08040E570C0F804537C
:10A9E000F7E770B5EFF3108000F0010572B6E84CA0
:10A9F000607800B9FFDF6078401E6070607808B949
:10AA000008F05AFD002D00D162B670BDE04810B5C7
:10AA1000817821B10021C1708170FFF7E2FF002031
:10AA200010BD10B5044608F054FDD9498978084096
:10AA300000D001202060002010BD10B5FFF7A8FF56
:10AA400008F047FD02220123D149540728B1D1481B
:10AA5000026023610320087202E00A72C4F8043322
:10AA60000020887110BD2DE9F84FDFF8249342785B
:10AA7000817889F80420002689F80510074689F8AE
:10AA800006600078DFF810B3354620B1012811D0F8
:10AA9000022811D0FFDF08F02EFD4FF0804498B15E
:10AAA00008F030FDB0420FD1304608F02FFD0028ED
:10AAB000FAD042E00126EEE7FFF76AFF5846016848
:10AAC000C907FCD00226E6E70120E060C4F8045183
:10AAD000B2490E600107D1F84412B04AC1F34231C5
:10AAE00024321160AD49343108604FF0020AC4F8D5
:10AAF00004A3A060AA480168C94341F3001101F111
:10AB00000108016841F01001016001E010F030F926
:10AB1000D4F804010028F9D0304608F0F7FC0028EA
:10AB2000FAD0B8F1000F04D19D48016821F010015E
:10AB30000160C4F808A3C4F8045199F805004E4612
:10AB400080B1387870B908F0C4FC804608F0CAFEBD
:10AB50006FF00042B8F1000F02D0C6E9032001E017
:10AB6000C6E90302DBF80000C00701D008F0ADFC25
:10AB7000387810B13572BDE8F88F4FF01808C4F876
:10AB800008830127A7614FF42070ADF8000000BFD3
:10AB9000BDF80000411EADF80010F9D2C4F80C5108
:10ABA000C4F810517A48C01D08F030FD3570FFF729
:10ABB00044FF67617949307920310860C4F8048323
:10ABC000D9E770B5050000D1FFDF4FF080424FF0AC
:10ABD000FF30C2F808030021C2F80011C2F80411C6
:10ABE000C2F80C11C2F81011694C617008F07DFCBC
:10ABF00010B10120A070607067480068C00701D0E4
:10AC000008F063FC2846BDE870402CE76048007AF5
:10AC1000002800D0012070472DE9F04F61484FF027
:10AC2000000A85B0D0F800B0D14657465D4A5E496B
:10AC3000083211608406D4F8080110B14FF0010801
:10AC400001E04FF0000808F0B4FC78B1D4F824011A
:10AC500000B101208246D4F81C0100B101208146D8
:10AC6000D4F8200108B1012700E00027D4F8000142
:10AC700000B101200490D4F8040100B10120039038
:10AC8000D4F80C0100B101200290D4F8100100B1F9
:10AC900001203F4D0190287800260090B8F1000F68
:10ACA00004D0C4F80861012008F0E1FBBAF1000FFC
:10ACB00004D0C4F82461092008F0D9FBB9F1000FD1
:10ACC00004D0C4F81C610A2008F0D1FB27B1C4F8F5
:10ACD00020610B2008F0CBFB2D48C01D08F09EFC26
:10ACE00000B1FFDFDFF8AC800498012780B1C4F821
:10ACF0000873E87818B1EE70002008F0B8FB287AE5
:10AD0000022805D1032028720221C8F8001027610B
:10AD1000039808B1C4F80461029850B1C4F80C61FA
:10AD2000287A032800D0FFDFC8F800602F72FFF7F1
:10AD300058FE019838B1C4F81061287A012801D171
:10AD400000F05CF86761009838B12E70287A01280D
:10AD500001D1FFF772FEFFF744FE0D48C01D08F059
:10AD600073FC1049091DC1F800B005B0BDE8F08FB3
:10AD7000074810B5C01D08F051FC0549B0B10120CD
:10AD800008704FF0E021C1F80002BDE81040FFE577
:10AD900040000020340C00400C0400401805004026
:10ADA00010ED00E01005024001000001087A0128C2
:10ADB00001D1FFF742FEBDE81040244808F044BC32
:10ADC00070B5224CE41FA07808B908F075FB01208B
:10ADD0008507A861207A0026032809D1D5F80C013F
:10ADE00020B9002008F092FB0028F7D1C5F80C61CB
:10ADF00026724FF0FF30C5F8080370BD70B5134CD4
:10AE0000E41F6079F0B1012803D0A179401E81428E
:10AE100018DA08F05EFB054608F064FD6179012947
:10AE200002D9A179491CA1710DB1216900E0E16845
:10AE3000411A022902DA11F1020F06DC0DB120617C
:10AE400000E0E060BDE87040F7E570BD470000201D
:10AE5000374901200860704770B50D2000F049F8AF
:10AE6000344C0020C4F800010125C4F804530D201F
:10AE700000F050F825604FF0E0216014C1F80001A7
:10AE800070BD10B50D2000F034F82A480121416052
:10AE90000021C0F80011BDE810400D2000F03AB8C4
:10AEA000254810B504682449244808310860214920
:10AEB000D1F80001012804D0FFDF1F48001D046005
:10AEC00010BD1B48001D00680022C0B2C1F800215F
:10AED00008F05FFCF1E710B5164800BFD0F800118C
:10AEE0000029FBD0FFF7DCFFBDE810400D2000F08B
:10AEF00011B800280DDB00F01F020121914040092C
:10AF0000800000F1E020C0F88011BFF34F8FBFF345
:10AF10006F8F7047002809DB00F01F02012191406C
:10AF20004009800000F1E020C0F880127047000066
:10AF300004D5004000D0004010050240010000018F
:10AF40004FF0E0214FF00070C1F8800101F5C071B1
:10AF5000BFF34F8FBFF36F8FC1F80001394B8022D1
:10AF600083F8002441F8800C704700B502460420A5
:10AF7000354903E001EBC0031B792BB1401EC0B281
:10AF8000F8D2FFDFFF2000BD41F8302001EBC00107
:10AF900000224A718A7101220A7100BD2A4A0021E9
:10AFA00002EBC0000171704710B50446042800D3BD
:10AFB000FFDF254800EBC4042079012800D0FFDF23
:10AFC0006079A179401CC0B2814200D060714FF01D
:10AFD000E0214FF00070C1F8000210BD70B50425EB
:10AFE000194E1A4C16E0217806EBC1000279012AAD
:10AFF00008D1427983799A4204D04279827156F815
:10B00000310080472078401CC0B22070042801D352
:10B01000002020706D1EEDB2E5D270BD0C4810B559
:10B0200004680B490B4808310860064890F8000492
:10B030004009042800D0FFDFFFF7D0FF0448001DBF
:10B04000046010BD19E000E07805002054000020E5
:10B0500010050240010000010F4A12680D498A42A2
:10B060000CD118470C4A12680A4B9A4206D101B516
:10B0700008F00AFC08F0DDFEBDE801400749096858
:10B080000958084706480749054A064B704700001B
:10B0900000000000BEBAFECA5800002004000020D4
:10B0A000B00F0020B00F002070B50C46054600F030
:10B0B00045FB21462846BDE8704001F026BC000053
:10B0C000F8B51D46DDE906470E000AD005F03BF94C
:10B0D0002346FF1DBCB231462A46009404F059FDB8
:10B0E000F8BDD0192246194602F023F92046F8BDD2
:10B0F00070B50D4604461022002102F044F9258166
:10B1000017206081A07B40F00A00A07370BD4FF64D
:10B11000FF720A800146022008F000BE70470089D5
:10B120007047827BD30701D1920703D480890880BE
:10B130000020704705207047827B920700D58181EF
:10B14000704701460020098841F6FE52114200D0A6
:10B150000120704700B50346807BC00701D0052061
:10B1600000BD59811846FFF7ECFFC00703D0987B5C
:10B1700040F004009873987B40F001009873002021
:10B1800000BD827B520700D509B140897047172066
:10B190007047827B61F3C302827370472DE9FC5FC5
:10B1A0000E46044601789646012000FA01F14DF65C
:10B1B000FF5201EA020962684FF6FF7B1188594588
:10B1C00002D10920BDE8FC9FB9F1000F05D041F67E
:10B1D000FE55294201D00120F4E741EA090111801E
:10B1E0001D0014D000232B7094F800C00521032209
:10B1F0001F464FF0020ABCF10E0F76D2DFE80CF0CA
:10B20000F909252F47646B77479193B4D1D804206F
:10B21000D8E7616820898B7B9B0767D517284AD3BD
:10B220000B89834247D38989172901D3814242D1AF
:10B2300085F800A0A5F80100328061688881606807
:10B24000817B21F002018173C6E0042028702089EF
:10B25000A5F801006089A5F803003180BCE0208AD0
:10B260003188C01D1FFA80F8414524D3062028707C
:10B270002089A5F801006089A5F80300A089A5F838
:10B2800005000721208ACDE90001636941E00CF047
:10B29000FF00082810D0082028702089A5F8010098
:10B2A0006089A5F8030031806A1D694604F10C002D
:10B2B00006F0BBFC10B15EE01020EDE730889DF891
:10B2C00000100844308087E00A2028702089A5F803
:10B2D0000100328044E00C2028702089A5F801008C
:10B2E0006089A5F8030031803AE082E064E02189BA
:10B2F000338800EB41021FFA82F843453BD3B8F193
:10B30000050F38D30E222A700BEA4101CDE9001057
:10B31000E36860882A467146FFF7D2FEA6F80080EF
:10B320005AE04020287060893188C01C1FFA80F8DC
:10B33000414520D32878714620F03F001230287014
:10B340002089A5F801006089CDE9000260882A46BD
:10B35000E368FFF7B5FEA6F80080287840063BD4E6
:10B3600061682089888037E0A0893288401D1FFAF3
:10B3700080F8424501D204273DE01620287020893C
:10B38000A5F801006089A5F80300A089CDE90001B6
:10B3900060882A4671462369FFF792FEA6F800806E
:10B3A000DEE718202870207A6870A6F800A013E065
:10B3B00061680A88920401D405271CE0C9882289A3
:10B3C000914201D0062716E01E2129703080606866
:10B3D000018821F400510180B9F1000F0BD0618880
:10B3E00078230022022008F0EFFB61682078887043
:10B3F00006E0338003276068018821EA09010180A3
:10B400003846DFE62DE9FF4F85B01746129C0D0048
:10B410001E461CD03078C10703D000F03F00192829
:10B4200001D9012100E000212046FFF7AAFEA84231
:10B430000DD32088A0F57F41FF3908D03078410630
:10B4400001D4000605D5082009B0BDE8F08F07201B
:10B45000FAE700208DF800008DF8010030786B1EAF
:10B4600000F03F0C0121A81E4FF0050A4FF0020921
:10B470004FF0030B9AB2BCF1200F75D2DFE80CF04D
:10B480008B10745E7468748C749C74B574BA74C8D0
:10B4900074D474E1747474F174EF74EE74ED748B9D
:10B4A000052D78D18DF80090A0788DF80400708873
:10B4B000ADF8060030798DF80100707800F03F009B
:10B4C0000C2829D00ADCA0F10200092863D2DFE8A9
:10B4D00000F0126215621A621D622000122824D048
:10B4E00004DC0E281BD01028DBD11BE016281FD04F
:10B4F0001828D6D11FE02078800701E02078400787
:10B50000002848DAEEE020780007F9E72078C00646
:10B51000F6E720788006F3E720784006F0E7207809
:10B520000006EDE72088C005EAE720884005E7E748
:10B5300020880005E4E72088C004E1E72078800740
:10B5400029D5032D27D18DF800B0B6F8010081E090
:10B55000217849071FD5062D1DD381B270780128A7
:10B5600003D0022817D102E0C9E0022000E0102039
:10B5700004228DF8002072788DF80420801CB1FB25
:10B58000F0F2ADF8062092B242438A4203D103970B
:10B59000ADF80890A6E079E02078000776D598B25B
:10B5A00082088DF800A0ADF80420B0EB820F6DD1B9
:10B5B0000297ADF8061095E02178C90666D5022DF0
:10B5C00064D381B206208DF80000707802285DD324
:10B5D000B1FBF0F28DF80400ADF8062092B24243C0
:10B5E0008A4253D1ADF808907BE0207880064DD593
:10B5F000072003E0207840067FD508208DF8000062
:10B60000A088ADF80400ADF80620ADF8081068E099
:10B610002078000671D50920ADF804208DF80000CF
:10B62000ADF8061002975DE02188C90565D5022DA9
:10B6300063D381B20A208DF80000707804285CD3AF
:10B64000C6E72088400558D5012D56D10B208DF82E
:10B650000000A088ADF8040044E021E026E016E0F8
:10B66000FFE72088000548D5052D46D30C208DF82E
:10B670000000A088ADF80400B6F803006D1FADF817
:10B680000850ADF80600ADF80AA02AE035E02088A1
:10B69000C00432D5012D30D10D208DF8000021E0FD
:10B6A0002088800429D4B6F80100E080A07B000740
:10B6B00023D5032D21D3307800F03F001B2818D06C
:10B6C0000F208DF80000208840F40050A4F80000FE
:10B6D000B6F80100ADF80400ED1EADF80650ADF867
:10B6E00008B0039769460598F9F7B8FA050008D03D
:10B6F00016E00E208DF80000EAE7072510E0082587
:10B700000EE0307800F03F001B2809D01D2807D03C
:10B710000220059908F002FB208800F400502080E8
:10B72000A07B400708D52046FFF70BFDC00703D1DB
:10B73000A07B20F00400A073284685E61FB50228F0
:10B7400006D101208DF8000088B26946F9F786FA23
:10B750001FBD0000F8B51D46DDE906470E000AD002
:10B7600004F0F1FD2346FF1DBCB231462A46009489
:10B7700004F00FFAF8BDD0192246194601F0D9FDA0
:10B780002046F8BD2DE9FF4F8DB09B46DDE91B57E4
:10B79000DDF87CA00C46082B05D0E06901F0FEF82E
:10B7A00050B11020D2E02888092140F010002880F4
:10B7B0008AF80010022617E0E16901208871E26929
:10B7C0004FF420519180E1698872E06942F60101ED
:10B7D0000181E069002181732888112140F0200057
:10B7E00028808AF80010042638780A900A203870D9
:10B7F0004FF0020904F118004D460C9001F0C6FB11
:10B80000B04681E0BBF1100F0ED1022D0CD0A9EB98
:10B810000800801C80B20221CDE9001005AB524621
:10B820001E990D98FFF796FFBDF816101A988142E1
:10B8300003D9F74800790F9004E003D10A9808B1C2
:10B8400038702FE04FF00201CDE900190DF1160319
:10B8500052461E990D98FFF77DFF1D980088401BEA
:10B86000801B83B2C6F1FF00984200D203461E99A6
:10B870000BA8D9B15FF00002DDF878C0CDE9032054
:10B8800009EB060189B2CDE901C10F980090BDF81E
:10B89000161000220D9801F00EFC387070B1C0B285
:10B8A000832807D0BDF8160020833AE00AEB09018F
:10B8B0008A19E1E7022011B0BDE8F08FBDF82C0035
:10B8C000811901F0FF08022D0DD09AF801204245A0
:10B8D00006D1BDF82010814207D0B8F1FF0F04D087
:10B8E0009AF801801FE08AF80180C9480068017851
:10B8F000052902D1BDF81610818009EB08001FFA56
:10B9000080F905EB080085B2DDE90C1005AB0F9A54
:10B9100001F03FFB28B91D980088411B4145BFF647
:10B9200071AF022D13D0BBF1100F0CD1A9EB0800A1
:10B93000801C81B20220CDE9000105AB52461E9960
:10B940000D98FFF707FF1D98058000203870002034
:10B95000B1E72DE9F8439C46089E13460027B26BD9
:10B960009AB3491F8CB2F18FA1F57F45FF3D05D0F9
:10B970005518AD882944891D8DB200E0002529198C
:10B98000B6F83C800831414520D82A44BCF8011063
:10B9900022F8021BBCF8031022F8021B984622F87A
:10B9A000024B914604F0BDFC4FF00C0C41464A4658
:10B9B0002346CDF800C004F0B8F8F587B16B00203D
:10B9C0002944A41D2144088003E001E0092700E088
:10B9D00083273846BDE8F88310B50B88848F9C42D6
:10B9E0000CD9846BE018048844B1848824F40044A2
:10B9F000A41D23440B801060002010BD0A2010BD40
:10BA00002DE9F0478AB00025904689468246ADF878
:10BA1000185007274BE0059806888088000446D414
:10BA2000A8F8006007A8019500970295CDE903509A
:10BA30004FF4007300223146504601F03CFB0400F5
:10BA40003CD1BDF81800ADF8200005980488818825
:10BA5000B44216D10A0414D401950295039521F439
:10BA600000410097049541F48043428821465046A6
:10BA700001F0BFF804000BD10598818841F4004122
:10BA8000818005AA08A94846FFF7A6FF0400DCD07C
:10BA90000097059802950195039504950188BDF8D6
:10BAA0001C300022504601F0A4F80A2C06D105AA49
:10BAB00006A94846FFF790FF0400ACD0ADF8185037
:10BAC00004E00598818821F40041818005AA06A937
:10BAD0004846FFF781FF0028F3D00A2C03D0204608
:10BAE0000AB0BDE8F0870020FAE710B50C46896B74
:10BAF00086B051B10C218DF80010A18FADF808105F
:10BB0000A16B01916946FAF75BF800204FF6FF71CF
:10BB1000A063E187A08706B010BD2DE9F0410D4676
:10BB20000746896B0020069E1446002911D0012B80
:10BB30000FD1324629463846FFF762FF002808D168
:10BB4000002C06D0324629463846BDE8F04100F0C8
:10BB500034BFBDE8F0812DE9FC411446DDE9087CE5
:10BB60000E46DDE90A15521DBCF800E092B296457A
:10BB700002D20720BDE8FC81ACF8002017222A7011
:10BB8000A5F80160A5F803300522CDE900423B4647
:10BB90002A46FFF7DFFD0020ECE770B50C4615469E
:10BBA00048220021204601F0EEFB04F1080044F891
:10BBB0001C0F00204FF6FF71E06161842084A58492
:10BBC0001720E08494F82A0040F00A0084F82A0044
:10BBD00070BD4FF6FF720A800146032008F09EB840
:10BBE00030B585B00C460546FFF77FFFA18E28468D
:10BBF00029B101218DF800106946F9F7E1FF002015
:10BC0000E0622063606305B030BDB0F8400070476B
:10BC10005C00002090F84620920703D440880880FA
:10BC20000020F4E70620F2E790F846209207EED5D0
:10BC3000A0F84410EBE70146002009880A0700D568
:10BC4000012011F0F00F01D040F00200CA0501D52B
:10BC500040F004008A0501D540F008004A0501D5EE
:10BC600040F010000905D2D540F02000CFE700B524
:10BC7000034690F84600C00701D0062000BDA3F897
:10BC800042101846FFF7D7FF10F03E0F05D093F88B
:10BC9000460040F0040083F8460013F8460F40F0D9
:10BCA00001001870002000BD90F84620520700D512
:10BCB00011B1B0F84200AAE71720A8E710F8462F04
:10BCC00061F3C3020270A2E72DE9FF4F9BB00E00A3
:10BCD000DDE92B34DDE92978289D24D02878C107B7
:10BCE00003D000F03F00192801D9012100E0002114
:10BCF0002046FFF7D9FFB04215D32878410600F05F
:10BD00003F010CD41E290CD0218811F47F6F0AD179
:10BD10003A8842B1A1F57F42FF3A04D001E01229EE
:10BD200001D1000602D504201FB0C5E5FA491D98CF
:10BD30004FF0000A08718DF818A08DF83CA00FAAEA
:10BD40000A60ADF81CA0ADF850A02978994601F022
:10BD50003F02701F5B1C04F1180C4FF0060E4FF0F1
:10BD6000040BCDF858C01F2A7ED2DFE802F07D7D9B
:10BD7000107D267DAC7DF47DF37DF27DF17DF47D3B
:10BD8000F07D7D7DEF7DEE7D7D7D7D7DED0094F808
:10BD90004610B5F80100890701D5032E02D08DF8B1
:10BDA00018B01EE34FF40061ADF85010608003211D
:10BDB0008DF83C10ADF84000D4E2052EEFD1B5F877
:10BDC00001002083ADF81C00B5F80310618308B1B1
:10BDD000884201D9012079E10020A07220814FF62C
:10BDE000FF702084169801F0D1F8052089F8000032
:10BDF0000220029083460AAB1D9A16991B9801F007
:10BE0000C8F890BB9DF82E00012804D0022089F8C4
:10BE10000100102003E0012089F8010002200590B4
:10BE2000002203A90BA805F000FFE8BB9DF80C0059
:10BE3000059981423DD13988801CA1EB0B018142DB
:10BE400037DB02990220CDE900010DF12A034A46B1
:10BE500041461B98FFF77EFC02980BF1020B801CF9
:10BE600081B217AA029101E09CE228E003A90BA885
:10BE700005F0DBFE02999DF80C00CDE9000117AB3F
:10BE80004A4641461B98FFF765FC9DF80C000AAB3B
:10BE90000BEB00011FFA81FB02991D9A084480B246
:10BEA000029016991B9800E003E001F072F8002858
:10BEB000B6D0BBF1020F02D0A7F800B04FE20A20C3
:10BEC0008DF818004BE200210391072EFFF467AFB5
:10BED000B5F801002083ADF81C00B5F8032062839B
:10BEE00000283FF477AF90423FF674AF0120A07274
:10BEF000B5F8050020810020A073E06900F04EFD38
:10BF000078B9E16901208871E2694FF4205191808C
:10BF1000E1698872E16942F601000881E069002167
:10BF20008173F01F20841E98606207206084169839
:10BF300001F02CF8072089F80000012004900290FD
:10BF40000020ADF82A0028E019E29FE135E1E5E0A4
:10BF500012E2A8E080E043E00298012814D0E069F2
:10BF60008079012803D1BDF82800ADF80E000498AF
:10BF700003ABCDE900B04A4641461B98FFF7EAFB08
:10BF80000498001D80B20490BDF82A00ADF80C00A2
:10BF9000ADF80E00059880B202900AAB1D9A169972
:10BFA0001B9800F0F6FF28B902983988001D05900B
:10BFB0008142D1D20298012881D0E069807901289C
:10BFC00003D1BDF82800ADF80E00049803ABCDE90D
:10BFD00000B04A4641461B98FFF7BCFB0298BDE102
:10BFE000072E02D0152E7FF4DAAEB5F801102183AA
:10BFF000ADF81C10B5F80320628300293FF4EAAEC7
:10C0000091423FF6E7AE0121A1724FF0000BA4F878
:10C0100008B084F80EB0052E07D0C0B2691DE269E1
:10C0200005F0E4FD00287FF44AAF4FF6FF7020844E
:10C0300001A906AA14A8CDF800B081E885032878E4
:10C04000214600F03F031D9A1B98FFF79BFB824699
:10C05000208BADF81C0082E10120032EC3D14021CA
:10C06000ADF85010B5F801102183ADF81C100AAAE4
:10C07000B8F1000F00D00023CDE9020304921D980F
:10C08000CDF80480009038880022401E83B21B98AF
:10C0900001F011F88DF8180090BB0B2089F8000012
:10C0A000BDF8280035E04FF0010C052E9BD1802013
:10C0B000ADF85000B5F801102183B5F803002084D5
:10C0C000ADF81C10B0F5007F03D907208DF81800DB
:10C0D00087E140F47C4222840CA8B8F1000F00D024
:10C0E0000023CDE90330CDE9018C1D9800903888FC
:10C0F000401E83B21B9800F0DEFF8DF8180018B1C7
:10C100008328A8D10220BFE00D2189F80010BDF8D6
:10C110003000401C22E100005C000020032E04D20D
:10C1200048067FF53CAE002018E1B5F80110ADF8E7
:10C130001C102878400602D58DF83CE002E007206C
:10C140008DF83C004FF000080320CDE902081E9B4B
:10C15000CDF810801D980193A6F1030B00901FFAF3
:10C160008BF342461B9800F044FD8DF818008DF8C3
:10C170003C80297849060DD52088C00506D5208B3E
:10C18000BDF81C10884201D1C4F8248040468DF8C7
:10C190001880E3E0832801D14FF0020A4FF4807049
:10C1A000ADF85000BDF81C002083A4F820B01E9804
:10C1B0006062032060841321CDE0052EFFF4EFAD13
:10C1C000B5F80110ADF81C10A28F6AB3A2F57F4339
:10C1D000FE3B29D008228DF83C2000BF4FF0000B19
:10C1E0000523CDE9023BDDF878C0CDF810B01D9AEB
:10C1F00080B2CDF804C040F400430092B5F80320AB
:10C200001B9800F0F6FC8DF83CB04FF400718DF8EF
:10C210001800ADF85010832810D0F8B1A18FA1F507
:10C220007F40FE3807D0DCE00B228DF83C204FF633
:10C23000FE72A287D2E7A4F83CB0D2E000942B466D
:10C2400031461E9A1B98FFF784FB8DF8180008B141
:10C2500083284BD1BDF81C00208353E700942B4664
:10C2600031461E9A1B98FFF774FB8DF81800E8BB47
:10C27000E18FA06B0844831D8DE888034388828882
:10C2800001881B98FFF767FC824668E095F80180FB
:10C29000022E70D15FEA080002D0B8F1010F6AD116
:10C2A00009208DF83C0007A800908DF84080434697
:10C2B000002221461B98FFF730FC8DF842004FF01A
:10C2C000000B8DF843B050B9B8F1010F12D0B8F19E
:10C2D000000F04D1A18FA1F57F40FF380AD0A08FB5
:10C2E00040B18DF83CB04FF4806000E037E0ADF82D
:10C2F00050000DE00FA91B98F9F762FC82468DF8FB
:10C300003CB04FF48060ADF85000BAF1020F06D097
:10C31000FC480068C07928B18DF8180027E0A4F81F
:10C32000188044E0BAF1000F03D081208DF8180086
:10C330003DE007A800904346012221461B98FFF7E5
:10C34000ECFB8DF8180021461B98FFF7CEFB9DF8FB
:10C35000180020B9192189F80010012038809DF8B3
:10C360003C0020B10FA91B98F9F72AFC8246BAF1CC
:10C37000000F33D01BE018E08DF818E031E0207892
:10C38000000712D5012E10D10A208DF83C00E0885C
:10C39000ADF8400003201B9907F0C0FC0820ADF861
:10C3A0005000C0E648067FF5FAAC4FF0040A20883A
:10C3B000BDF8501008432080BDF8500080050BD513
:10C3C000A18FA1F57F40FE3806D11E98E062289823
:10C3D0002063A6864FF0030A5046A5E49DF8180096
:10C3E00078B1012089F80000297889F80110BDF89A
:10C3F0001C10A9F802109DF8181089F804100520E7
:10C4000038802088BDF8501088432080E4E72DE96B
:10C41000FF4F8846087895B0012181404FF209000E
:10C42000249C0140ADF820102088DDF88890A0F50C
:10C430007F424FF0000AFF3A06D039B1000705D518
:10C44000012019B0BDE8F08F0820FAE7239E4FF0D5
:10C45000000B0EA886F800B018995D460988ADF863
:10C460003410A8498DF81CB0179A0A718DF838B0AD
:10C47000086098F8000001283BD0022809D0032862
:10C480006FD1307820F03F001D303070B8F80400D4
:10C49000E08098F800100320022904D1317821F0BF
:10C4A0003F011B31317094F84610090759D505AB8F
:10C4B000B9F1000F13D0002102AA82E80B00072077
:10C4C000CDE90009BDF83400B8F80410C01E83B2ED
:10C4D0000022159800F0EFFD0028D1D101E0F11CF9
:10C4E000EAE7B8F80400A6F80100BDF81400C01C83
:10C4F00004E198F805108DF81C1098F80400012844
:10C5000006D04FF4007A02282CD00328B8D16CE171
:10C510002188B8F8080011F40061ADF8201020D08F
:10C5200017281CD3B4F84010814218D3B4F8441033
:10C53000172901D3814212D1317821F03F01C91C62
:10C540003170A6F801000321ADF83410A4F84400BE
:10C5500094F8460020F0020084F8460065E10525C5
:10C560007EE177E1208808F1080700F4FE60ADF86D
:10C57000200010F0F00F1BD010F0C00F03D038884F
:10C58000228B9042EBD199B9B878C00710D0B96826
:10C590000720CDE902B1CDF804B00090CDF810B07D
:10C5A000FB88BA883988159800F023FB0028D6D17B
:10C5B0002398BDF82010401C80294ED006DC10299D
:10C5C0000DD020290BD0402987D124E0B1F5807F00
:10C5D0006ED051457ED0B1F5806F97D1DEE0C806B0
:10C5E00001D5082000E0102082460DA907AA0520E9
:10C5F000CDE902218DF83800ADF83CB0CDE90496C4
:10C6000008A93888CDE9000153460722214615982C
:10C61000FFF7B8F8A8E09DF81C2001214FF00A0AA6
:10C62000002A9BD105ABB9F1000F00D00020CDE965
:10C6300002100720CDE90009BDF834000493401E24
:10C6400083B2218B0022159800F035FD8DF81C0077
:10C650000B203070BDF8140020E09DF81C20012153
:10C660004FF00C0A002A22D113ABB9F1000F00D011
:10C670000020CDE902100720CDE900090493BDF8A0
:10C680003400228C401E83B2218B159800F013FDDC
:10C690008DF81C000D203070BDF84C00401CADF82A
:10C6A000340005208DF83800208BADF83C00BCE04C
:10C6B0003888218B88427FF452AF9DF81C004FF0E0
:10C6C000120A00281CD1606AA8B1B878C0073FF4EC
:10C6D00046AF00E018E0BA680720CDE902B2CDF815
:10C6E00004B00090CDF810B0FB88BA88159800F01F
:10C6F00080FA8DF81C00132030700120ADF8340052
:10C7000093E000005C0000203988208B8142D2D168
:10C710009DF81C004FF0160A0028A06B08D0E0B36B
:10C720004FF6FF7000215F46ADF808B0019027E09A
:10C7300068B1B978C907BED1E18F0DAB0844821D3D
:10C7400003968DE80C0243888288018809E0B87856
:10C75000C007BCD0BA680DAB03968DE80C02BB884D
:10C76000FA881598FFF7F7F905005ED0072D72D00B
:10C7700076E0019005AA02A92046FFF72DF90146AF
:10C78000E28FBDF80800824201D00029F1D0E08F8D
:10C79000A16B084407800198E08746E09DF81C00E3
:10C7A0004FF0180A40B1208BC8B138882083214649
:10C7B0001598FFF79AF938E004F118000090237EED
:10C7C000012221461598FFF7A8F98DF81C000028D2
:10C7D000EDD1192030700120ADF83400E7E70525D0
:10C7E00021461598FFF781F93AE0208800F400709F
:10C7F000ADF8200050452DD1A08FA0F57F41FE3926
:10C8000001D006252CE0D8F808004FF0160A48B1F0
:10C81000A063B8F80C10A1874FF6FF71E187A0F86C
:10C8200000B002E04FF6FF70A087BDF8200030F4A2
:10C830007F611AD0782300220320159907F0C4F9EC
:10C8400098F8000020712088BDF82010084320804F
:10C850000EE000E007252088BDF8201088432080E6
:10C86000208810F47F6F1CD03AE02188814321801A
:10C870009DF8380020B10EA91598F9F7A1F90546E1
:10C880009DF81C000028EBD086F801A00120307034
:10C89000208B70809DF81C0030710520ADF83400AD
:10C8A000DEE7A18EE1B118980DAB0088ADF8340039
:10C8B0002398CDE90304CDE90139206B0090E36AA8
:10C8C000179A1598FFF700FA054601208DF83800F1
:10C8D0000EA91598F9F774F900B10546A4F834B01B
:10C8E00094F8460040070AD52046FFF7A4F910F057
:10C8F0003E0F04D114F8460F20F004002070189861
:10C90000BDF83410018028469BE500B585B00328AA
:10C9100006D102208DF8000088B26946F9F750F977
:10C9200005B000BD10B5384C0B782268012B02D041
:10C93000022B2AD111E013780BB1052B01D104236E
:10C94000137023688A889A802268CB88D3802268F3
:10C950000B891381498951810DE08B88938022686E
:10C96000CB88D38022680B8913814B8953818B89B3
:10C970009381096911612168F9F722F92268002180
:10C980000228117003D0002800D0812010BD832020
:10C9900010BD806B002800D00120704781780129EC
:10C9A00009D10088B0F5205F03D042F6010188422A
:10C9B00001D10020704707207047F0B587B00024F0
:10C9C00015460E460746ADF8184011E00598008858
:10C9D000288005980194811DCDE902410721049426
:10C9E0000091838842880188384600F002F930B906
:10C9F00005AA06A93046FEF7EFFF0028E6D00A2870
:10CA000000D1002007B0F0BD5C00002010B58B788D
:10CA100083B102789A4205D10B885BB102E08B7931
:10CA2000091D4BB18B789A42F9D1B0F801300C88CE
:10CA3000A342F4D1002010BD812010BD072826D0CC
:10CA400012B1012A27D103E0497801F0070102E081
:10CA50004978C1F3C20105291DD2DFE801F00318AE
:10CA6000080C12000AB10320704702207047042806
:10CA70000DD250B10DE0052809D2801E022808D33E
:10CA800003E0062803D0032803D0052070470020C8
:10CA900070470F20704781207047C0B282060BD4C8
:10CAA000000607D5FA48807A4143C01D01EBD0004B
:10CAB00080B27047084670470020704770B51388F1
:10CAC0000B800B781C0625D5F14CA47A844204D83F
:10CAD00043F010000870002070BD956800F0070654
:10CAE00005EBD0052D78F54065F304130B70137832
:10CAF000D17803F0030341EA032140F20123B1FBA3
:10CB0000F3F503FB15119268E41D00FB012000EB17
:10CB1000D40070BD906870BD37B51446BDF80410E0
:10CB20001180117841F0040111709DF804100A067B
:10CB30001ED5D74AA368C1F30011927A824208D861
:10CB4000FE2811D1D21DD2084942184600F01BFC24
:10CB50000AE003EBD00200F00703012510789D40A6
:10CB6000A843994008431070207820F010002070EE
:10CB70003EBD2DE9F0410746C81C0E4620F00300DB
:10CB8000B04202D08620BDE8F081C14D002034467D
:10CB90002E60AF802881AA72E8801AE0E988491CDB
:10CBA000E980810614D4E17800F0030041EA002016
:10CBB00040F20121B0FBF1F201FB12012068FFF706
:10CBC0006CFF2989084480B22881381A3044A0605B
:10CBD0000C3420784107E1D40020D4E7AC4801228E
:10CBE0000189C08800EB400002EB8000084480B25D
:10CBF00070472DE9FF4F89B01646DDE9168A0F46CA
:10CC0000994623F44045084600F054FB040002D046
:10CC10002078400703D401200DB0BDE8F08F0998BB
:10CC200003F016FA02902078000606D59848817A1B
:10CC30000298814201D88720EEE7224601A9029896
:10CC4000FFF73CFF834600208DF80C004046B8F10A
:10CC5000070F1AD001222146FFF7F0FE0028DBD192
:10CC60002078400611D502208DF80C00ADF8107028
:10CC7000BDF80400ADF81200ADF814601898ADF8D6
:10CC80001650CDF81CA0ADF818005FEA094004D595
:10CC900000252E46A84601270CE02178E07801F017
:10CCA000030140EA012040F20121B0FBF1F280468D
:10CCB00001FB12875FEA494009D5B84507D1A17841
:10CCC000207901F0030140EA0120B04201D3BE42C5
:10CCD00001D90720A0E7A8191FFA80F9B94501D9A1
:10CCE0000D2099E79DF80C0028B103A90998F8F7E1
:10CCF00065FF002890D1B84507D1A0784FEA1921E7
:10CD000061F30100A07084F804901A9800B10580C6
:10CD1000199850EA0A0027D0199830B10BEB060099
:10CD20002A46199900F005FB0EE00BEB0608574662
:10CD3000189E099803F0F5FA2B46F61DB5B2394650
:10CD40004246009502F0F1FE224601A90298FFF743
:10CD5000B5FE9DF80400224620F010008DF8040076
:10CD6000DDE90110FFF7D8FE002055E72DE9FF4F60
:10CD7000DFF81C91824685B0B9F80610D9F800009A
:10CD800001EB410100EB810440F20120B2FBF0F124
:10CD9000174600FB1175DDE9138B4E4629460698B0
:10CDA000FFF77BFE0346FFF719FF1844B1880C30EC
:10CDB000884202D9842009B02FE70698C6B230060F
:10CDC00003D5B00601D50620F5E7B9F80620521CB8
:10CDD00092B2A9F80620BBF1000F01D0ABF80020F9
:10CDE000B00602D5C4F808800AE0B9F808201A4451
:10CDF00092B2A9F80820D9F80000891A0844A06066
:10CE00002246FE200699FFF787FEE77025712078FD
:10CE1000390A61F301002A0AA17840F0040062F3A4
:10CE20000101A17020709AF802006071BAF8000048
:10CE3000E08000252573300602D599F80A7000E0DD
:10CE40000127B00601D54FF000084E4600244FF0F0
:10CE500007090FE0CDE902580195CDF8009004953F
:10CE6000F1882046129B089AFFF7C3FE0028A2D142
:10CE7000641CE4B2BC42EDD300209CE700B5FFF790
:10CE8000ADFE03490C308A88904203D9842000BD4E
:10CE900098050020CA88086802EB420300EB830073
:10CEA000521C037823F004030370CA80002101732D
:10CEB0000846ECE72DE9F047804600F0FBF9070053
:10CEC00005D000264446F74D40F2012916E0012026
:10CED000BDE8F087204600F0EDF90278C17802F055
:10CEE000030241EA0222B2FBF9F309FB13210068B5
:10CEF000FFF7D3FD3044641C86B2A4B2E988601EFB
:10CF00008142E7DCA8F10100E8802889801B2881A4
:10CF100000203870DCE710B5144631B1491E21807D
:10CF200003F096F8A070002010BD012010BD70B570
:10CF30000446DC48C188036801E0401C208020884A
:10CF4000884207D200EB400213EB820202D0157830
:10CF50006D07F2D580B2884216D2AAB15079A0727C
:10CF6000D08820819178107901F0030140EA0120F6
:10CF7000A081A078E11CFFF7A1FD20612088401C62
:10CF80002080E080002070BD0A2070BD0121018258
:10CF900070472DE9FF4F85B04FF6FF798246A3F821
:10CFA000009048681E460D4680788DF80600486857
:10CFB0000088ADF8040000208DF80A00088A0C886B
:10CFC000A04200D304462C8251E03878400708D4B0
:10CFD000641C288AA4B2401C288208F10100C0B257
:10CFE00046E0288A401C2882781D6968FFF70EFDFC
:10CFF000D8BB3188494501D1601E30803188A1EB12
:10D00000080030806888A04238D3B878397900F0B9
:10D01000030041EA002801A9781DFFF7F7FC20BBB7
:10D02000298949452ED0002239460798FFF706FD89
:10D03000D8B92989414518D1E9680391B5F80AC0E2
:10D04000D7F808B05046CDF800C003F06AF9DDF813
:10D0500000C05A460CF1070C1FFA8CFC434603999A
:10D06000CDF800C002F02BFD60B1641CA4B200201A
:10D070008046204600F01EF90700A6D1641E2C82CF
:10D080000A2098E674807879B071F888B080397891
:10D09000F87801F0030140EA01207081A6F80C80C5
:10D0A000504602F0D5FF3A4606F10801FFF706FDAB
:10D0B000306100207FE62DE9FF4F87B081461C4696
:10D0C0009246DDF860B0DDF85480089800F0F2F880
:10D0D000050002D02878400702D401200BB09CE55F
:10D0E000484602F0B5FF2978090605D56D49897AC9
:10D0F000814201D88720F1E7CAF309062A4601A92F
:10D10000FFF7DCFC0746149807281CD000222946AC
:10D11000FFF794FC0028E1D12878400613D50120C0
:10D120008DF808000898ADF80C00BDF80400ADF8C3
:10D130000E00ADF81060ADF8124002A94846F8F7AD
:10D140003DFD0028CAD12978E87801F0030140EAC2
:10D150000121AA78287902F0030240EA022056450C
:10D1600007D0B1F5007F04D9611E814201DD0B209B
:10D17000B4E7864201D90720B0E7801B85B2A542FB
:10D1800000D92546BBF1000F01D0ABF8005017982D
:10D1900018B1B9192A4600F0CCF8B8F1000F0DD03B
:10D1A0003E4448464446169F03F0CDF82146FF1DF5
:10D1B000BCB232462B46009402F0EBFC00208DE717
:10D1C0002DE9F04107461D461646084600F072F864
:10D1D000040002D02078400701D40120D3E438466F
:10D1E00002F036FF2178090605D52E49897A814259
:10D1F00001D88720C7E422463146FFF75FFC65B1BE
:10D200002178E07801F0030140EA0120B0F5007FC9
:10D2100001D8012000E0002028700020B3E42DE9AF
:10D22000F04107461D461646084600F043F8040044
:10D2300002D02078400701D40120A4E4384602F04F
:10D2400007FF2178090605D51649897A814201D858
:10D25000872098E422463146FFF75EFCFF2D14D06C
:10D260002178E07801F0030240EA022040F2012236
:10D27000B0FBF2F302FB130015B900F2012080B2FB
:10D28000E070000A60F30101217000207BE410B51A
:10D290000C4600F00FF810B10178490704D40120C2
:10D2A00010BD000098050020C18821804079A07041
:10D2B0000020F5E70749CA88824209D340B10968CE
:10D2C00000EB40006FF00B0202EB80000844704757
:10D2D000002070479805002070B504460D46214691
:10D2E0002B460AB9002070BD01E0491C5B1C501E92
:10D2F000021E03D008781E78B042F6D008781E7857
:10D30000801BF0E730B50C4601462346051B9542CD
:10D3100006D202E0521E9D5C8D54002AFAD107E02D
:10D3200004E01D780D70491C5B1C521E002AF8D1C8
:10D3300030BDF0B50E460146334680EA030404F0E2
:10D340000304B4B906E002B9F0BD13F8017B01F89B
:10D35000017B521E01F00307002FF4D10C461D463D
:10D3600002E080CD80C4121F042AFAD221462B4647
:10D3700000BF04E013F8014B01F8014B521E002AD4
:10D38000F8D100BFE0E7F0B50C460146E6B204E094
:10D3900002B9F0BD01F8016B521E01F00307002F26
:10D3A000F6D10B46E5B245EA052545EA054501E01B
:10D3B00020C3121F042AFBD2194602E001F8016BB8
:10D3C000521E002AFAD100BFE3E710B506F0F7FEBF
:10D3D000FAF792F906F09CFDBDE8104006F02EBE6B
:10D3E000202801D2012070470020704701224FF011
:10D3F000A043824011B1C3F80C257047C3F808253B
:10D4000070474FF0A04101228240C1F818257047B3
:10D4100070B50346002002466FF02F050EE09C5CBD
:10D42000A4F130060A2E02D34FF0FF3070BD00EB9E
:10D43000800005EB4000521C2044D2B28A42EED359
:10D4400070BD30B50A230BE0B0FBF3F403FB14040A
:10D45000B0FBF3F08D183034521E05F8014CD2B2F7
:10D46000002AF1D130BD30B500234FF6FF7510E032
:10D47000040A44EA002084B2C85C6040C0F303148C
:10D48000604005EA00344440E0B25B1C84EA40108E
:10D490009BB29342ECD330BDF94A137882F88B30BB
:10D4A000A2F88C0082F88A10012082F8880092F895
:10D4B000640008B192F8600082F88E00704710B5E1
:10D4C0000B46114658B11846FFF7E6FFED48806855
:10D4D000008802F026FFBDE8104002F0CDBBBDE899
:10D4E00010404FF6FF70D7E770B50026044646702F
:10D4F000E44D1120207029682022A01C6831FFF71C
:10D5000018FF0121A171286800F8666F8078002853
:10D5100011D1DB48B0F86A20A0F89220AA68537BAA
:10D5200080F8943080F89010108802F0FAFEBDE880
:10D53000704002F0B0BB70BD70B5D24D296891F853
:10D5400096200024012A11D091F89020012A1CD0A5
:10D5500091F86620012A22D091F88820012A21D052
:10D5600091F8A020012A2ED0002070BD447017220F
:10D57000027051F8972FC0F802204A68C0F80620C0
:10D580000A7A827201F8014C1BE044700522027095
:10D59000D1F89220C0F8022081F8904011E0FFF706
:10D5A000A3FF0EE091F86620012AF8D044701422FF
:10D5B000027051F88A2FC0F802208A88C28001F8D0
:10D5C000024C012070BD44701A2200F8022B222266
:10D5D000A131FFF7AEFE286880F8A040F1E7A94826
:10D5E000006890F8661011B1B0F86A0070474FF605
:10D5F000FF70704770B5A34C206800B9FFDF20684A
:10D60000417811B10C25284670BD0025C422294659
:10D61000FFF7B9FE2168FF2008707F2081F83700EE
:10D6200013204884282081F86500012081F85C00DF
:10D63000002081F85F0007F0AFF906F091FCE2E707
:10D6400070B5904C0546206800B9FFDF21680020C6
:10D6500048706560FFF7CEFF002800D0FFDF70BD87
:10D66000884909680978814201D10120704700206A
:10D670007047844800B5016891F82400498CC0F3D4
:10D680008002C0F340031A4400F001001044132943
:10D6900015D004DC102909D0122904D10FE0152976
:10D6A00008D01D2904D0FFDF002000BD764903E02B
:10D6B000764800BD7449083131F8100000BD724948
:10D6C0000839F9E76F4840F271210068806A4843E1
:10D6D00070476C48006890F83600002800D00120A0
:10D6E000704710B5664C207B00F074FD40B1207D82
:10D6F00004F115010BF034FB082801D0012010BD06
:10D70000207B30B1022804D00120BDE8104007F092
:10D71000A6BC0020F9E75A490873704759490968BF
:10D7200081F83000704770B50646554890F82D00D6
:10D730000BF0A4FA050018D010210BF076FD00289C
:10D7400013D1504C012032462168C87628461C313E
:10D7500007F092FCD4E900101C310BF0BFFF6068A9
:10D76000BDE8704001210BF0C8BF70BD2DE9F0414C
:10D77000434C074694F82D000BF0FDFA064694F84A
:10D780002F0004F10E0528B126B194F82D000BF0FE
:10D7900018FAA0B194F83000002824D094F82E0094
:10D7A000002820D0607B294600F025FDA8B10BF0B1
:10D7B0008AFB3A462946BDE8F04107F05DBC0120EE
:10D7C00060733A462946304607F056FC94F82D100F
:10D7D0002846BDE8F0410BF065BB39462846BDE858
:10D7E000F04107F07EBCBDE8F08170B5254C2168A2
:10D7F000087BB0B1022814D0012048730E3107F025
:10D8000018FC2068007B00F0E5FC216881F82F00FF
:10D81000082081F82D00487B0E3100F0E3FC40B970
:10D8200001E00020E9E72168487B0E3100F0E3FCCD
:10D8300000B10120216881F82E0091F82F0018B95D
:10D8400091F82200400706D5087D15310BF088FAC3
:10D85000216881F82D0020680025456004F0ADFDA9
:10D86000216888600020FFF781FF2068C57690F866
:10D87000220040070CD5BDE87040002053E70000AF
:10D88000A405002064000020A0B101008F891300CE
:10D8900070BDFB4A1268137B0370D2F80E0008605B
:10D8A000508A8880704778B5F6490446F44D407B2D
:10D8B00008732A68207810706088ADF8000080B284
:10D8C00000F00101C0F3400341EA4301C0F38003CB
:10D8D00041EA8301C0F3C00341EAC301C0F300136E
:10D8E00041EA0311C0F3401341EA4311C0F3801031
:10D8F00041EA80105084E07D012825D0022825D0FF
:10D90000FFDF286880F85E60217B80F82410418C5E
:10D910001D291DD061688162617D80F83610A17B70
:10D92000C1B1022916D00121017554F80F1FC0F8AA
:10D930001510A188A0F81910217B012900D0002121
:10D9400080F83410002078BD0126DAE70226D8E7F7
:10D950000021E0E70021E7E7C948006890F82200CD
:10D96000C0F38000704700B5FFF7F6FF08B1002054
:10D9700000BD1F2000BD00B5FFF7F5FF002800D057
:10D98000012000BDBE49002209680A664B8C1D2B90
:10D9900002D081F86400704781F864207047B84A6B
:10D9A0000023126882F85D3042F84C1F90800120FD
:10D9B00050747047B24A0023126882F85C30A2F8B3
:10D9C000580042F8541F012010727047AC49096892
:10D9D00081F835007047AA49096881F85F007047EF
:10D9E000A748006890F95F007047A548006890F864
:10D9F000220000F001007047A148006890F8220062
:10DA0000C0F340007047002070479D48006890F8C0
:10DA10002200C0F3C000704701207047012070470A
:10DA20000120704770B500F0FAFB954C2068016E3C
:10DA3000491C016690F83300002530B106F0ACFFB8
:10DA400006F08EFA206880F833502068457090F810
:10DA5000381009B102201AE090F86410B1B1006EDC
:10DA6000814213D8022007F095FF206890F8220029
:10DA7000C00704D0A06843220188012003E04322AC
:10DA80004FF6FF710020BDE8704018E50020BDE8AA
:10DA9000704007F07FBF10B501280DD002280DD0CF
:10DAA00004280FD0FFDF7648006890F85E10BDE8CC
:10DAB0001040252006F0FEBB252000E0262006F0C1
:10DAC000D3FCF0E72720FAE702460020D30701D075
:10DAD000CB0705D0930705D58B0703D402207047E9
:10DAE000012070475207FCD54907FAD4042070473B
:10DAF0002DE9F041624C86B0206800B9FFDF206854
:10DB00004178E9BB0178FF2942D0002580F83150E7
:10DB1000A0F85A50857080F83850284606F09EFECE
:10DB2000182259496846FFF704FC684606F08AFE49
:10DB300006F0CCFB206890F95F0006F085FC5248A7
:10DB40001D3806F087FC5048203806F06CFE6068EF
:10DB500006F087FE2068002190F82400FFF7B4FF4C
:10DB6000FFF799FF206880F82C5006F071FE2068BE
:10DB700090F85E10002006F030FD0F21052000E037
:10DB800006E006F038FC206890F82E1051B902E04B
:10DB90000C2006B027E690F82F1019B990F8220053
:10DBA00040072BD504F009FC804620684146806878
:10DBB00005F004F9354F064690FBF7F007FB1060BF
:10DBC0004142404604F0CDF82168886096FBF7F0AA
:10DBD0004A68104448600BF0BFF821684A689042D8
:10DBE0000CD8C1E901580120FFF7C0FD206890F86A
:10DBF0002200400702D50120FFF795FD2068417BF8
:10DC00000E3006F0EAFB206890F85C1039B1B0F8ED
:10DC10005810A0F84810416D416480F85C5090F8AD
:10DC20005D1041B1B0F85010A0F84010C16C40F840
:10DC30003C1F80F821500BF0FCF8032160680BF0CA
:10DC40002FF9216881F833000020A2E70C49886091
:10DC500070472DE9F0410A4C0746002620683146FE
:10DC6000C57E6068068000F0D1FA2068408C1328D9
:10DC700040D00DDC102861D012280DD15CE00000EE
:10DC800064000020A4050020B0B1010040420F0054
:10DC9000152838D01D2836D0FFDF00BF00F0CAFAA3
:10DCA0002068418C1D2907D0152905D0B0F84820DF
:10DCB000416C60680BF028FD206890F82C1090F8FB
:10DCC0002400FFF701FF05463FB1FFF7E4FE012204
:10DCD0004FF49671002006F01EFD206890F82C107D
:10DCE000294380F82C1090F824208A434FF001013A
:10DCF00029D02DE0002160680BF0C4FC0121606890
:10DD000000F084FACAE7012160680BF0BBFC012136
:10DD1000606800F07BFAD4E9001025B11C310BF0EB
:10DD2000DDFC012104E015310BF0D8FC2068017DF9
:10DD300060680BF0E2FCB1E7062100E002216068B8
:10DD40000BF0A0FCAAE7428C1D2A0BD080F8311002
:10DD50004170418C13290ED007DC10290AD01229FA
:10DD600007D108E080F82C60F2E7152903D01D29BF
:10DD700001D0FFDF37E590F85E20BDE8F0410121DA
:10DD8000084606F05ABEF84810B50068417841B917
:10DD90000078FF2805D00021084600F059FA00203D
:10DDA00010BD00F03CFA0C2010BD2DE9F041EE4D05
:10DDB0000446174628680E4690F8660000B1FFDF5B
:10DDC0002968002F81F868704ED12088A1F86A0078
:10DDD0006088A1F88000A088A1F88200E088A1F8FE
:10DDE000840094F88C0181F8860091F82F0020B10E
:10DDF000487B0E3100F0FFF940B9296891F83000F6
:10DE000060B1487B0E3100F0EDF938B12868D0F8E8
:10DE10000E104167418AA0F8781003E02868476730
:10DE2000A0F878706968FF2E0878C0F380106076DB
:10DE3000D1F80300C4F81A00B1F80710E18314D038
:10DE4000296801F16E02C1F87A00E08BA1F87E002A
:10DE500030466D310AF099FF00B9FFDF286810F8ED
:10DE60006D1F41F002010170BDE42868C0F87A70AE
:10DE7000A0F87E70617E80F86D10D4F81A1040F81A
:10DE80006E1FE18B8180AEE470B5FFF7BEFDB64C2E
:10DE9000012538B13C22FF21A068FFF786FF2068EA
:10DEA00080F86650206890F82200C00704D0A0686F
:10DEB0003C220188012003E03C224FF6FF71002044
:10DEC000FFF7FDFA206880F8385070BDA649096850
:10DED00081F83200704770B5002507F0BAFC50B1E8
:10DEE000A14C20684178012908D0022901D00329DA
:10DEF00036D0FFDF70BDBDE8704093E58178002922
:10DF0000F8D1418C102913D090F8330020B106F0DD
:10DF100019F8402006F02DFD206890F822104907DE
:10DF200010D490F83610012904D0032902D002E061
:10DF3000002119E0102590F85E2045F00E01002028
:10DF400006F07BFD206890F8340008B106F054FD1F
:10DF50000021962006F0B1FC21680220487070BDB7
:10DF600081780029FBD18178BDE87040012000F064
:10DF70006FB957E510B57C4C206890F8340008B1B3
:10DF800000F07AF9206890F8330018B106F004FD2B
:10DF900005F0E6FF07F05DFC88B1206840780228B4
:10DFA00000D0FFDF0021012000F052F92068417805
:10DFB000002903D04078012800D0FFDF10BDBDE864
:10DFC00010402FE510B50AF0CBFE04460AF07DFFA5
:10DFD00038B120460AF052FE18B110210BF025F995
:10DFE00008B1002010BD012010BD2DE9F047DFF879
:10DFF00078910E460746032809D0FFF7F6FC044641
:10E00000D9F8000090F8320020B1012003E0FFF7BA
:10E01000F3FC04460020804606F018FA0546032F5C
:10E020002BD0012734EA080453D0D9F800004C461D
:10E0300090F8330068B10AF0E2FE30700146FF2824
:10E0400007D06068C01C0AF0B7FE30780AF0E1FE25
:10E05000054360680178C1F3801221680B7D9A4204
:10E0600005D10622C01C1531FFF736F938B1002062
:10E070003178FF290BD0D8B903E00227D2E701207D
:10E08000F6E7206890F82D00884211D008E038B1FA
:10E09000616811F8030BC0F38010FFF793FF38B1EC
:10E0A0000020216891F82210490703D5A0B910E09B
:10E0B0000120F6E785B92D4890F8360008B1B8423E
:10E0C00007D1616811F8030BC0F38010FFF77AFFE6
:10E0D00010B10020BDE8F0870120FBE7F8B5224C25
:10E0E0000746002520684078022800D0FFDF20681E
:10E0F00090F8340008B100F0BFF860680BF0E4FA63
:10E1000006460FB306F073F9F0B1052E1DD1606815
:10E1100090F8240000F01F00102816D9206890F80D
:10E12000350090B1FF208DF80000012569460520DB
:10E13000FFF75BFF40B1206880F8A05061682222A1
:10E14000A130C91CFFF7F5F815E060680BF0FCFA88
:10E1500088B1062E0FD2DFE806F00E0E0E030E0B6E
:10E1600000F0CDF806E0000064000020A4050020C7
:10E1700000F091F800B90125206890F8330018B13B
:10E1800006F00AFC05F0ECFE1DB10021012000F0B4
:10E190005FF820684178002906D04178012903D032
:10E1A0004078032800D0FFDFF8BD70B59F4E0546CC
:10E1B0000C463068807800280BD106F02FF8034613
:10E1C0003068214690F85E202846BDE8704007F090
:10E1D000C1BD70BD022803D0032801D000207047C4
:10E1E00001207047012802D14879800901D0002020
:10E1F000704701207047012806D148790121B1EB11
:10E20000901F01D101207047002070470278202321
:10E2100022F0200203EA41110A430270704710B550
:10E2200006F09AFB06F079FB06F0C8FABDE810404C
:10E2300006F0FFBA10B57D4C7D4960680BF048FAD6
:10E240007B480E38417B6068BDE810400BF04CBA4B
:10E25000764A10B5126892F831303BB1508C1D28C7
:10E2600000D1FFDFBDE81040FFF7DCBB002902D181
:10E27000BDE81040EDE410BD10B56C4C206837309F
:10E2800006F0C5FB18B921687F2081F83700BDE88A
:10E29000104006F0A7BB38B5FF208DF8000001251F
:10E2A00069460520FFF7A1FE30B3604C20688078F6
:10E2B00008BB6268A0681278417BC2F3401211402B
:10E2C0004173012100F04AF800229DF80010A06877
:10E2D000FFF76BFD2068012100F8661F82788188B6
:10E2E0000120FFF7ECF8216800204870FFF797FF46
:10E2F000012007F04FFB00E00025284638BD38B567
:10E30000FF208DF80000012569460320FFF76DFE10
:10E31000464C002820681CD090F8341031B190F899
:10E32000960018B99DF8000000F04CF860680021D4
:10E33000018004210BF0A6F9FFF77CFF2068B0F8FC
:10E340004020C16B60680BF0EFF921680320487032
:10E3500002E0807800B90025284638BD70B5334DFD
:10E360000446686850F80F2FC4F80E208288628235
:10E3700082792275C27962750289E282428962805D
:10E380008289A280C289E2800269A260027D227332
:10E39000427D02F01F022276407D400984F88C0104
:10E3A00084F8641084F86510002104F130000BF04B
:10E3B0002AFB286890F8651004F8661F90F85F0043
:10E3C000607070BD70B5194C0122216881F89620EB
:10E3D0000A7881F89720FF280DD001F19902983131
:10E3E0000AF0D3FC00B9FFDF206810F8981F41F055
:10E3F000020101700CE060680278C2F3801281F8BB
:10E400009820D0F8032041F8992FB0F807008880B1
:10E41000256895F837009F357F2800D1FFDF2068F9
:10E4200010F8371F29707F21017070BD6400002033
:10E43000B20500202DE9FC470C460646694600F06F
:10E4400010FF002860D1FFF7CAF8B0425CD0214627
:10E45000304608F0DEFF28BB019D95F82C01703591
:10E4600018B9287F08B1012000E00020814695F806
:10E4700039004FF000084FF0010AA0B195F83A00BA
:10E48000800710D584F8018084F800A084F8028009
:10E49000A68095F83B10A171A98F2181E98F618138
:10E4A00085F839802DE0304601F04DFF070000D19E
:10E4B000FFDF384601F06DF940B184F801800D218D
:10E4C0002170A680E08084F802A01AE0304601F0B6
:10E4D00028FF070000D1FFDFB9F1000F14D0384644
:10E4E00001F0AFF980B1304606F01EFD84F80180DE
:10E4F0000A21217084F80280A680697FA17185F8C5
:10E500001C800120BDE8FC870020FBE71CB56946A4
:10E5100000F0A7FE00B1FFDF684600F0AFFEF9494A
:10E5200000208968A1F8F2001CBD2DE9FC410446D9
:10E530000E46062001F06EFD00250746A84606445B
:10E5400017E02088401C80B22080B04202D34046B1
:10E55000A4F8008080B2B84204D3B04202D20020B6
:10E56000BDE8FC81694600F07CFE0028F8D06D1CF7
:10E57000EDB2AE42E5D84FF6FF7020801220EFE7F3
:10E5800010B506F043FD0AF026FBDF484FF6FF7199
:10E5900000234182818203701B2141804FF4A472C9
:10E5A0008280C180028103228275C2758272042436
:10E5B000C4728181C1810282837610BD70B5D14C55
:10E5C0000D466060217006F0ADFC00F063FEFFF7C1
:10E5D000D7FF207809F09EFD284607F04DFACA487B
:10E5E0002838FFF72DF82178606808F0F6FFBDE8BD
:10E5F00070400AF0F0BA10B501240AB1002010BD35
:10E6000021B1012903D00024204610BD02210BF0C6
:10E61000CBF8F9E7887800B90320C97801B903215C
:10E62000107019700020704730B587B0044600881C
:10E63000694600F016FE002806D1A08830B10128F6
:10E6400004D0022802D0122007B030BD05AB04AAC6
:10E6500021466846FFF7DEFF0400F5D1019901204D
:10E6600081F8C501019991F81012002539B9019975
:10E6700091F8C41119B9019991F8971009B13A2488
:10E6800015E00199039581F8C40101989DF81020C7
:10E6900080F8C621019B9DF8140083F8C7018DF80E
:10E6A0000C208DF80D0003AA01200AF0F4FE019859
:10E6B00080F8C5512046C7E710B504460020A17870
:10E6C00001B90120E2780AB940F0020000F0F6FD3D
:10E6D000002803D12046BDE81040A5E710BD70B565
:10E6E0000D4604460189002380880AF0C9FE696A44
:10E6F00081421DD2401A401CA1884008091A8AB2E2
:10E70000A2802189081A2081668895F86410104635
:10E710000AF08DFE864200D230466080E68895F889
:10E72000651020890AF083FE864200D23046E080E0
:10E7300070BDF0B585B00D46064603A900F091FD09
:10E7400000282AD104990022FB20B1F84E30FB2B7F
:10E7500000D30346B1F85040FB20FB2C00D3044605
:10E76000DFF8A8C19CE8811000900197CDF808C09F
:10E77000ADF80230ADF806406846FFF7B0FF6E8096
:10E78000BDF80400E880BDF808006881BDF802000B
:10E79000A880BDF806002881002005B0F0BD2DE955
:10E7A000F04186B004460088694600F05AFD002812
:10E7B00059D12189E08800F09BFD002853D1A18820
:10E7C000608800F095FD00284DD12189E08800F097
:10E7D00085FD002847D1A188608800F07FFD0600F4
:10E7E00041D1208802A9FFF7A4FF00B1FFDFBDF8E7
:10E7F000101062880920914235D3BDF80C10E288D0
:10E80000914230D3BDF81210BDF80E202389114477
:10E81000A2881A44914226D3019D01274FF0000897
:10E8200085F8BB71019890F8FC0105F5DD7508B11C
:10E830003A2615E0E08868806088E880218940F603
:10E840004800814200D30146A980A188814200D2BC
:10E8500008462881002228460199FFF740FF2F70C3
:10E8600085F80180304606B0BDE8F08197E710B525
:10E870000446FEF761FE002813D0207814280FD13B
:10E88000A07868B1A088062101F018FC40B100888A
:10E8900006F04AFBA088062101F022FC00B1FFDF50
:10E8A000012010BD2DE9F041060000D1FFDF164820
:10E8B000022114308046FFF738FE00B1FFDF124C12
:10E8C0000620A78A01F0A6FB0546A08AA84203D12C
:10E8D0003046FFF7CCFF20B9A08A3146FFF7AAFDEA
:10E8E00030B1304600F012FD0028EED10120BBE728
:10E8F00002214046FFF719FE10B9A08AB842E4D1C0
:10E900000020B1E77000002090060020C8B101008F
:10E9100010B500F083FC08B10C2010BD0AF096F988
:10E92000002010BD10B50446007818B1012801D0B0
:10E93000122010BD00F07DFC20B10AF0FDF908B1F5
:10E940000C2010BD207800F053FCE21D04F11703E9
:10E95000611CBDE810400AF09BB910B5044600F0F8
:10E960005DFC08B10C2010BD207818B1012801D041
:10E97000122010BD00F03CFC611C0AF041F908B106
:10E98000002010BD072010BD10B50AF0D9F908B15C
:10E99000002010BD302010BD10B5044600F049FC29
:10E9A00008B10C2010BD20460AF0C2F9002010BDAD
:10E9B00010B500F03EFC20B10AF0BEF908B10C2001
:10E9C00010BD0AF0A7F9002010BDFF2181704FF69D
:10E9D000FF718180F84949680A7882718A880281CA
:10E9E0004988418101214170002070471CB50024F5
:10E9F00012F1080F15D00CDC12F1280F11D012F112
:10EA0000140F0ED012F1100F0BD012F10C0F0CD10D
:10EA100007E012F1040F04D01AB1032A01D0042A2E
:10EA200003D1012804D0032806D0122420461CBD9F
:10EA30001046FEF7D0FFF9E708461446694600F095
:10EA400010FC08B10224F1E7019880F86740002427
:10EA5000ECE710B5134601220AF003FC002010BDBC
:10EA600010B5044600F0E5FB08B10C2010BD2146AE
:10EA7000002006F0CCFA002010BD10B5044607F0C7
:10EA800095F920B1207807F003F8002010BD0C2084
:10EA900010BD10B5044600F0CCFB08B10C2010BD31
:10EAA0002146012006F0B3FA002010BD38B5044617
:10EAB0004FF6FF70ADF80000A079E179884216D0DA
:10EAC0002079FEF78DFC90B16079FEF789FC70B17A
:10EAD0000022A07911460BF0DBFB40B90022E0795F
:10EAE00011460BF0D5FB10B9207A072801D9122066
:10EAF00038BD07F067F948B900216846FFF715FDF2
:10EB000020B1204605F0ADFB002038BD0C2038BDFB
:10EB10002DE9FC41817804461A2925D00EDC1629FE
:10EB20002DD2DFE801F02C2C2C2C2C212C2C2C2C81
:10EB30002C2C2C2C2C2C2C2C2C2121212A291ED0A5
:10EB40000BDCA1F11E010C2919D2DFE801F0181825
:10EB50001818181818181818180D3A3904290ED250
:10EB6000DFE801F00D020D022088B0F5706F06D2CB
:10EB70000127694600F075FB18B10220F0E412206D
:10EB8000EEE4019D68462E4605F5C87506F291161D
:10EB900000F05AFB08B1287808B10C20E0E42F708F
:10EBA000A0783070684600F069FB0020D8E41CB5FE
:10EBB0000C46694600F055FB002118B12160217117
:10EBC00002201CBD0198024610F1700080F842102E
:10EBD00093682360137B237190F84230002BF5D1AA
:10EBE00000201CBD10B5044600F023FB20B10AF044
:10EBF000A3F808B10C2010BD207800F0F9FAE279F2
:10EC0000611C0AF06EF908B1002010BD022010BD91
:10EC100010B5886E60B1002241F8682F0120CA71DA
:10EC2000897988400BF028FB002800D01F2010BDF8
:10EC30000C2010BD1CB50C46694600F012FB0028E4
:10EC400005D10198B0F87000401C208000201CBD48
:10EC50001CB504460088694600F003FB08B1022099
:10EC60001CBD606828B1DDE90001224600F09CFB74
:10EC70001CBDDDE90001FFF7CBFF1CBD10B500781E
:10EC8000012800D00020FEF7A1FE002010BDF0B545
:10EC900044888188C288038945898089A71F40F6F6
:10ECA0007B46B74215D28F1FB74212D28C4210D882
:10ECB000B2F5FA7F0DD2A3F10A04361FB44208D28E
:10ECC000521C4A43B2EB830F03DA854201D800207D
:10ECD000F0BD3020F0BDF8B515460E46044607F0ED
:10ECE00071F808B10C20F8BD204600F09CFB00280C
:10ECF000F9D1A078C1064FF01100F4D5E17D0329C8
:10ED0000F1D0FEF76DFE3070A07555B9FF208DF87B
:10ED1000000069460020FEF74DFE69460020FEF720
:10ED20003EFE2046BDE8F840FEF7BDBD0022D2E71A
:10ED30000078C10801D01220704720498876002051
:10ED4000704710B504460078C00704D1608810B140
:10ED5000FEF711FE80B12078618800F00102607832
:10ED600000F0ACFB002806D1FEF7FDFD01466088EF
:10ED7000884203D9072010BD122010BD6168FEF73C
:10ED800019FE002010BD10B504460078C00704D15C
:10ED9000608810B1FEF730FE90B12078618800F0F5
:10EDA0000102607800F08AFB002804D16088616865
:10EDB000FEF7F5FD002010BD700000209006002039
:10EDC0001220F8E77CB5044640784225012808D88F
:10EDD000A078FEF745FC20B120781225012802D04A
:10EDE00090B128467CBDFEF710FE20B1A088002817
:10EDF000F7D08028F5D8FEF70FFE60B160780028C4
:10EE0000EFD02078012808D006F07EF9044606F0FD
:10EE100009FE00287FD00C207CBDFEF762FC10B9F3
:10EE2000FEF7F1FD90B306F0CDFF0028F3D1FEF719
:10EE3000D6FBA0F57F41FF39EDD1FEF7D6FCA688C1
:10EE400042F210704643A079FEF79CFDFEF7CDFD1F
:10EE5000F8B10022062101A801F002F9040058D0FF
:10EE6000F7480021846020460AF01EF92046FEF78C
:10EE7000EDFEF44D04F13000AA89E989C2830184D2
:10EE8000FEF7CCFD60B1288A01210DE0FFE71220DA
:10EE90007CBD3146002006F0FEFD88B3FFDF44E074
:10EEA000FEF7BEFD0146288A06F090FE0146A062EC
:10EEB0000022204606F02BF9FEF7B0FD38B9FEF728
:10EEC000AFFD0246214601200AF0E3FAD0B1DD4A47
:10EED0002146163201200AF0DEFAE87A0090AB7A79
:10EEE000EA89A989208801F0A5F900B1FFDF20880F
:10EEF00006F019F83146204606F0CDFD00B1FFDFDF
:10EF000013E008E00621BDF8040001F0E9F800B1C3
:10EF1000FFDF09207CBD44B1208806F005F8208879
:10EF2000062101F0DDF800B1FFDF00207CBD0021EB
:10EF300048E770B50D46062101F0C0F8040003D083
:10EF400094F8930110B10AE0022070BD94F87D009E
:10EF5000142801D0152802D194F8E00108B10C2042
:10EF600070BD1022294604F5CA70FEF7E2F90120AF
:10EF700084F89301002070BD10B5062101F09EF8C1
:10EF800018B190F8931111B107E0022013E790F83F
:10EF90007D10142903D0152901D00C200BE7022184
:10EFA00080F89311002006E72DE9FC410D464BF651
:10EFB00080321221954213D895B1694600F051F97B
:10EFC00000280CD1019EB41C703627882A46394689
:10EFD00030460AF02AF82088B842F6D10020CDE564
:10EFE0000846CBE51CB504460088694600F039F9AF
:10EFF000002808D10199A378084691F82C20703197
:10F000009A4201D10C201CBD7F220A728A72002212
:10F01000CA72E17880F82D10217980F82E10A1783D
:10F0200080F82C1010461CBD1CB50C46694600F03B
:10F0300018F9002806D1019890F88C0000B1012041
:10F04000207000201CBD7CB50D461446694600F0BA
:10F0500008F9002805D1019890F82C00012801D06A
:10F060000C207CBD019890F87810297090F87900F8
:10F07000207000207CBD70B50D461646062101F0BB
:10F080001DF818B381880124C388428804EB410429
:10F09000AC4217D842F210746343A4106243B3FB2E
:10F0A000F2F2521E94B24FF4FA72944200D914460E
:10F0B000A54200D22C46491C641CB4FBF1F24A4321
:10F0C000521E91B290F8CC211AB901E0022070BD15
:10F0D00001843180002070BD10B50C46062100F07F
:10F0E000EDFF48B180F8FF4024B190F8FD1009B160
:10F0F00006F083FD00205EE602205CE6017899B10F
:10F10000417889B141881B290ED381881B290BD3F3
:10F11000C188022908D34B490268283941F8322FA7
:10F1200040684860002070471220704710B506F014
:10F130001EFD00203FE610B506F01CFD00203AE65B
:10F1400070B514460A46064600250121104606F011
:10F150003DFD002800D8284605460121304600F034
:10F160004EF806460121002000F049F8311801222E
:10F1700096318D4206D901F19600691AB1FBF0F083
:10F18000401C82B22280002070BD10B5044600F001
:10F1900050F808B10C200EE6601C09F08FFE2078B4
:10F1A00000F00100FEF7BAFA002004E610B50446AC
:10F1B000062000F021FF08B10C20FCE52078C007F4
:10F1C00010D00022607811460BF062F808B11220CE
:10F1D000F1E5A06808F073FD6078616808F078FDDB
:10F1E0000020E8E5002008F06AFD00210846F5E768
:10F1F00018B1022801D0012070470020704710B5D7
:10F20000012904D0022905D0FFDF2046D3E5C00044
:10F21000503001E080002C3084B2F6E710B506F0E3
:10F22000D1FD20B1FEF755FA08B10120C3E5002059
:10F23000C1E510B506F0C6FD002800D00120BAE5F2
:10F240007000002090060020416891F82C0191F890
:10F250008C1021B918B1042801D00120704700207A
:10F26000704710B50C46062100F028FF606018B109
:10F270000120207000209EE502209CE5416891F865
:10F28000FD20002A05D0002281F8FD20406806F00C
:10F29000B4BC704708B54FF6FF70ADF8000006E04B
:10F2A0000621BDF8000000F01BFF00B1FFDF0021C8
:10F2B0006846FFF73AF90028F2D008BD70B5144649
:10F2C0000546012200F00EF9002806D12146284605
:10F2D000BDE87040002200F005B970BDFB2803D8DE
:10F2E00040F64800814201D9112070470020704744
:10F2F0001B38E12806D2B1F5A47F03D344F2902055
:10F30000814201D912207047002070471FB58E49F5
:10F31000897ECA0702D10278192A0AD08A0702D444
:10F320000278182A24D0490739D40178122933D019
:10F3300035E04088ADF8000002A9FFF792FF00B168
:10F34000FFDF039810F8601F8DF8021040788DF8E9
:10F3500003000020ADF8040001B9FFDF9DF80300B1
:10F3600000B9FFDF6846FFF7A7F9D8B1FFDF19E062
:10F370004088ADF8000040F64800FB21ADF80400DD
:10F38000ADF80800ADF80210ADF806106846FFF7BA
:10F390006DFA38B1FFDF05E0007BC00702D0002026
:10F3A00004B008E50120FBE7F8B50646508914468D
:10F3B0000F4640B1B0F5004F05D20022A0781146AB
:10F3C0000AF066FF08B11220F8BDB86E394607F1A1
:10F3D000700530B1A07891F86E20904201D00C20D9
:10F3E000F8BD012081F86F00A07881F86E00606898
:10F3F00041F8680F608988802089A884002087F8F8
:10F400006F0020886946FFF715FCA88CBDF8001036
:10F41000081A00B2002804DD39463046FFF7F8FB31
:10F42000DDE70020F8BD38B504460078EF2841D864
:10F430006088ADF80000009800F061F888B361883A
:10F44000080708D4D4E90120824233D8202A31D3D6
:10F45000B0F5804F2ED8207B18B307282AD8607BC0
:10F4600028B1012803D0022801D0032822D14A075D
:10F4700003D4022801D0032805D1A07B08B10128BC
:10F4800018D1480707D4607D28B1012803D002288D
:10F4900001D003280ED1C806E07D03D5012809D18B
:10F4A00004E007E0012801D0032803D1E07E18B171
:10F4B000012801D0122038BD002038BD70B50C469F
:10F4C0000546FF2904D8FEF7A9FA18B11F2C01D967
:10F4D000122070BD2846FEF7C3F808B1002070BDA9
:10F4E000422070BD0AB1012200E00222024202D194
:10F4F000880802D109B1002070471120704780B2FE
:10F50000C1060BD401071CD481064FEAC07101D596
:10F51000B9B900E099B1800713D410E0410610D4C6
:10F5200081060ED4C1074FEA807104D0002902DBA6
:10F53000400704D405E0010703D4400701D40120AB
:10F5400070470020704700009006002030B5058805
:10F5500025F4004421448CB24FF4004194420AD275
:10F56000121B92B21B339A4201D2A94307E005F461
:10F570000041214303E0A21A92B2A9431143018042
:10F5800030BD0844083050434A31084480B27047C7
:10F5900070B51D4616460B46044629463046049A69
:10F5A000FFF7EFFF0646B34200D2FFDF282200211B
:10F5B0002046FDF7E8FE4FF6FF70A082283EB0B26D
:10F5C00065776080B0F5004F00D9FFDF618805F1F5
:10F5D0003C00814200D2FFDF60880835401B343890
:10F5E00080B220801B2800D21B2020800020A07722
:10F5F00070BD8161886170472DE9F05F0D46C1885B
:10F60000044600F12809008921F4004620F400484E
:10F6100000F063FB10B10020BDE8F09F4FF0000A3E
:10F620004FF0010BB0450CD9617FA8EB0600401AE2
:10F630000838854219DC09EB06000021058041806D
:10F640001AE06088617F801B471A083F0DD41B2F8A
:10F6500000DAFFDFBD4201DC294600E0B9B2681ADA
:10F660000204120C04D0424502DD84F817A0D2E750
:10F6700009EB06000180428084F817B0CCE770B532
:10F68000044600F12802C088E37D20F400402BB13D
:10F6900010440288438813448B4201D2002070BD7D
:10F6A00000258A4202D30180458008E0891A0904B6
:10F6B000090C418003D0A01D00F01FFB08E0637F10
:10F6C00000880833184481B26288A01DFFF73EFF0E
:10F6D000E575012070BD70B5034600F12804C588AA
:10F6E000808820F400462644A84202D100201882D7
:10F6F00070BD98893588A84206D3401B75882D1A9D
:10F700002044ADB2C01E05E02C1AA5B25C7F204497
:10F710003044401D0C88AC4200D90D809C8924B136
:10F72000002414700988198270BD0124F9E770B5AE
:10F73000044600F12801808820F400404518208A02
:10F74000002825D0A189084480B2A08129886A8830
:10F750001144814200D2FFDF2888698800260844CE
:10F76000A189884212D1A069807F2871698819B166
:10F77000201D00F0C2FA08E0637F2888083318448F
:10F7800081B26288201DFFF7E1FEA681268201205A
:10F7900070BD2DE9F041418987880026044600F1BB
:10F7A0002805B94219D004F10A0800BF21F400402D
:10F7B0002844418819B1404600F09FFA08E0637F71
:10F7C00000880833184481B262884046FFF7BEFEC5
:10F7D000761C6189B6B2B942E8D13046BDE8F08105
:10F7E0002DE9F04104460B4627892830A68827F4E6
:10F7F0000041B4F80A8001440D46B74201D100200F
:10F80000ECE70AB1481D106023B1627F691D1846FC
:10F81000FDF78FFD2E88698804F1080021B18A194F
:10F8200096B200F06AFA06E0637F6288083399199D
:10F8300089B2FFF78BFE474501D1208960813046B0
:10F84000CCE78188C088814201D101207047002027
:10F85000704701898088814201D1012070470020D2
:10F86000704770B58588C38800F1280425F40042EC
:10F8700023F4004114449D421AD08389058A5E19FD
:10F8800025886388EC18A64214D313B18B4211D398
:10F890000EE0437F08325C192244408892B2801AFD
:10F8A00080B22333984201D211B103E08A4201D1E0
:10F8B000002070BD012070BD2DE9F0478846C18849
:10F8C0000446008921F4004604F1280720F400458D
:10F8D00007EB060900F001FA002178BBB54204D914
:10F8E000627FA81B801A002503E06088627F801B6E
:10F8F000801A083823D4E28962B1B9F80020B9F837
:10F9000002303BB1E81A2177404518DBE0893844E2
:10F91000801A09E0801A217740450ADB607FE1897F
:10F920000830304439440844C01EA4F81280BDE8B1
:10F93000F087454503DB01202077E7E7FFE7618299
:10F940000020F4E72DE9F74F044600F12805C088B0
:10F95000884620F4004A608A05EB0A0608B1404553
:10F9600002D20020BDE8FE8FE08978B13788B6F872
:10F97000029007EB0901884200D0FFDF207F4FF0A3
:10F98000000B50EA090106D088B33BE00027A07FB6
:10F99000B9463071F2E7E18959B1607F29440830F6
:10F9A00050440844B4F81F1020F8031D94F82110A7
:10F9B0008170E28907EB080002EB0801E1813080E9
:10F9C000A6F802B002985F4650B1637F30880833D2
:10F9D000184481B26288A01DFFF7B8FDE78121E0DD
:10F9E000607FE18908305044294408442DE0FFE756
:10F9F000E089B4F81F102844C01B20F8031D94F8B8
:10FA00002110817009EB0800E28981B202EB080045
:10FA1000E081378071800298A0B1A01D00F06DF9DF
:10FA2000A4F80EB0A07F401CA077A07D08B1E088AC
:10FA3000A08284F816B000BFA4F812B084F817B002
:10FA400001208FE7E0892844C01B30F8031DA4F88B
:10FA50001F10807884F82100EEE710B5818800F14E
:10FA6000280321F400442344848AC288A14212D08E
:10FA7000914210D0818971B9826972B11046FFF745
:10FA8000E8FE50B91089283220F40040104419795A
:10FA90000079884201D1002010BD184610BD00F148
:10FAA0002803407F08300844C01E1060088808B949
:10FAB000DB1E136008884988084480B270472DE92E
:10FAC000F04100F12806407F1C460830904643185C
:10FAD00008884D88069ADB1EA0B1C01C80B29042F7
:10FAE00014D9801AA04200DB204687B298183A4603
:10FAF0004146FDF7F1FB002816D1E01B84B2B84463
:10FB0000002005E0ED1CADB2F61EE8E7101A80B249
:10FB10000119A94206D8304422464146BDE8F041C9
:10FB2000FDF7DABB4FF0FF3058E62DE9F04100F168
:10FB30002804407F1E460830904643180025088858
:10FB40004F88069ADB1E90B1C01C80B2904212D939
:10FB5000801AB04200DB304685B299182A464046EA
:10FB6000FDF7E7FB701B86B2A844002005E0FF1CF0
:10FB7000BFB2E41EEAE7101A80B28119B94206D872
:10FB8000211832464046FDF7D4FBA81985B2284615
:10FB900024E62DE9F04100F12804407F1E4608309C
:10FBA00090464318002508884F88069ADB1E90B1BE
:10FBB000C01C80B2904212D9801AB04200DB30469D
:10FBC00085B298182A464146FDF7B3FB701B86B2F2
:10FBD000A844002005E0FF1CBFB2E41EEAE7101AAB
:10FBE00080B28119B94206D8204432464146FDF719
:10FBF000A0FBA81985B22846F0E5401D704710B556
:10FC0000044600F12801C288808820F4004319448A
:10FC1000904206D0A28922B9228A12B9A28A9042C1
:10FC200001D1002010BD0888498831B1201D00F0A5
:10FC300064F800202082012010BD637F62880833B1
:10FC4000184481B2201DFFF781FCF2E70021C18139
:10FC500001774182C1758175704703881380C2891D
:10FC600042B1C28822F4004300F128021A440A601B
:10FC7000C08970470020704710B50446808AA0F5FF
:10FC80007F41FF3900D0FFDFE088A082E08900B12A
:10FC90000120A07510BD4FF6FF7181820021817592
:10FCA000704710B50446808AA0F57F41FF3900D126
:10FCB000FFDFA07D28B9A088A18A884201D1002059
:10FCC00010BD012010BD8188828A914201D1807DC2
:10FCD00008B1002070470120704720F4004221F451
:10FCE00000439A4207D100F4004001F400418842E9
:10FCF00001D0012070470020704730B504460088CD
:10FD00000D4620F40040A84200D2FFDF21884FF4C6
:10FD1000004088432843208030BD70B50C00054664
:10FD200009D0082C00D2FFDF1DB1A1B2286800F075
:10FD300044F8201D70BD0DB100202860002070BD6A
:10FD40000021026803E093881268194489B2002AEE
:10FD5000F9D100F032B870B500260D4604460829E6
:10FD600000D2FFDF206808B91EE0044620688188C1
:10FD7000A94202D001680029F7D181880646A9422C
:10FD800001D100680DE005F1080293B2002299420A
:10FD900009D32844491B02608180216809682160D9
:10FDA0000160206000E00026304670BD00230B603B
:10FDB0008A8002680A600160704700234360021D68
:10FDC000018102607047F0B50F46018840881546F2
:10FDD0000C181E46AC4200D3641B3044A84200D924
:10FDE000FFDFA019A84200D9FFDF3819F0BD2DE9C7
:10FDF000F041884606460188408815460C181F4683
:10FE0000AC4200D3641B3844A84200D9FFDFE0199C
:10FE1000A84200D9FFDF70883844708008EB0400E6
:10FE2000BDE8F0812DE9F041054600881E461746E1
:10FE3000841B8846BC4200D33C442C8068883044F4
:10FE4000B84200D9FFDFA019B84200D9FFDF6888A7
:10FE50003044688008EB0400E2E72DE9F0410688B1
:10FE60001D460446701980B2174688462080B84265
:10FE700001D3C01B20806088A84200D2FFDF701928
:10FE8000B84200D9FFDF6088401B608008EB0600A5
:10FE9000C6E730B50D460188CC18944200D3A41AA9
:10FEA0004088984200D8FFDF281930BD2DE9F04185
:10FEB000BF4D04469046A8780E46A04200D8FFDF0A
:10FEC00005EB8607786A50F8240000B1FFDFB868B8
:10FED000002816D0304600F032F90146B868FFF726
:10FEE0003AFF05000CD0786A072E40F8245000D362
:10FEF000FFDFB0484246294650F826302046984752
:10FF00002846BDE8F0812DE9F84305000C46009530
:10FF100024D00026E81C20F00300A84200D0FFDF18
:10FF2000DFF88C820027314688F8007088F801409D
:10FF300088F8024088F8034088F8044088F80540B3
:10FF400088F80640684600F003F900204246009910
:10FF5000C91C21F00301009116B10FE00126D9E779
:10FF600002EB80035962002106E000BFD3F824C0F1
:10FF70004CF82170491CC9B2A142F7D30099401C2A
:10FF800001EB8401C0B200910728E0D3481BBDE813
:10FF9000F88310B50446F1F774F908B1102010BDCC
:10FFA0002078834A618802EB800092780EE0436AF1
:10FFB00053F8213043B14A1C6280A180406A50F856
:10FFC0002100A060002010BD491C89B28A42EED8F1
:10FFD0006180052010BD70B505460C460846F1F756
:10FFE00050F908B1102070BD072D01D3072070BD56
:10FFF00025700020608070BD0EB56946FFF7EBFFED
:020000040001F9
:1000000000B1FFDF6846FFF7C4FF08B100200EBD56
:1000100001200EBD10B50446072800D3FFDF644859
:10002000005D10BD3EB5054600246946FFF7D3FFCD
:1000300018B1FFDF01E0641CE4B26846FFF7A9FFD6
:100040000028F8D02846FFF7E5FF001BC0B23EBDF0
:1000500057498978814201D9C0B27047FF20704763
:100060002DE9F04106291BD1514C00273B464FF6A4
:10007000FF7604EB810514F801C00AE0DC19D5F81D
:1000800024E0A4B25EF824E0BEF1000F04D05B1CB3
:100090009BB29C45F2D8344604802046B44201D13C
:1000A00000202EE7BDE8F04100E7A0F57F43FF3BCD
:1000B00001D0072901D300207047F7E6A0F57F4261
:1000C000FF3A0BD0072909D2394A9378834205D9E0
:1000D00002EB8101496A51F8200070470020704707
:1000E0002DE9F04104460D46A4F57F4143F202009C
:1000F000FF3902D0072D01D3072002E72C494FF02A
:1001000000088A78A242F8D901EB8506726A52F893
:100110002470002FF1D0274839461C3050F8252094
:1001200020469047716A284641F8248000F007F87D
:1001300002463946B068FFF739FE0020E1E61D4966
:10014000383131F810004FF6FC71C01C0840704780
:100150002DE9F843164E8846054600242868C01C41
:1001600020F0030028602046FFF7E9FF315D484397
:10017000B8F1000F01D0002200E02A680146009289
:1001800032B100274FEA0D00FFF7C7FD1FB106E0AF
:1001900001270020F8E706EB8401009A8A602968AD
:1001A000641C0844E4B22860072CD7D3EFE60000B3
:1001B000AC060020D4B1010070B50E461D461146B4
:1001C00000F0D5F804462946304600F0D9F820441E
:1001D000001D70BD2DE9F04190460D4604004FF022
:1001E000000610D00027E01C20F00300A04200D041
:1001F000FFDFE5B141460020FFF78FFD0C3000EB3B
:10020000850617B113E00127EDE7624F04F10C00FA
:10021000AA003C602572606000EB85002060002130
:100220006068FDF7B0F841463868FFF776FD304664
:10023000BDE8F0812DE9FF4F564C804681B0206823
:100240009A46934600B9FFDF2068027A424503D9F7
:10025000416851F8280020B143F2020005B0BDE822
:10026000F08F5146029800F082F886B258460E99F7
:1002700000F086F885B27019001D87B22068A1468B
:1002800039460068FFF767FD04001FD067802580AE
:100290002946201D0E9D07465A4601230095FFF76B
:1002A00077F92088314638440123029ACDF800A01E
:1002B000FFF76EF92088C1193846FFF79AF9D9F887
:1002C00000004168002041F82840C7E70420C5E746
:1002D00070B5304C0546206800B9FFDF2068017A10
:1002E000A9420ED9426852F8251051B1002342F8B4
:1002F00025304A880068FFF759FD216800200A7AF6
:1003000008E043F2020070BD4B6853F8203033B967
:10031000401CC0B28242F7D80868FFF711FD0020E8
:1003200070BD70B51B4E05460024306800B9FFDF74
:100330003068017AA94204D9406850F8250000B11C
:10034000041D204670BD70B5124E0546002430686D
:1003500000B9FFDF3068017AA94206D9406850F839
:10036000251011B131F8040B4418204670BD10B5AA
:100370000A460121FFF705F9C01C20F0030010BD5B
:1003800010B50A460121FFF7FCF8C01C20F003005D
:1003900010BD00007C00002070B50446C2F11005BD
:1003A0002819FCF7C6FF15F0FF0109D0491ECAB293
:1003B0008020A0542046BDE870400021FCF7E3BF38
:1003C00070BD30B505E05B1EDBB2CC5CD55C6C402B
:1003D000C454002BF7D130BD10B5002409E00B78D0
:1003E000521E44EA430300F8013B11F8013BD2B22C
:1003F000DC09002AF3D110BD2DE9F04389B01E4677
:10040000DDE9107990460D00044622D002460846E8
:10041000F949FEF71EFB102221463846FFF7DCFFA4
:10042000E07B000606D5F44A394610231032084610
:10043000FFF7C7FF102239464846FFF7CDFFF87B8C
:10044000000606D5EC4A4946102310320846FFF74D
:10045000B8FF102200212046FCF795FF0DE0103E6A
:10046000B6B208EB0601102322466846FFF7A9FF43
:10047000224628466946FEF7ECFA102EEFD818D02F
:10048000F2B241466846FFF787FF10234A466946A5
:1004900004A8FFF796FF1023224604A96846FFF739
:1004A00090FF224628466946FEF7D3FA09B0BDE818
:1004B000F08310233A464146EAE770B59CB01E46E9
:1004C0000546134620980C468DF808002022194650
:1004D0000DF10900FCF72DFF202221460DF1290026
:1004E000FCF727FF17A913A8CDE90001412302AAB1
:1004F00031462846FFF780FF1CB070BD2DE9FF4F45
:100500009FB014AEDDE92D5410AFBB49CDE90076A4
:10051000202320311AA8FFF76FFF4FF000088DF855
:1005200008804FF001098DF8099054F8010FCDF8BB
:100530000A00A088ADF80E0014F8010C1022C0F3D8
:1005400040008DF8100055F8010FCDF81100A88873
:10055000ADF8150015F8010C2C99C0F340008DF88A
:10056000170006A88246FCF7E4FE0AA8834610227C
:100570002299FCF7DEFEA0483523083802AA40681D
:100580008DF83C80CDE900760E901AA91F98FFF7F0
:1005900033FF8DF808808DF809902068CDF80A00A7
:1005A000A088ADF80E0014F8010C1022C0F3400032
:1005B0008DF810002868CDF81100A888ADF8150056
:1005C00015F8010C2C99C0F340008DF81700504627
:1005D000FCF7AFFE584610222299FCF7AAFE864887
:1005E0003523083802AA40688DF83C90CDE90076A2
:1005F0000E901AA92098FFF7FFFE23B0BDE8F08FF8
:10060000F0B59BB00C460546DDE922101E461746A4
:10061000DDE92032D0F801C0CDF808C0B0F805C03F
:10062000ADF80CC00078C0F340008DF80E00D1F892
:100630000100CDF80F00B1F80500ADF813000878FF
:100640001946C0F340008DF815001088ADF816006B
:1006500090788DF818000DF119001022FCF769FE52
:100660000DF1290010223146FCF763FE0DF139002F
:1006700010223946FCF75DFE17A913A8CDE9000149
:10068000412302AA21462846FFF7B6FE1BB0F0BD63
:10069000F0B5A3B017460D4604461E46102202A828
:1006A0002899FCF746FE06A820223946FCF741FEB1
:1006B0000EA820222946FCF73CFE1EA91AA8CDE967
:1006C0000001502302AA314616A8FFF795FE16989E
:1006D000206023B0F0BDF0B589B00446DDE90E0717
:1006E0000D463978109EC1F340018DF80010317825
:1006F0009446C1F340018DF801101968CDF802103D
:100700009988ADF8061099798DF808100168CDF830
:1007100009108188ADF80D1080798DF80F00102335
:100720006A46614604A8FFF74CFE2246284604A903
:10073000FEF78FF9D6F801000090B6F80500ADF885
:100740000400D7F80100CDF80600B7F80500ADF8B1
:100750000A000020039010236A46214604A8FFF7F0
:1007600030FE2246284604A9FEF773F909B0F0BD11
:100770001FB51C6800945B6801931368029352686C
:100780000392024608466946FEF763F91FBD10B59D
:1007900088B00446106804905068059000200690C8
:1007A000079008466A4604A9FEF753F9BDF8000011
:1007B000208008B010BD1FB51288ADF800201A883F
:1007C000ADF80220002201920292039202460846EE
:1007D0006946FEF73EF91FBD7FB5074B1446054637
:1007E000083B9A1C6846FFF7E6FF22466946284602
:1007F000FFF7CDFF7FBD000022B2010070B50446B7
:1008000000780E46012813D0052802D0092813D1FC
:100810000EE0A06861690578042003F07FFA052DD9
:100820000AD0782300220420616903F0CDF903E0A7
:100830000420616903F072FA31462046BDE8704039
:1008400001F08AB810B500F12D03C2799C78411DE2
:10085000144064F30102C271D2070DD04A795C7969
:1008600022404A710A791B791A400A718278C97844
:100870008A4200D9817010BD00224A71F5E74178A3
:10088000012900D00C21017070472DE9F04F93B081
:100890004FF0000B0C690D468DF820B00978012649
:1008A0000C2017464FF00D084FF0110A4FF00809C1
:1008B0001B2975D2DFE811F01B00C40207031F03D8
:1008C0005E037103A303B803F9031A0462049504D9
:1008D000A204EF042D05370555056005F30536061E
:1008E000390668068406FE062207EB06F00614B1F8
:1008F00020781D282AD0D5F808805FEA08004FD05C
:1009000001208DF82000686A02220D908DF82420C5
:100910000A208DF82500A8690A90A8880028EED042
:1009200098F8001091B10F2910D27DD2DFE801F0C4
:100930007C1349DEFCFBFAF9F8F738089CF6F50061
:1009400002282DD124B120780C2801D00026F0E314
:100950008DF82020CBE10420696A03F0DFF9A88834
:100960000728EED1204600F0F2FF022809D02046E9
:1009700000F0EDFF032807D9204600F0E8FF072824
:1009800002D20120207004E0002CB8D02078012889
:10099000D7D198F80400C11F0A2902D30A2061E0C8
:1009A000C4E1A070D8F80010E162B8F80410218604
:1009B00098F8060084F83200012028700320207087
:1009C00044E00728BDD1002C99D020780D28B8D15B
:1009D00098F8031094F82F20C1F3C000C2F3C002AE
:1009E000104201D0062000E00720890707D198F8BF
:1009F00005100142D2D198F806100142CED194F8E8
:100A0000312098F8051020EA02021142C6D194F86C
:100A1000322098F8061090430142BFD198F80400A4
:100A2000C11F0A29BAD200E008E2617D81427CD868
:100A3000D8F800106160B8F80410218198F8060019
:100A4000A072012028700E20207003208DF8200055
:100A5000686A0D9004F12D000990601D0A900F3016
:100A60000B9022E12875FCE3412891D1204600F04B
:100A70006EFF042802D1E078C00704D1204600F0C0
:100A800066FF0F2884D1A88CD5F80C8080B24FF077
:100A9000400BE669FFF745FC324641465B464E4651
:100AA000CDF80090FFF741F80B208DF82000686A20
:100AB0000D90E0690990002108A8FFF79FFE2078BB
:100AC000042806D0A07D58B1012809D003280AD0F7
:100AD0004AE305202070032028708DF82060CEE1C5
:100AE00084F800A032E712202070EAE11128BCD17E
:100AF000204600F02CFF042802D1E078C00719D06E
:100B0000204600F024FF062805D1E078C00711D167
:100B1000A07D02280ED0204608E0CCE084E072E1FF
:100B200051E124E103E1E9E019E0B0E100F00FFF59
:100B300011289AD1102208F1010104F13C00FCF7C0
:100B4000F8FB607801286ED012202070E078C00792
:100B500060D0A07D0028C8D00128C6D05AE0112856
:100B600090D1204600F0F3FE082804D0204600F083
:100B7000EEFE132886D104F16C00102208F1010169
:100B80000646FCF7D6FB207808280DD014202070EC
:100B9000E178C8070DD0A07D02280AD06278022A29
:100BA00004D00328A1D035E00920F0E708B10128DE
:100BB00037D1C80713D0A07D02281DD00020009097
:100BC000D4E9062133460EA8FFF777FC10220EA9C0
:100BD00004F13C00FCF780FBC8B1042042E7D4E9F3
:100BE0000912201D8DE8070004F12C0332460EA8DF
:100BF000616BFFF770FDE9E7606BC1F34401491ECB
:100C00000068C84000F0010040F08000D7E720787D
:100C1000092806D185F800908DF8209036E32870D9
:100C2000EFE30920FBE79EE1112899D1204600F06F
:100C30008EFE0A2802D1E078C00704D1204600F0D9
:100C400086FE15288CD104F13C00102208F1010128
:100C50000646FCF76EFB20780A2816D01620207076
:100C6000D4E90932606B611D8DE80F0004F15C036B
:100C700004F16C0247310EA8FFF7C2FC10220EA946
:100C80003046FCF729FB18B1F9E20B20207073E223
:100C90002046FFF7D7FDA078216AC0F110020B189B
:100CA00000211846FCF76FFB26E3394608A8FFF73A
:100CB000A5FD06463CE20228B7D1204600F047FEDB
:100CC000042804D3204600F042FE082809D3204619
:100CD00000F03DFE0E2829D3204600F038FE1228F1
:100CE00024D2A07D0228A0D10E208DF82000686AB1
:100CF0000D9098F801008DF82400F5E3022894D1B6
:100D0000204600F024FE002810D0204600F01FFEF0
:100D10000128F9D0204600F01AFE0C28F4D0042057
:100D20008DF8240098F801008DF8250060E2112864
:100D3000FCD1002CFAD020781728F7D16178606AAE
:100D4000022912D05FF0000101EB4101182606EBE9
:100D5000C1011022405808F10101FCF7EAFA042011
:100D6000696A00F0E7FD2670F0E50121ECE70B2849
:100D7000DCD1002CDAD020781828D7D16078616ACD
:100D800002281CD05FF0000000EB4002102000EBB6
:100D9000C2000958B8F8010008806078616A02282A
:100DA0000FD0002000EB4002142000EBC2000958D5
:100DB000404650F8032F0A604068486039E001203F
:100DC000E2E70120EEE71128B0D1002CAED0207868
:100DD0001928ABD16178606A022912D05FF0000156
:100DE00001EB41011C2202EBC1011022405808F125
:100DF0000101FCF79EFA0420696A00F09BFD1A20AD
:100E0000B6E00121ECE7082890D1002C8ED02078A4
:100E10001A288BD1606A98F80120017862F34701A3
:100E20000170616AD8F8022041F8012FB8F8060075
:100E300088800420696A00F07DFD90E2072011E6B9
:100E40003878012894D1182204F114007968FCF74D
:100E500070FAE079C10894F82F0001EAD001E07837
:100E600061F30000E070217D002974D1217803290D
:100E700009D0C00725D0032028708DF82090686A1B
:100E80000D90412008E3607DA178884201D90620B9
:100E9000E8E502262671E179204621F0E001E171C2
:100EA000617A21F0F0016172A17A21F0F001A17262
:100EB000FFF7C8FC2E708DF82090686A0D9007200F
:100EC000EAE20420ABE6387805289DD18DF82000B1
:100ED000686A0D90B8680A900720ADF824000A9857
:100EE0008DF830B06168016021898180A17A8171BB
:100EF00004202070F8E23978052985D18DF820107A
:100F0000696A0D91391D09AE0EC986E80E004121AE
:100F1000ADF824108DF830B01070A88CD7F80C8084
:100F200080B24026A769FFF70EFA41463A4633469B
:100F3000C846CDF80090FEF72CFE002108A8FFF768
:100F40005DFCE07820F03E00801CE07020780528F1
:100F500002D00F200CE04AE1A07D20B1012802D090
:100F6000032802D002E10720BEE584F80080EDE40A
:100F70002070EBE4102104F15C0002F0E8FB606BF0
:100F8000B0BBA07D18B1012801D00520FDE00620EE
:100F90002870F8486063A063C2E23878022894D1D0
:100FA000387908B12875B7E3A07D022802D003285C
:100FB00005D022E0B8680028F5D060631CE06078B6
:100FC000012806D0A07994F82E10012805D0E94810
:100FD00006E0A17994F82E00F7E7B8680028E2D07F
:100FE0006063E078C00701D0012902D0E14803E046
:100FF00003E0F8680028D6D0A06306200FE68DF83D
:101000002090696A0D91E1784846C90709D0617856
:10101000022903D1A17D29B1012903D0A17D032992
:1010200000D00720287033E138780528BBD120781C
:1010300007281ED084F800A005208DF82000686ADB
:101040000D90B8680A90ADF824A08DF830B0032157
:101050000170E178CA070FD0A27D022A1AD00021C0
:101060000091D4E9061204F15C03401CFFF725FA55
:101070006BE384F80090DFE7D4E90923211D8DE8B4
:101080000E0004F12C0304F15C02401C616BFFF7BD
:1010900022FB5AE3626BC1F34401491E1268CA4045
:1010A00002F0010141F08001DAE738780528BDD16E
:1010B0008DF82000686A0D90B8680A90ADF824A0F9
:1010C0008DF830B0042100F8011B102204F15C01FE
:1010D000FCF72FF9002108A8FFF790FB20780928DA
:1010E00001D0132044E70A2020709AE5E078C10778
:1010F00042D0A17D012902D0022927D038E06178B1
:1011000008A8012916D004F16C010091D4E9061257
:1011100004F15C03001DFFF7BBFA0A2028700326C8
:101120008DF82080686A0D90002108A8FFF766FB03
:10113000E1E2C7E204F15C010091D4E9062104F187
:101140006C03001DFFF7A4FA0026E9E7C0F3440191
:1011500014290DD24FF0006101EBB0104FEAB060DE
:10116000E0706078012801D01020BDE40620FFE681
:10117000607801283FF4B6AC0A2050E5E178C90751
:1011800008D0A17D012903D10B202870042030E074
:1011900028702EE00E2028706078616B012818D02E
:1011A00004F15C0304F16C020EA8FFF7E1FA20469B
:1011B000FFF748FBA0780EAEC0F1100230440021CA
:1011C000FCF7E1F806208DF82000686A09960D907A
:1011D0009BE004F16C0304F15C020EA8FFF7C8FA6F
:1011E000E8E73978022903D139790029D0D0297567
:1011F00092E28DF82000686A0D9056E5387807284D
:10120000F6D1D4E909216078012808D004F16C00F6
:10121000CDE90002029105D104F16C0304E004F170
:101220005C00F5E704F15C0304F14C007A680646C3
:10123000216AFFF763F96078012822D1A078216A3A
:10124000C0F110020B1800211846FCF79CF8D4E9F5
:101250000923606B04F12D018DE80F0004F15C039C
:1012600000E05BE204F16C0231460EA8FFF7C8F91A
:1012700010220EA904F13C00FCF72EF808B10B2057
:10128000ACE485F8008000BF8DF82090686A0D906E
:101290008DF824A009E538780528A9D18DF820001B
:1012A000686A0D90B8680A90ADF824A08DF830B047
:1012B00080F80080617801291AD0D4E9092104F16D
:1012C0002D03A66B03910096CDE9013204F16C0366
:1012D00004F15C0204F14C01401CFFF791F900217C
:1012E00008A8FFF78BFA6078012805D015203FE6A3
:1012F000D4E90912631DE4E70E20287006208DF85A
:101300002000686ACDF824B00D90A0788DF82800F0
:10131000CBE438780328C0D1E079C00770D00F2023
:101320002870072065E7387804286BD11422391D0E
:1013300004F11400FBF7FDFF616A208CA1F809009D
:10134000616AA078C871E179626A01F003011172E3
:10135000616A627A0A73616AA07A81F824001620B1
:101360005DE485F800A08DF82090696A50460D91E3
:1013700092E0000022B201003878052842D1B86816
:10138000A8616178606A022901D0012100E0002192
:1013900001EB4101142606EBC1014058082102F07F
:1013A000D6F96178606A022901D0012100E00021AC
:1013B00001EB410106EBC101425802A8E169FFF7C8
:1013C0000BFA6078626A022801D0012000E0002058
:1013D00000EB4001102000EBC1000223105802A9CD
:1013E0000932FEF7EEFF626AFD4B0EA80932A169D1
:1013F000FFF7E1F96178606A022904D0012103E076
:1014000044E18DE0BFE0002101EB4101182606EB2D
:10141000C101A27840580EA9FBF78BFF6178606A82
:10142000022901D0012100E0002101EB410106EB7E
:10143000C1014158A0780B18C0F1100200211846D4
:10144000FBF7A1FF05208DF82000686A0D90A869C0
:101450000A90ADF824A08DF830B0062101706278B2
:10146000616A022A01D0012200E0002202EB42025E
:1014700006EBC202401C89581022FBF75AFF0021DC
:1014800008A8FFF7BBF91220C5F818B028708DF82E
:101490002090686A0D900B208DF8240005E43878C0
:1014A000052870D18DF82000686A0D90B8680A9000
:1014B0000B20ADF824000A98072101706178626A58
:1014C000022901D0012100E0002101EB410310219C
:1014D00001EBC30151580988A0F801106178626AD4
:1014E000022902D0012101E02FE1002101EB41039B
:1014F000142101EBC30151580A6840F8032F4968D1
:10150000416059E01920287001208DF8300074E600
:10151000162028708DF830B0002108A8FFF76EF96A
:10152000032617E114202870AEE6387805282AD162
:101530008DF82000686A0D90B8680A90ADF824A074
:101540008DF830B080F800906278616A4E46022AC9
:1015500001D0012200E0002202EB42021C2303EB37
:10156000C202401C89581022FBF7E3FE002108A8A4
:10157000FFF744F9152028708DF82060686A0D90F7
:101580008DF8246039E680E0387805287DD18DF823
:101590002000686A0D90B8680A90ADF8249009217F
:1015A00001706169097849084170616951F8012F3A
:1015B000C0F802208988C18020781C28A8D1A1E722
:1015C000E078C00702D04FF0060C01E04FF0070CA6
:1015D000607802280AD000BF4FF0000000EB040141
:1015E00001F1090105D04FF0010004E04FF00100C6
:1015F000F4E74FF000000B78204413EA0C030B7063
:1016000010F8092F02EA0C02027004D14FF01B0CF3
:1016100084F800C0D2B394F801C0BCF1010F00D02F
:101620009BB990F800C0E0465FEACC7C04D028F07B
:1016300001060670102606E05FEA887C05D528F0D2
:101640000206067013262E70032694F801C0BCF122
:10165000020F00D092B991F800C05FEACC7804D0B4
:101660002CF001060E70172106E05FEA8C7805D594
:101670002CF002060E701921217000260078D0BBD4
:10168000CAB3C3BB1C20207035E012E002E03878FA
:10169000062841D11A2015E4207801283CD00C28D6
:1016A0003AD02046FFF7EBF809208DF82000686A51
:1016B0000D9031E03878052805D0062038700326D3
:1016C0001820287046E005208DF82000696A0D91E9
:1016D000B9680A910221ADF8241001218DF830106B
:1016E0000A990870287D4870394608A8FFF786F8DF
:1016F000064618202870012E0ED02BE001208DF810
:101700002000686A0D9003208DF82400287D8DF854
:10171000250085F814B012E0287D80B11D202070CE
:10172000172028708DF82090686A0D9002208DF89F
:101730002400394608A8FFF761F806460AE00CB114
:10174000FE2020709DF8200020B1002108A8FFF79E
:1017500055F80CE413B03046BDE8F08F2DE9F043A6
:1017600087B00C464E6900218DF8041001202578C1
:10177000034602274FF007094FF0050C85B1012DF4
:1017800053D0022D39D1FE2030708DF80030606AC0
:10179000059003208DF80400207E8DF8050063E09D
:1017A0002179012925D002292DD0032928D0042907
:1017B00023D1B17D022920D131780D1F042D04D30E
:1017C0000A3D032D01D31D2917D12189022914D3E4
:1017D0008DF80470237020899DF80410884201E080
:1017E0001AB2010018D208208DF80000606A059036
:1017F00057E070780128EBD0052007B0BDE8F083F2
:101800001D203070E4E771780229F5D131780C2978
:10181000F3D18DF80490DDE7083402F804CB94E8A6
:101820000B0082E80B000320E7E71578052DE4D1D3
:101830008DF800C0656A0595956802958DF81010C1
:1018400094F80480B8F1010F13D0B8F1020F2DD035
:10185000B8F1030F1CD0B8F1040FCED1ADF804706D
:101860000E202870207E687000216846FEF7C6FFB3
:101870000CE0ADF804700B202870207E002100F0F1
:101880001F0068706846FEF7B9FF37700020B4E7A4
:10189000ADF804708DF8103085F800C0207E6870B7
:1018A000277011466846FEF7A9FFA6E7ADF8049039
:1018B0002B70207F6870607F00F00100A870A07F0F
:1018C00000F01F00E870E27F2A71C0071CD094F876
:1018D000200000F00700687194F8210000F0070074
:1018E000A87100216846FEF789FF2868F062A88881
:1018F0003086A87986F83200A0694078707528791A
:10190000B0700D203070C1E7A9716971E9E700B5C9
:1019100087B004280CD101208DF800008DF8040058
:10192000002005918DF8050001466846FEF766FF28
:1019300007B000BD70B50C46054602F0EFF9214630
:101940002846BDE870407823002202F03DB908B176
:10195000007870470C20704770B50C0005784FF088
:1019600000010CD021702146F1F757FC694821781D
:10197000405D884201D1032070BD022070BDF1F7A7
:101980004CFC002070BD0279012A05D000220A70AB
:101990004B78012B02D003E0042070470A758A615E
:1019A00002799300521C0271C15003207047F0B5B8
:1019B00087B00F4605460124287905EB800050F8D2
:1019C000046C7078411E02290AD252493A460839FD
:1019D00001EB8000314650F8043C28469847044605
:1019E0000CB1012C11D12879401E10F0FF00287194
:1019F00001D00324E0E70A208DF80000706A05900A
:101A0000002101966846FFF7A7FF032CD4D007B04A
:101A10002046F0BD70B515460A46044629461046D4
:101A2000FFF7C5FF064674B12078FE280BD1207C55
:101A300030B100202870294604F10C00FFF7B7FFF1
:101A40002046FEF71CFF304670BD704770B50E464D
:101A500004467C220021FBF796FC0225012E03D0D0
:101A6000022E04D0052070BD0120607000E065707A
:101A70002046FEF704FFA575002070BD28B1027C4A
:101A80001AB10A4600F10C01C4E70120704710B5F5
:101A9000044686B0042002F041F92078FE2806D0E2
:101AA00000208DF8000069462046FFF7E7FF06B0EA
:101AB00010BD7CB50E4600218DF804104178012937
:101AC00003D0022903D0002405E0046900E0446942
:101AD0000CB1217C89B16D4601462846FFF753FFC2
:101AE000032809D1324629462046FFF793FF9DF887
:101AF0000410002900D004207CBD04F10C05EBE7A4
:101B000030B40C460146034A204630BC024B0C3A26
:101B1000FEF751BE60B201001AB2010070B50D4669
:101B2000040012D08DB1220100212846FBF72BFCC6
:101B3000102255492846FBF7FCFB53480121083881
:101B4000018044804560002070BD012070BD70B5EB
:101B50004D4E00240546083E10E07068AA7B00EB5D
:101B60000410817B914208D1C17BEA7B914204D170
:101B70000C222946FBF7B0FB30B1641C308884424C
:101B8000EBDB4FF0FF3070BD204670BD70B50D46E9
:101B9000060006D02DB1FFF7DAFF002803DB401C5A
:101BA00014E0102070BD384C083C20886288411C2D
:101BB000914201D9042070BD6168102201EB001030
:101BC0003146FBF7B6FB2088401C2080287000209F
:101BD00070BD2D480838008870472B49083908889F
:101BE000012802D0401E08800020704770B51446BE
:101BF0000D0018D0BCB10021A170022802D010281D
:101C000011D105E0288870B10121A170108008E091
:101C10002846FFF79CFF002805DB401CA070A88920
:101C20002080002070BD012070BD70B505461446AF
:101C30000E000BD000203070A878012808D005D9FC
:101C40001149A1F108010A8890420AD9012070BD0A
:101C500024B1287820702888000A5070022008706B
:101C60000FE064B14968102201EB001120461039E1
:101C7000FBF75FFB287820732888000A6073102028
:101C80003070002070BD0000880000202DE9F04178
:101C900090460C4607460025C2EB4811FE48072F28
:101CA00000EB410607D2DFE807F007070707040447
:101CB0000400012500E0FFDF06F81470002D13D0AA
:101CC000F5487C3000EB880191F827001F2803D0ED
:101CD00006EB4000447001E081F8264006EB440228
:101CE0001F20507081F82740BDE8F081F0B51F46F5
:101CF00014460E4605461F2A00D1FFDFE648C7EB13
:101D0000471100EB410CE4490CEB44007C3101EB42
:101D100087021F2E07D00CEB460140784B784870A5
:101D200018461F210AE092F82530407882F82500F5
:101D3000F6E701460CEB410005704078A142F8D16E
:101D400092F827401F2C03D00CEB4404637001E091
:101D500082F826300CEB41041F23637082F82710B1
:101D6000F0BD30B50D46CD4B44190022181A72EB68
:101D7000020100D2FFDFCA48854200DDFFDFC8480C
:101D80004042854200DAFFDFC448401C844207DA43
:101D9000002C01DB204630BDC048401C201830BD5F
:101DA000BE48C043FAE710B504460168407ABD4A10
:101DB00052F82020114450B10220084420F07F4006
:101DC000F8F759FD94F90810BDE81040C9E7042060
:101DD000F3E72DE9F047B04E7C3696F82D50DFF84A
:101DE000B89206EB850090F8264036E0C5EB451129
:101DF00009EB41074FF0070817F81400012806D037
:101E000004282ED005282ED0062800D0FFDF01F0B0
:101E100045F9014607EB4400427806EB850080F85F
:101E2000262090F82720A24202D11F2280F82720E6
:101E3000084601F03EF92A4621460120FFF726FF19
:101E40009948414600EB041002682046904796F8F6
:101E50002D5006EB850090F826401F2CC6D1BDE81A
:101E6000F087022000E003208046D0E710B58A4CBE
:101E70001F217C3484F8251084F8261084F827105C
:101E8000002084F8280084F82D0084F82E10411ECC
:101E9000A16044F8100B2074607420736073A07309
:101EA0008249E07720750870487000217A4A103C1A
:101EB00002F81100491CC9B21F29F9D30120F8F713
:101EC000CAFB0020F8F7C7FB012084F82200F9F7CD
:101ED00037F87748F9F749F8744CA41E2070754814
:101EE000F9F743F86070BDE81040F8F741BB10B552
:101EF000F8F763FB6D4CA41E2078F9F74FF8607873
:101F0000F9F74CF8BDE8104001F000B91F20704708
:101F10000020F8F779BB70B5054601240E46AC40A9
:101F20005AB1FFF7F5FF0146634800EBC500C0F862
:101F30001015C0F81465614801E06048001D046098
:101F400070BD2DE9F34F544D00247C3505EB810A1B
:101F500089B09AF825001F2823D0611E02915249AA
:101F6000009401EB0017391D03AB07C983E8070094
:101F700005F11400A0460189ADF81C10807A8DF897
:101F80001E009DF81500C8B10226464951F82040B0
:101F90000399A219114421F07F41019184B10221DA
:101FA0000FE00120F8F757FB0020F8F754FBF8F793
:101FB00022FB01F0ABF885F82F40A9E00426E4E706
:101FC00000218DF81810022801D0012820D1039893
:101FD00001190998081A801C9DF81C1020F07F40F8
:101FE00001B10221353181420BD203208DF8150059
:101FF0000398C4F13201401A20F07F40322403904C
:102000000CE095F8240018B901F063FA002863D0B9
:10201000322C03D214B101F06DF801E001F076F832
:10202000224A107818B393465278039B121B002162
:102030009DF81840994601281AD0032818D000208E
:102040008DF81E00002A04DD981A039001208DF8F7
:1020500018009DF81C0000B102210398184A20F0D6
:102060007F40039003AB099801F05CF810B110E0D9
:102070000120E5E79DF81D0018B99BF80000032832
:1020800029D08DF81C80CDF80C908DF818408DF873
:102090001E809DF8180015E0DC080020FF7F841EDC
:1020A0000020A10770B20100EC0600209A00002079
:1020B000773A0100D31D010000F0014004F5014012
:1020C000FFFF3F0058B103980123811900221846F1
:1020D000F8F714FB06E000200BB0BDE8F08F0120FC
:1020E000F8F7B9FA97F90C20012300200199F8F7C5
:1020F00005FBF87BC00701D0F8F7E9FB012085F864
:102100002F008AF8288020226946FE48FBF711F943
:102110000120E1E72DE9F05FDFF8E883064608EBF0
:10212000860090F825501F2D21D0A8F17C01C6EB28
:1021300046102C4601EB4007A1F5F879DFF8C8B34B
:1021400005E0A24607EB4A0044781F2C0AD0F8F7B6
:1021500020FB09EB04135A4601211B1D00F0E2FF8E
:102160000028EED0AC4202D0334652461EE0E7488B
:1021700008B1AFF30080F8F70CFB98F82F206AB194
:10218000D8F80C20411C891A0902CA1701EB126108
:102190000912002902DD0020BDE8F09F3146FFF75B
:1021A000D0FE08B10120F7E733462A461F2104205C
:1021B000FFF79CFDEFE72DE9F041D24C2569F8F7D8
:1021C000E8FA401B0002C11700EB1160001200D4B6
:1021D000FFDF94F8220000B1FFDF012784F82270AE
:1021E00094F82E001F2800D1FFDF94F82E601F20E6
:1021F00084F82E00002584F82F5084F8205084F8AD
:102200002150C34825600078022835D0032833D0F8
:1022100000202077A068401C05D04FF0FF30A06060
:102220000120F8F718FA0020F8F715FAF8F711FB73
:10223000F8F709FBF8F7DFF908F0C6F8B5480560CC
:1022400005604FF0E0214FF40040B846C1F880022D
:10225000F0F7B5FE94F82D703846FFF75BFF0028C5
:10226000FAD0A849C7EB47107C3901EB400010F8C1
:102270001600022802D006E00120CAE73A4631469D
:102280000620FFF703FD84F8238004EB870090F815
:1022900026001F2804D09E48801E4078F8F784FE50
:1022A000207F002803D0F8F7C4FA257765771BE56F
:1022B000944910B591F82D20924B0024C2EB4211A5
:1022C0007C3B03EB410100BF11F814302BB1641CBF
:1022D000E4B21F2CF8D31F2010BD8F4901EB04116D
:1022E00008600020C87321460120FFF7CFFC20467C
:1022F00010BD10B5012801D0032800D181B3814A57
:1023000092F82D307F4C0022C3EB43137C3C04EB4E
:10231000430300BF13F812400CB1082010BD521C3B
:10232000D2B21F2AF6D37A4A48B1022807D0072929
:1023300017D2DFE801F01606080A0C0E1000002183
:102340000AE01B2108E03A2106E0582104E0772149
:1023500002E0962100E0B52151701070002010BD00
:10236000FFE70720FBE76A4810B54078F8F783FAE3
:1023700080B2F4E710B51F2815D2624991F82D20DC
:10238000C2EB4213A1F17C0202EB430414F81030BB
:102390004BB191F82D30C3EB431302EB430212F81B
:1023A0001020012A01D00020D9E791F82D20014604
:1023B0000020FFF76BFC0120D1E710B5F8F7E9F931
:1023C000BDE81040F8F757BA2DE9F0410E464D4FE1
:1023D00001781F257C3FC3EB43130C4607EB4303F7
:1023E00003E0254603EB45046478944202D01F2C99
:1023F000F7D108E01F2C06D0A14206D103EB410122
:102400004978017007E000206EE403EB440003EB21
:10241000450140784870414F7EB127B1002140F21C
:102420002D40AFF300803078A04206D127B10021C3
:102430004FF48660AFF30080357027B1002140F281
:102440003540AFF3008001204EE410B542680B68C0
:102450009A1A1202D41702EB1462121216D4497A95
:1024600091B1427A82B92E4A006852F8211012685E
:1024700019441044001D891C081A0002C11700EB02
:1024800011600012322801DB012068E7002066E7B6
:102490002DE9F0478146204EC1EB411006F5F87159
:1024A0009846144601EB400713E000BF06EB041505
:1024B000291D4846FFF7C9FF68B988F80040A97B85
:1024C00099F80A00814201D80020C8E407EB4400D3
:1024D00044781F2CEAD10120C1E42DE9F04782465F
:1024E00008480E4600EB8600DFF82C8090F8254067
:1024F0001F201070C1EB46109946154608F5F8717B
:1025000010E0000058090020FFFF3F00000000001D
:102510009A00002000F50040EC06002000000000BA
:1025200070B2010001EB40070BE000BF08EB0410A4
:102530005146001DFFF789FF28B107EB44002C70BE
:1025400044781F2CF2D1297889F800104B46224696
:1025500031465046BDE8F0479AE72DE9FC410E466A
:1025600007460024FE4D08E09DF8000005EB001032
:102570008168384600F0EAFD01246B4601AA314625
:102580003846FFF7AAFF0028EED02046BDE8FC81C0
:1025900070B50446C0EB44110125F248A54300EB99
:1025A0004101C5EB451200EB42003E22FAF7C1FEA5
:1025B000ED4E26B100214FF49360AFF30080E9485F
:1025C0007C3000EB850100EB8400D0F82500C1F8D9
:1025D000250026B1002140F29C40AFF30080284640
:1025E00070BD8A4203D003460520FFF77FBB1F2939
:1025F00008D0DC4AC0EB401002EB400000EB410089
:1026000040787047D7497C3101EB800090F8250075
:102610007047D34901EB0010001DFFF7C4BB7CB528
:102620001D46134604460E4600F108022146184690
:10263000F8F72EF994F908000F2804DD1F382072EE
:102640002068401C206096B10220C84951F826102D
:10265000461820686946801B20F07F40206094F96E
:1026600008002844C01C1F2803DA012009E00420C8
:10267000EBE701AAF8F70CF99DF8040010B10098F7
:10268000401C00900099206831440844C01C20F090
:102690007F4060607CBDFEB50C46064609786079D7
:1026A000907220791F461546507279B12179002227
:1026B0002846A368FFF7B3FFAA4928467C3191F862
:1026C0002E201F2A0AD00969491D0DE0D4E90223F2
:1026D000217903B02846BDE8F040A0E7A449497835
:1026E000052900D20521314421F07F4100F02EFD63
:1026F00039462846FFF731FFD4E90232217968468E
:10270000FFF78DFF2B4600213046019A00F00AFDAD
:10271000002806D103B031462846BDE8F04000F05D
:1027200015BDFEBD2DE9FE4F814600F0CBFC38B152
:102730005FF0000799F8000020B10020BDE8FE8F8F
:102740000127F7E7874D884C4FF0000A7C3524B10C
:10275000002140F2FF40AFF3008095F82D8085F80E
:1027600023A0002624B1002140F20450AFF30080E2
:102770001FB94046FFF70CFF804624B1002140F20C
:102780000C50AFF30080F8F704F843466A46494618
:10279000FFF781FF24B1002140F21250AFF3008017
:1027A00095F82E001F280CD029690098401A0002C5
:1027B000C21700EB1260001203D5684600F0C6FC99
:1027C000012624B1002140F21C50AFF3008095F89F
:1027D00023000028BBD124B1002140F22250AFF3E6
:1027E0000080F7F7D6FF6B46624A002100F09AFCA2
:1027F0000028A3D027B941466846FFF7AEFE06433E
:1028000026B16846FFF7CFFAC9F8080024B10021C5
:1028100040F23550AFF3008001208FE72DE9F04FF3
:1028200089B08B46824600F04DFC4E4C7C3428B378
:102830009BF80000002710B1012800D0FFDF4A4DAF
:1028400025B1002140F2F750AFF300804449012048
:1028500001EB0A18A94607905FEA090604D0002197
:1028600040F2FF50AFF30080079800F022FC94F88C
:102870002D50002084F8230067B119E094F82E0051
:1028800001271F2800D1FFDF9BF800000028D6D0C9
:10289000FFDFD4E72846FFF77BFE054626B100217F
:1028A00040F20960AFF3008094F823000028D3D1F0
:1028B00026B1002140F21360AFF30080F7F769FF03
:1028C0002B4602AA59460790FFF7E5FE98F80F003D
:1028D0005FEA060900F001008DF8130004D0002122
:1028E00040F21D60AFF300803B462A4602A9CDF8B6
:1028F00000A0079800F035FC064604EB850090F830
:1029000028000090B9F1000F04D0002140F22460AB
:10291000AFF3008000F0C2FB0790B9F1000F04D0C4
:10292000002140F22A60AFF3008094F823000028D1
:1029300092D1B9F1000F04D0002140F23260AFF320
:1029400000800DF1080C9CE80E00C8E90112C8F8DF
:102950000C30BEB35FEA090612D000210CE0000083
:10296000EC060020DC0800200000000070B201002E
:102970009A000020FFFF3F0040F23F60AFF300806D
:102980000098B84312D094F82E001F280ED126B11B
:10299000002140F24460AFF300802846FFF7BAFB05
:1029A00020B99BF80000D8B3012849D0B9F1000F35
:1029B00004D0002140F26160AFF30080284600F0AF
:1029C00066FB01265FEA090504D0002140F26A6037
:1029D000AFF30080079800F06CFB25B1002140F2B6
:1029E0006E60AFF300808EB194F82D0004EB800090
:1029F00090F826001F2809D025B1002140F275600B
:102A0000AFF30080F9484078F8F7CEFA25B10021FD
:102A100040F27A60AFF3008009B03046BDE8F08F35
:102A2000FFE7B9F1000F04D0002140F24C60AFF392
:102A3000008094F82D2051460420FFF727F9C0E7C5
:102A4000002E3FF409AF002140F25760AFF3008041
:102A500002E72DE9F84FE64D814695F82D004FF03D
:102A60000008E44C4FF0010B474624B100214FF41D
:102A7000D160AFF30080584600F01BFB85F823704F
:102A800024B1002140F28D60AFF3008095F82D0055
:102A9000FFF77EFD064695F8230028B1002CE4D010
:102AA000002140F293604DE024B1002140F2976094
:102AB000AFF30080CE49C6EB46107C3901EB4001F4
:102AC00011F81900032856D1334605EB830A4A460C
:102AD0009AF82500904201D1012000E000200090EA
:102AE0000AF125000021FFF76FFC01460098014222
:102AF00003D001228AF82820AF77E1B324B1002166
:102B000040F29C60AFF30080324649460120FFF757
:102B1000BDF89AF828A024B1002140F2A760AFF3D5
:102B2000008000F0BBFA834624B1002140F2AC6083
:102B3000AFF3008095F8230038B1002C95D0002128
:102B40004FF4D660AFF300808FE7BAF1000F07D0E3
:102B500095F82E001F2803D13046FFF7DBFAE0B1CD
:102B600024B1002140F2C460AFF30080304600F091
:102B70008EFA4FF0010824B1002140F2CD60AFF38E
:102B80000080584600F095FA24B1002140F2D1604F
:102B9000AFF300804046BDE8F88F002CF1D0002153
:102BA00040F2BF60AFF30080E6E70120F7F72CBDED
:102BB0008E48007870472DE9F0418D4C94F82E0036
:102BC0001F2821D194F82D6004EB860797F8255033
:102BD0001F2D00D1FFDF8649C6EB46107C3901EB83
:102BE000400000EB4500407807F8250F0120F87001
:102BF00084F82300294684F82E50324602202234DD
:102C0000FFF744F8002020701EE42DE9F0417A4ED1
:102C1000774C012538B1012821D0022879D003282A
:102C20007DD0FFDF10E400F065FAFFF7C4FF207EDF
:102C300000B1FFDF84F821500020F7F70CFDA168F8
:102C4000481C04D0012300221846F7F757FD14F85A
:102C50002E0F217806EB01110A68012154E0FFF7DD
:102C6000AAFF0120F7F7F7FC94F8210050B1A06803
:102C7000401C07D014F82E0F217806EB01110A68CA
:102C8000062141E0207EDFF86481002708F1020878
:102C9000012803D002281ED0FFDFB5E7A777F7F79A
:102CA000C8FD98F80000032801D165772577607D7D
:102CB000524951F8200094F8201051B948B1616888
:102CC0000123091A00221846F7F718FD0220207682
:102CD0009AE7277698E784F8205000F00BFAA07F57
:102CE00050B198F8010061680123091A00221846C2
:102CF000F7F704FD257600E0277614F82E0F2178EB
:102D000006EB01110A680021BDE8F041104700E020
:102D100005E036480078BDE8F041F8F745B9FFF71F
:102D20004AFF14F82E0F217806EB01110A680521DD
:102D3000EAE710B52E4C94F82E001F2800D1FFDFD3
:102D400014F82E0F21782C4A02EB01110A68BDE815
:102D50001040042110477CB5254C054694F82E0000
:102D60001F2800D1FFDFA068401C00D0FFDF94F8CF
:102D70002E00214901AA01EB0010694690F90C00D0
:102D80002844F7F785FD9DF904000F2801DD012097
:102D900000E00020009908446168084420F07F4169
:102DA000A16094F82100002807D002B00123BDE8FB
:102DB000704000221846F7F7A1BC7CBD30B5104A20
:102DC0000B1A541CB3EB940F1ED3451AB5EB940F9A
:102DD0001AD3934203D9101A43185B1C14E095428E
:102DE00010D9511A0844401C43420DE098000020BD
:102DF0005809002000000000EC06002070B201001D
:102E0000FF7F841EFFDF0023184630BD0123002210
:102E100001460220F7F772BC0220F7F71CBCF7F757
:102E2000B8BC2DE9FE4FF24C05468A4694F82E00B8
:102E30001F2800D1FFDFEE4E94F82E10A04620464A
:102E4000A6F51B7202EB01141F218DF8001090F8FB
:102E50002D10376900EB8101D8F8000091F825901A
:102E6000284402AA01A90C36F7F712FD9DF90800C3
:102E7000002802DD0198401C0190A0680199642D92
:102E8000084453D3DB4B00225B1B72EB02014DD392
:102E90006168411A21F07F41B1F5800F46D220F0E0
:102EA0007F40706086F80AA098F82D1044466B4663
:102EB0004A463046FFF7ECFAB8B3A068401C10D081
:102EC000F7F767FCA168081A0002C11700EB116050
:102ED000001202282CDD0120F7F7BDFB4FF0FF3078
:102EE000A06094F82D009DF800201F210F34FFF7FB
:102EF00078FBA17FBE4AC1EB41117C3A02EB410154
:102F0000E27F01EB4201487054F80F0C284444F86A
:102F10000F0C012020759DF800001F2803D0B64833
:102F20004078F8F741F8012008E401E0002005E4CA
:102F30007760FBE72DE9F047AD4C074694F82D008C
:102F4000A4F17C06C0EB401006EB400010F817001F
:102F500000B9FFDF94F82D50A046A84C24B1002101
:102F600040F6E800AFF30080C5EB451040F6F409E9
:102F700040F6FD0A06EB400616F81700012819D0A6
:102F8000042811D005280FD006280DD01CB100212F
:102F90004846AFF3008007F0EBFE002CECD0002198
:102FA0005046AFF30080E7E72A4639460120FEF796
:102FB0006DFEF2E74FF0010A4FF00009454624B1DB
:102FC000002140F60410AFF30080504600F071F885
:102FD00085F8239024B1002140F60910AFF300805A
:102FE00095F82D00FFF7D4FA064695F8230028B18E
:102FF000002CE4D0002140F60F101FE024B1002186
:1030000040F61310AFF3008005EB860000F12701B6
:1030100033463A462630FFF7D7F924B1002140F66F
:103020001710AFF3008000F039F8824695F82300BE
:1030300038B1002CC3D0002140F61D10AFF3008042
:10304000BDE785F82D60012085F82300504600F08B
:1030500030F8002C04D0002140F62A10AFF3008095
:10306000BDE8F08730B5044661480D4690F82D0064
:103070005F49C0EB40107C3901EB400010F81400B0
:1030800000B9FFDF5E4800EB0410C57330BD58493E
:1030900081F82D00012081F82300704710B55948B0
:1030A00008B1AFF30080EFF3108000F0010072B6BA
:1030B00010BD10B5002804D1534808B1AFF300800B
:1030C00062B610BD51480068C005C00D10D0103860
:1030D00040B2002804DB00F1E02090F8000405E095
:1030E00000F00F0000F1E02090F8140D4009704747
:1030F0000820704710B53E4C94F82400002804D1F5
:10310000F7F746FC012084F8240010BD10B5384CB8
:1031100094F82400002804D0F7F763FC002084F81A
:10312000240010BD10B51C685B68241A181A24F01E
:103130007F4420F07F40A14206D8B4F5800F03D22F
:10314000904201D8012010BD002010BDD0E900320E
:10315000D21A21F07F43114421F07F41C0E90031B0
:1031600070472DE9FC418446214815460F46C2EBC5
:1031700045117C38089C00EB410616F81400012824
:1031800004D0022802D00020BDE8FC813B46204A42
:1031900001216046FFF7C6FFF0B101AB6A46294640
:1031A0003846FFF79AF9B8B19DF804209DF8001051
:1031B0002846FFF716FA06EB440148709DF8000018
:1031C0001F280DD006EB400044702A4621460320FC
:1031D000FEF75CFD0120D7E72A4621460420F7E7E9
:1031E0000348012100EB850000F8254FC170ECE792
:1031F00058090020FF1FA1079800002000000000D0
:10320000EC060020000000000000000004ED00E0DB
:10321000FFFF3F002DE9F041044680074FF0000515
:103220004FF001060CD56B480560066000F0DEF932
:1032300020B16948016841F48061016024F0020412
:10324000E0044FF0FF3705D564484660C0F80873C6
:1032500024F48054600003D56148056024F0804464
:10326000E0050FD55F48C0F80052C0F808735E490A
:103270000D60091D0D605C4A04210C32116006616D
:1032800024F48074A00409D558484660C0F8005260
:10329000C0F808735648056024F40054C4F3803025
:1032A000C4F3C031884200D0FFDF14F4404F14D083
:1032B00050484660C0F808734F488660C0F8005216
:1032C000C0F808734D490D600A1D16608660C0F88D
:1032D00008730D60166024F4404420050AD5484860
:1032E00046608660C0F80873C0F8487345480560BA
:1032F00024F4006407F042F84348044200D0FFDFA2
:10330000BDE8F081F0B50022202501234FEA020438
:1033100020FA02F1C9072DD051B2002910DB00BFFD
:103320004FEA51174FEA870701F01F0607F1E02720
:1033300003FA06F6C7F88061BFF34F8FBFF36F8FB4
:103340000CDB00BF4FEA51174FEA870701F01F0659
:1033500007F1E02703FA06F6C7F8806204DB01F103
:10336000E02181F8004405E001F00F0101F1E021C6
:1033700081F8144D02F10102AA42C9D3F0BD10B583
:10338000224C20600846F7F71CFC2068FFF742FF3C
:103390002068FFF7B7FF06F031FC00F088F906F06F
:1033A000EDFF06F02CFFF7F7CBFDBDE8104006F06F
:1033B000D9BC10B5154C2068FFF72CFF2068FFF72B
:1033C000A1FF06F0DBFFF7F7FBFC0020206010BD3B
:1033D0000A207047FC1F00403C17004000C000401E
:1033E00004E50140008000400485004000D000401A
:1033F00004D5004000E0004000F0004000F500402F
:1034000000B0004008B50040FEFF0FFD9C0000200A
:1034100070B526490A680AB30022154601244B6894
:103420005B1C4B600C2B00D34D600E7904FA06F345
:103430000E681E420FD0EFF3108212F0010272B636
:1034400000D001220C689C430C6002B962B6496846
:103450000160002070BD521C0C2AE0D3052070BD15
:103460004FF0E0214FF48000C1F800027047EFF305
:10347000108111F0010F72B64FF0010202FA00F252
:103480000A48036842EA0302026000D162B6E7E735
:1034900006480021016041607047012181400348D6
:1034A0000068084000D0012070470000A000002004
:1034B00001208107086070470121880741600021D1
:1034C000C0F80011184801707047174901200870B2
:1034D00070474FF08040D0F80001012803D0124817
:1034E0000078002800D00120704710480068C0070D
:1034F00000D0012070470D480C300068C00700D094
:10350000012070470948143000687047074910319E
:103510000A68D20306D5096801F00301814201D18E
:103520000120704700207047A800002008040040D8
:103530004FF08050D0F830010A2801D000207047A9
:103540000120704700B5FFF7F3FF20B14FF0805026
:10355000D0F8340108B1002000BD012000BD4FF0BB
:103560008050D0F83001062803D0401C01D0002044
:103570007047012070474FF08050D0F830010D287F
:1035800001D000207047012070474FF08050D0F8E4
:103590003001082801D000207047012070474FF00B
:1035A0008050D0F83001102801D000207047012051
:1035B000704700B5FFF7F3FF30B9FFF7DCFF18B92C
:1035C000FFF7E3FF002800D0012000BD00B5FFF7A2
:1035D000C6FF38B14FF08050D0F83401062803D32D
:1035E000401C01D0002000BD012000BD00B5FFF748
:1035F000B6FF48B14FF08050D0F83401062803D30D
:10360000401C01D0012000BD002000BD0021017040
:10361000084670470146002008707047EFF310819C
:1036200001F0010172B60278012A01D0012200E006
:1036300000220123037001B962B60AB1002070476D
:103640004FF400507047E9E7EFF3108111F0010FDC
:1036500072B64FF00002027000D162B600207047CF
:10366000F2E700002DE9F04115460E46044600271A
:1036700000F0EBF8A84215D3002341200FE000BF73
:1036800094F84220A25CF25494F84210491CB1FB19
:10369000F0F200FB12115B1C84F84210DBB2AB426B
:1036A000EED3012700F0DDF83846BDE8F08172491D
:1036B00010B5802081F800047049002081F8420094
:1036C00081F84100433181F8420081F841004331E3
:1036D00081F8420081F841006948FFF797FF684888
:1036E000401CFFF793FFF7F7B3FBBDE8104000F075
:1036F000B8B840207047614800F0A7B80A460146B4
:103700005E48AFE7402070475C48433000F09DB80A
:103710000A46014659484330A4E740210170002081
:10372000704710B504465548863000F08EF820707A
:10373000002010BD0A460146504810B58630FFF7FC
:1037400091FF08B1002010BD42F2070010BD70B516
:103750000C460646412900D9FFDF4A480068103868
:1037600040B200F054F8C5B20D2000F050F8C0B2DD
:10377000854201D3012504E0002502E00DB1F7F7F1
:10378000AAFB224631463D48FFF76CFF0028F5D0E2
:1037900070BD2DE9F0413A4F0025064617F10407A8
:1037A00057F82540204600F041F810B36D1CEDB2EB
:1037B000032DF5D33148433000F038F8002825D0E8
:1037C0002E4800F033F8002820D02C48863000F036
:1037D0002DF800281AD0F7F754FB2948FFF71EFFF1
:1037E000B0F5005F00D0FFDFBDE8F0412448FFF7EF
:1037F0002BBF94F841004121265414F8410F401C7E
:10380000B0FBF1F201FB12002070D3E74DE7002876
:1038100004DB00F1E02090F8000405E000F00F0068
:1038200000F1E02090F8140D4009704710F8411F96
:103830004122491CB1FBF2F302FB13114078814293
:1038400001D1012070470020704710F8411F4078D7
:10385000814201D3081A02E0C0F141000844C0B21D
:10386000704710B50648FFF7D9FE002803D1BDE820
:103870001040F7F7F1BA10BD0DE000E08809002014
:10388000AC00002004ED00E070B5154D2878401C18
:10389000C4B26878844202D000F0DBFA2C7070BDAC
:1038A0002DE9F0410E4C4FF0E02600BF00F0C6FAC3
:1038B00007F05EFA40BF20BF677820786070D6F8C6
:1038C0000052EDF759FD854305D1D6F8040210B931
:1038D0002078B842EAD000F0ACFA0020BDE8F081D0
:1038E000BC0000202DE9F04101264FF0E022310319
:1038F0004FF000084046C2F88011BFF34F8FBFF36E
:103900006F8F204CC4F800010C2000F02EF81E4DE3
:103910002868C04340F30017286840F01000286072
:10392000C4F8046326607F1C02E000BF07F020FAA1
:10393000D4F800010028F9D01FB9286820F0100041
:103940002860124805686660C4F80863C4F80081FE
:103950000C2000F00AF82846BDE8F08110B50446B6
:10396000FFF7C0FF2060002010BD002809DB00F039
:103970001F02012191404009800000F1E020C0F8C1
:103980008012704700C0004010ED00E008C5004004
:103990002DE9F047FF4C0646FF21A06800EB061218
:1039A00011702178FF2910D04FF0080909EB01119F
:1039B00009EB06174158C05900F0F4F9002807DD5B
:1039C000A168207801EB061108702670BDE8F08729
:1039D00094F8008045460DE0A06809EB05114158B8
:1039E000C05900F0DFF9002806DCA068A84600EB0B
:1039F00008100578FF2DEFD1A06800EB061100EB51
:103A000008100D700670E1E7F0B5E24B04460020A7
:103A100001259A680C269B780CE000BF05EB001787
:103A2000D75DA74204D106EB0017D7598F4204D0C7
:103A3000401CC0B28342F1D8FF20F0BD70B5FFF743
:103A4000EEF9D44C08252278A16805EB02128958BA
:103A500000F0A8F9012808DD2178A06805EB011124
:103A60004058BDE87040FFF7D1B9FFF7A1F8BDE8B5
:103A70007040F7F799BA2DE9F041C64C2578FFF769
:103A8000CEF9FF2D6ED04FF00808A26808EB05169E
:103A9000915900F087F90228A06801DD80595DE0A6
:103AA00000EB051109782170022101EB0511425C40
:103AB0005AB1521E4254815901F5800121F07F41D3
:103AC00081512846FFF764FF34E00423012203EB11
:103AD000051302EB051250F803C0875CBCF1000F20
:103AE00010D0BCF5007F10D9CCF3080250F806C006
:103AF0000CEB423C2CF07F4C40F806C0C3589A1A9D
:103B0000520A09E0FF2181540AE0825902EB4C324B
:103B100022F07F428251002242542846FFF738FFAC
:103B20000C21A06801EB05114158E06850F82720EE
:103B3000384690472078FF2814D0FFF770F9227894
:103B4000A16808EB02124546895800F02BF90128BC
:103B500093DD2178A06805EB01114058BDE8F041E4
:103B6000FFF754B9BDE8F081F0B51D4614460E4686
:103B70000746FF2B00D3FFDFA00700D0FFDF8548FB
:103B8000FF210022C0E90247C57006710170427032
:103B900082701046012204E002EB0013401CE15445
:103BA000C0B2A842F8D3F0BD70B57A4C064665782D
:103BB0002079854200D3FFDFE06840F82560607817
:103BC000401C6070284670BD2DE9FF5F1D468B4686
:103BD0000746FF24FFF723F9DFF8B891064699F866
:103BE0000100B84200D8FFDF00214FF001084FF07C
:103BF0000C0A99F80220D9F808000EE008EB01132E
:103C0000C35CFF2B0ED0BB4205D10AEB011350F869
:103C100003C0DC450CD0491CC9B28A42EED8FF2C47
:103C200002D00DE00C46F6E799F803108A4203D162
:103C3000FF2004B0BDE8F09F1446521C89F8022012
:103C400008EB04110AEB0412475440F802B00421B7
:103C5000029B0022012B01EB04110CD040F8012043
:103C60004FF4007808234FF0020C454513D9E905BD
:103C7000C90D02D002E04550F2E7414606EB413261
:103C800003EB041322F07F42C250691A0CEB0412BA
:103C9000490A81540BE005B9012506EB453103EBD8
:103CA000041321F07F41C1500CEB0411425499F8E8
:103CB00000502046FFF76CFE99F80000A84201D0A2
:103CC000FFF7BCFE3846B4E770B50C460546FFF773
:103CD000A6F8064621462846FFF796FE0446FF282A
:103CE0001AD02C4D082101EB0411A8684158304628
:103CF00000F058F800F58050C11700EBD140401398
:103D00000221AA6801EB0411515C09B100EB4120CA
:103D1000002800DC012070BD002070BD2DE9F047B7
:103D200088468146FFF770FE0746FF281BD0194DD5
:103D30002E78A8683146344605E0BC4206D02646B7
:103D400000EB06121478FF2CF7D10CE0FF2C0AD000
:103D5000A6420CD100EB011000782870FF2804D097
:103D6000FFF76CFE03E0002030E6FFF755F8414610
:103D70004846FFF7A9FF0123A968024603EB041395
:103D8000FF20C854A878401EB84200D1A87001EBAB
:103D9000041001E0540A002001EB061100780870BD
:103DA000104613E6081A0002C11700EB116000125A
:103DB0007047000010B5202000F07FF8202000F0B0
:103DC0008DF84D49202081F80004EDF7D3FA4B49D6
:103DD00008604B48D0F8041341F00101C0F8041307
:103DE000D0F8041341F08071C0F804134249012057
:103DF0001C39C1F8000110BD10B5202000F05DF89D
:103E00003E480021C8380160001D01603D4A481E3F
:103E100010603B4AC2F80803384B1960C2F8000131
:103E2000C2F8600138490860BDE81040202000F069
:103E300055B834493548091F08607047314933483F
:103E4000086070472D48C8380160001D521E02608E
:103E500070472C4901200860BFF34F8F70472DE950
:103E6000F0412849D0F8188028480860244CD4F83C
:103E700000010025244E6F1E28B14046EDF7D4F90D
:103E800040B9002111E0D4F8600198B14046EDF747
:103E9000CBF948B1C4F80051C4F860513760BDE8AF
:103EA000F041202000F01AB831684046BDE8F041EA
:103EB00006F068BFFFDFBDE8F08100280DDB00F0F1
:103EC0001F02012191404009800000F1E020C0F86C
:103ED0008011BFF34F8FBFF36F8F7047002809DB4E
:103EE00000F01F02012191404009800000F1E02014
:103EF000C0F880127047000020E000E0C8060240D1
:103F000000000240180502400004024001000001C8
:103F1000454800210170417010218170704770B5D3
:103F2000054616460C460220F3F7F2FB3E490120F7
:103F3000F61E08703D4806603C4808380560001FC2
:103F4000046070BD10B50220F3F7E2FB3649012092
:103F5000087000F051F836494FF40000086010BDB9
:103F600010B5314C207888B131494FF40000091D5B
:103F7000086000F04AF8002120B1012060702D484F
:103F8000006801E061701020A0702170BDE8104051
:103F90000020F3F7BDBB244810B5017859B126487D
:103FA000D0F8000128B100F030F8002800D001203E
:103FB00010BD022010BD407810BD10B5C824641E8D
:103FC000E4B2FFF7E8FF022803D0012800D0002068
:103FD00010BD002CF3D1FFDFF9E7134810B50178CD
:103FE00041B100F012F818B112480068C0B210BD1B
:103FF000102010BD807810BD0F480021C0F80011BE
:10400000C0F80411C0F8081170470B48D0F800112F
:1040100029B1D0F8041111B1D0F8080108B100207D
:104020007047012070470000BE00002010F50040DE
:1040300004F5014000F4004000F000404748002132
:1040400001704170704770B5064614460D46012058
:10405000F3F75EFB42480660001D0460001D05602A
:1040600070BD70B53D4901250D7040EA02413C4AE2
:1040700041F08071121F11603A4C0026C4F80461AF
:10408000394A4FF04071116058B1012800D0FFDF6C
:10409000C4F80062256034494FF00070091F0860C1
:1040A00070BDC4F80052256070BD2C48017871B114
:1040B0002D4A4FF0407111602A49D1F804210021A6
:1040C0001AB12A4A1268427000E041700170002063
:1040D000F3F71EBB2148017841B12248D0F8040112
:1040E000002802D021480068C0B27047407870476D
:1040F0002DE9F04700282AD01848007800B9FFDFE2
:10410000184DD5F80401002821D10227C5F8047301
:10411000174C2068C04340F30016206840F01000A0
:1041200020604FF400484FF0E029761C04E000BF07
:10413000C9F8808206F01CFED5F804010028F7D0EB
:104140001EB9206820F010002060C5F80873BDE893
:10415000F08704490120886070470000C1000020FA
:1041600008F5004000F0004008F5014000F4004070
:1041700010ED00E010B541F6A474012802D0022829
:1041800002D0FFDF204610BD41F2883010BD38B5A7
:10419000FE4D0024C5F80041C5F80C41C5F810419A
:1041A000C5F80441C5F81441C5F81841FFF70EFAE7
:1041B00008B1C5F82841F6480068009038BD70B5D0
:1041C000F44D00246C702C7000F0D2FD85F8254071
:1041D000EC620922002105F11800AC63F9F7D3F86D
:1041E000ED49601E0860091D0860091D0C60091D6D
:1041F0000860091D0C60091D0860091D0860091D83
:104200000860091D0860091D0860091D0860091D76
:104210000860091D0860091D086070BDDF4800B511
:10422000016801F00F01032905D0006800F00F00BC
:10423000042802D0FFDF012000BD022000BD00B530
:10424000012802D0022800D0FFDF002000BD00B509
:10425000012802D0022802D0FFDF282000BD18204C
:1042600000BD10B5CB4902681839CA4C0A634268D0
:104270004A63007A81F83800207E50B1207FF9F738
:10428000C0F8A07E08B1012100E00021207FF9F7ED
:10429000ADF8607E00280CD0607FF9F7B2F8E07EC0
:1042A00008B1012100E00021607FBDE81040F9F76E
:1042B0009DB810BD00F063BD10B500F060FDB348BF
:1042C000D0F80001002800D0FFDF10BD70B501203C
:1042D00000F030FDB2480025056001260660FFF7BA
:1042E00085F9B04C18B1206840F480602060FFF779
:1042F00036F928B12068AC4920F0770008432060E7
:10430000FFF764F938B1A748001D016821F47F4127
:1043100041F4B0510160A349A4483C310860FFF763
:1043200055F99C4C60B19D490220503184F8210020
:104330000860A0499E48086095481030091F086031
:104340004FF01020806C411C05D094497C310A68E4
:1043500060F317420A60914940F25B6028310860BF
:10436000091F40F203100860081F06608B490320F4
:1043700008608C48EC38066094F8211011B14FF4B5
:10438000C02100E08C498B4A41F46021943A1160CD
:104390008749884A091F083211607D490839121F70
:1043A0001160016821F440710160016841F480717D
:1043B0000160012000F0CFFC74491020C1F8040313
:1043C00084F83150E56270BD76483830016821F0DC
:1043D000010141F08071016070476E4A0368183A2C
:1043E000C2F81A308088D0836A48017270476948E1
:1043F00090F825007047674A517010707047F0B50B
:104400000546840061488B882044C0F820360B782C
:10441000D1F8011043EA0121C0F8001605F10800A7
:104420000127604C07FA00F6FC3C52B1012A00D08B
:10443000FFDF2068304320602068AF4038432060B1
:10444000F0BD2068B043F6E706F0E8B8514890F8B0
:1044500032007047514AC1781432116000684F49E8
:1044600000020C3108607047252807D0262807D0A5
:10447000272807D00A2807D8042206E0022107E0EF
:104480001A2105E0502103E0062202EB4001C9B2E7
:10449000424A083A116041494431086070473D483A
:1044A000817A012917D0022914D1417E002911D027
:1044B000827F0121C37F01FA02F299400A433D49FC
:1044C00094390A6090F820003C4A002102EB8000F9
:1044D000C0F810157047017EE8E72DE9F0472D4C34
:1044E000A17A01290BD0022975D1627E002A72D0EF
:1044F000012906D0677FE17E59B101260AE0227EBC
:10450000F4E7277FA17E09B1012600E000261121F2
:1045100001E000262421DFF898804FF0010AA8F17D
:104520004408C8F84CA0DFF898904518D9F8000066
:10453000A84200D3FFDF0021C8F84C11C9F8005091
:10454000380286F0010140EA015040F0031294F86D
:1045500020101A4800EB8103C3F8102500EB8101FD
:10456000A27F184800EBC203C3F81415164DC3F818
:104570001055E37F00EBC300C0F814150449083957
:10458000C0F810150AFA02F120E024E00010004003
:10459000181100407C0A0020000E00401015004059
:1045A000FC1F00403C170040880000802C00008960
:1045B000448000409CF5014000000404006000407D
:1045C0004C85004000F001404C8100400AFA03F0A5
:1045D0000143F9480160BDE8F0872DE9F0410E463E
:1045E000F64907460320C1F80002F54C94F8210073
:1045F00010B14FF4C02000E0F248EF4D2860304683
:1046000006F036F817B1012F0FD017E0FEF7DEFFE6
:1046100010B1304600F0C9FB0120A072A06B40F43D
:104620008010A0634FF4801007E00220A072A06BFE
:1046300040F40010A0634FF400102860F6F744F92E
:104640003146BDE8F04148E72DE9F05FDB4C074615
:1046500003200E469346C4F80002D94D95F8210078
:1046600010B14FF4C02100E0D649DFF84C93C9F8EF
:104670000010104605F0FCFFDFF83C834FF0010A04
:1046800008F1A808A7B3012F3ED0FFDFCE4806608F
:10469000C949CE48A4310860A86B40F40020A86343
:1046A000D4F800721025C4F808530020C4F80002A2
:1046B000C1494FF48028091DC1F8008004F5007439
:1046C000FFF765FD2760C9F80080C4F80451E903CD
:1046D000C9F80010BE49C1F84CA0BB48001D0068D5
:1046E000B04200D3FFDF59463046BDE8F05FF4E644
:1046F000FFE7FEF76BFF10B1584600F056FBC8F815
:10470000004085F80AA0C1E7AC49091DC8F80010AF
:104710000220A872BAE72DE9F041A94C064690465E
:1047200094F831000F46002500B9FFDF16B1012EC5
:1047300012D01DE094F83100012806D094F8302002
:104740004146384605F0A2FF10E094F8301042468A
:10475000384605F0DCFF09E094F8310094F8301099
:1047600001284246384609D005F0F8FFE16A4518AD
:10477000424629463046BDE8F04165E705F0A8FF0E
:10478000F4E708B5FF208DF800008C480021C0F840
:1047900010110121016104E09DF80010491E8DF8FF
:1047A00000109DF8001019B1D0F810110029F3D0B5
:1047B0009DF80000002800D1FFDF08BD2DE9F04181
:1047C0007E4CD4F8000220F00307D4F804034FF025
:1047D0001008C0F30016C4F808830025C4F800527E
:1047E000774890F8210010B14FF4C02000E07548E0
:1047F000714940F46020091D0860FFF750FEFFF783
:10480000C0FFC4F81051FEF7E1FE08B1C4F828510A
:1048100000F0AEFAC4F80072002E01D0C4F8048390
:10482000BDE8F081ADE700686A4920F07F4008608C
:10483000704710B5012000F07DFABDE8104001205E
:1048400000F089BA01465E4818221838F8F771BDA1
:104850004FF0E0210220C1F8000170475E49087066
:1048600070475C4938390860704770B50546F6F7FF
:104870002BF8534C2844E16A884200D8FFDF01201E
:104880002074F6F721F82844606194F8211041B1B2
:10489000084460614948D0F8001241F04001C0F876
:1048A00000124B490020C1F8440147496069091FC3
:1048B0000860BDE8704000F0A2BA70B5404C0646F2
:1048C00002200D462074FFF7A9FC024694F831003F
:1048D00094F8301001281BD0304605F081FF60614C
:1048E00094F8210048B16169084460613348D0F808
:1048F000001241F04001C0F8001235490020C1F813
:1049000044016169E06A08442F49091F086070BDCD
:104910002B46304605F037FFE1E727494FF480008A
:10492000091D08602648816B21F480018163002104
:10493000017470472A4A10B502EBC002274BC2F837
:104940001035C2F81415012181401B4801601C4834
:10495000826B0A43826310BD1D4801214160C16022
:104960000021C0F844111848001F01601448C162BA
:10497000704710B50446FEF729FE10B1104880F8C4
:1049800021401448243004600C48D0F8001241F053
:104990004001C0F8001210BD084810B5D0F8001250
:1049A00021F04001C0F80012FEF710FE0949243141
:1049B00000B10220086010BD04F501400010004065
:1049C0007C0A002000000404488500404881004023
:1049D000008000403C150040C3000020041100404E
:1049E00000F00140F948D0F8001221F01001C0F8A1
:1049F0000012012181617047F4480021C0F81C11A8
:104A0000D0F8001241F01001C0F800127047EF49D1
:104A100008B5D1F81C21012A01D0002008BDEC4ABC
:104A2000126802F07F02524202700020C1F81C019D
:104A3000E84800680090012008BDF0B517460C005A
:104A4000064600D1FFDFE44DE0072F7302D0012CB2
:104A500000D0FFDF46B102206872EC72012802D05C
:104A6000022800D0FFDFF0BD0120F5E770B5DA4C79
:104A70000021E27A930703D5830701D5430713D4B6
:104A8000D30605D594F8333013B194F835305BB1C3
:104A9000130702D594F8243033B9520702D594F89D
:104AA00025200AB1C00700D00121607A012518B184
:104AB000A1B1BDE8704081E694F8210010B14FF437
:104AC000C02000E0C548C6490860C048D0F80012C0
:104AD00021F00301C0F80012E57270BD012803D077
:104AE000022808D0FFDF70BD00F042F9A5729621C0
:104AF000227B002006E000F03BF90220A072227B1E
:104B000096210120BDE8704005E62DE9F05FDFF851
:104B1000D4B29BF80000042800D3FFDFB248D0F8DD
:104B20004C0108B1FFF7BBFCAB4CAD49A06B086072
:104B30004FF00008C4F8388000F06BF9DFF8AC9251
:104B40000546D9F80010A16294F8210008B1081AAE
:104B5000A062A648001F0068E062FFF75FFB84F8D0
:104B60003000A07ADFF868A2012184F83100AAF1B0
:104B7000440A022808D1607830B1DAF800201278AF
:104B800002402078904310D084F82480924EA807E9
:104B9000A6F1180605D5F5F797FEA16A081A31693E
:104BA0008847E80704D0002709E084F82410EDE7DF
:104BB000A80701D5012702E0280707D50227F5F746
:104BC00083FEE16A7269081A394690479BF8000033
:104BD000C0071CD1DAF800005746007800F00F003B
:104BE000072812D239680622A01C0931F8F774FB95
:104BF00038B9207A39680978B0EBD11F01D101208A
:104C000000E0002084F8250001E084F82580284693
:104C1000FFF72CFFE80701D030682FE0A80726D562
:104C200068071ED4FEF7D2FCD8B9FEF7DFFCC0B986
:104C30006748F4380168001F0068C0F3425CC0F3A5
:104C4000006700F00F03C0F30312C0F3032047B165
:104C50000BB102B128B921B1BCF1030F01D245F06B
:104C6000040545F380007168401C884709E0280767
:104C700001D5B06802E0E80602D5F068804700E0A0
:104C8000FFDFA07A02281BD1207C002818D0564ACA
:104C9000C2F8448102280FD0012800D0FFDFE16A6A
:104CA0006069884200D8FFDFD4F81410C9F80010FA
:104CB000BDE8F05F00F0A3B86169E06A0144F5E780
:104CC000BDE8F09F70B5054641F2643441F66A06CE
:104CD000022806D0012D12D0022D0CD0FFDF304665
:104CE00070BDFEF72FFC0028F6D1FEF738FC002837
:104CF000F2D141F6583441F29A00204470BD42F698
:104D0000CE3070BD324808300168032904D00068F5
:104D1000022801D000207047012070472C4808303D
:104D200001680B2904D000680A2801D000207047D0
:104D30000120704700280DDB00F01F020121914087
:104D40004009800000F1E020C0F88011BFF34F8FD0
:104D5000BFF36F8F7047002809DB00F01F020121AD
:104D600091404009800000F1E020C0F880127047B7
:104D700019480021417281720121C172704730B51A
:104D800000240546012902D002290BD0FFDF184874
:104D900004430F4834380460164805430C48303843
:104DA000056030BD4FF08074F1E7094A4032116868
:104DB00053060228D3F820031ED0C0F3062000BFFC
:104DC00021F4FE4141EA00201060704700100040CD
:104DD000481500401C1100407C0A0020000004041B
:104DE00008F50140C30000200080004044850040D9
:104DF0000801100000000302C0F30660E0E7354838
:104E0000816B41F48001816333494FF48000086075
:104E1000DBE7F8B52F4C314E0020217C19B1D6F8D4
:104E20004411012907D00023A27A2D49012A04D078
:104E3000022A0AD019E00123F6E7D1F80C01012873
:104E400001D0002011E008200FE0D1F80C0101286A
:104E500006D0002223480068012803D0042002E085
:104E60000222F7E7002010431843D1F81021012A4D
:104E70002ED0002505431C48026812F0FF0F03D016
:104E8000D1F81421012A00D0002284F832200068D1
:104E900010F0FF0F03D0D1F81801012800D0002036
:104EA00084F833000F481030006884F83400FFF7AE
:104EB00072F8012800D0002084F83500FFF767F968
:104EC0000020C6F844010948006800902846F8BD53
:104ED0001025CFE77C0A002004F501400080004047
:104EE0000010004000140040401600404481004083
:104EF00010B5444822220021F8F745FA4148002421
:104F0000017821F010010170012104F04DFC3D49B0
:104F10004FF6FF70263981F8224088843A4908808C
:104F2000488010BDE4E7704700F05FB83549016084
:104F30007047354908807047324926398A8CA2F576
:104F40007F43FF3B02D00021016008E091F822205E
:104F50002C492639012A02D0016001207047002027
:104F600070472848263810F8221F012908D001214F
:104F7000017025482349263900888884012070471C
:104F8000002070472049488070471E491E4B263933
:104F90008A8C5B889A4205D191F8222012B1016077
:104FA00001207047002070471648174A2638818C28
:104FB0005288914209D14FF6FF71818410F8221F67
:104FC00019B10021017001207047002070470D4881
:104FD0000D4A2638818C5288914204D190F82200E3
:104FE00008B10020704701207047064926398A8C95
:104FF000824205D1002081F822004FF6FF7088849C
:1050000070470000DE0A0020C400002070473D4ABF
:10501000012338B1012804D1137008689060888892
:105020009081704753700868C2F802008888D08069
:105030007047344A10B1012807D00EE0507860B1B3
:10504000D2F802000860D08804E0107828B1906897
:1050500008609089888001207047002070472949A6
:1050600010B1012802D005E0487800E0087808B1C6
:10507000012070470020704730B50C4605468DB0C2
:105080004FF0030104F1030012B1FEF741FB01E010
:10509000FEF75DFB60790D2220F0C00040F040007B
:1050A0006071002104A8F8F76EF9E0788DF81F0010
:1050B00020798DF81E0060798DF81D001022294698
:1050C0006846F8F736F9684604F036FE9DF82F007A
:1050D00020709DF82E0060709DF82D00A0700DB01E
:1050E00030BD10B5002904464FF0060102D0FEF78E
:1050F0000FFB01E0FEF72BFB607920F0C000607130
:1051000010BD0000C8000020FE48406870472DE92F
:10511000F0410E46074601461446012004F011FDF9
:10512000054697F86500FFF725F84AF2B1210844D3
:105130004FF47A71B0FBF1F1788840F2712250435C
:10514000C1EB4000041BA4F2663402F0BBFD00B1C9
:105150001E3CAE4201D2284600E03046A04204D2B6
:10516000AE4201D22C4600E034467C62BDE8F081BC
:1051700030B502460020002914D0A2FB01104C0AD1
:1051800044EAC054400A641C40F100000021D4F1FC
:10519000FF3240F2A175814100D2FFDF04F5F464D3
:1051A000B4FBF5F030BD2DE9FF4F8BB0044690F80D
:1051B00065008A460990DDE90D1008430890D24841
:1051C0000026007800F004FE054694F88C0100F0FB
:1051D000FFFD284480B2009094F87D000D2804D093
:1051E000002007900D9810B131E00120F9E794F804
:1051F0002C0103282BD1079848B3B4F8AE115145C0
:1052000025D1D4F83401C4F82001608840F2E2418D
:105210004843C4F82401B4F87A01B4F806110844EC
:10522000C4F82801204602F057FDB4F8B201E0822C
:1052300094F8B0016075B4F8B4016080B4F8B601B8
:10524000A080B4F8B801E080022084F82C01D4F8E2
:1052500084010590D4F880010390B4F80681B4F875
:105260007811D4F8740106900D9820B194F840019B
:1052700000287DD108E004F580700290743004901D
:1052800004F5B075001D07E004F5AA700290001D3A
:10529000049004F5A275001D0A90B4F87020AAEBE2
:1052A00002000FFA80F9AAEB010007B2002F05DA1D
:1052B000D4F87001069001204F46089092484FF0B4
:1052C000000B007970B3F5F7A1FC58B3B4F81801DE
:1052D000022827D394F82C01022823D094F8430104
:1052E00000BB94F88C0100F073FD00F5C86080B23B
:1052F000009094F82C01012845D0608840F2E241EA
:1053000048430099FFF734FF08EB0901CA1BD4F8A2
:10531000341180B2431A02FB03BBC4F834010120EC
:1053200084F8430194F82C0100286DD001287DD029
:1053300002287CD003287BD0FFDF00BFA6EB0B0147
:105340000698FCF70EFD0499012640F271220860D0
:105350000A990020A1F800A028702E710498006816
:10536000A8606088D4F834115043C1EB400000E0DD
:10537000BFE16549A0F23630C861896981427DD9B3
:10538000029908607BE194F88000032833D0012162
:10539000002004F0CDF8E18A40F27122514300EB85
:1053A00041000190D4F82401B8340099FFF7E0FEE1
:1053B000A16E226F431AA066DDE9001002FB03BB59
:1053C000FFF7D6FEA16FA067421A34F8B60C40F280
:1053D000E241484393440099FFF7CAFE08EB0901F4
:1053E000226FC91B8A1AE16F521E431A02FB03BBCC
:1053F000E067B83C93E7E08A40F27122D4F82411C8
:10540000504301EB4000CCE7039800B9FFDF0121D6
:10541000002004F08DF80646E08A40F271214843EE
:1054200006EB40000099FFF7A3FE02E0C0E058E061
:10543000DDE0C4F83001608840F2E2414843009961
:10544000FFF796FEC4F8340182B22046A16AFFF746
:105450005EFE14F8650FFEF7F2FE4FF47A7800F264
:10546000E140B0FBF8F1039801EB00092078FEF76A
:10547000E6FE07462078FEF77DFE00E0FDE03844BA
:105480004AF2AB310144B1FBF8F134F84F0C40F271
:105490007122504306EB4000411AD4F8CB0040F291
:1054A000E2430A1A02EB0906227814F8501C11FB99
:1054B00003F1203E00F0B9FC1349801C886114F808
:1054C0006509FEF7BCFE00F2E140B0FBF8F103987D
:1054D0000844301A40F2F6218842BFF42FAFFFDFB4
:1054E0002CE7E08A40F27122D4F82411504301EBFA
:1054F00040000099FFF73CFEC4F83001608840F29C
:10550000E24103E0000B0020D8000020484300994E
:10551000FFF72EFEC4F8340182B22046A16AFFF7DD
:10552000F6FDB8F1000F21D10E98F8B194F865603E
:105530003046FEF71FFE4AF2B12101444FF47A7063
:10554000B1FBF0F0D4F8301140F271230144E08A4D
:10555000D4F82421584302EB4000471A3046FEF7A6
:1055600076FE0599081A3E18203E0AE0E08A40F2CD
:105570007122D4F82411504301EB4000D4F83011CB
:10558000461AD4F82821D4F82011D4F8300140F27A
:10559000E24301FB020094F86520617D11FB03F1F9
:1055A00000F043FCF9498861012084F82C01C5E62C
:1055B000608840F271225043D4F83411D4F8282185
:1055C000C1EB40067E4308EB0900801AD4F8207135
:1055D000D4F83031401E07FB023200FB012094F862
:1055E0006520617D40F2E24311FB03F140E06088F9
:1055F00040F27122D4F834115043C1EB400694F8C4
:105600007C007E43242803D094F87D0024280AD10E
:10561000B4F8AE11AAEB010000B2002803DB94F845
:10562000B10100B109900898D8B1B8F1000F18D1B4
:10563000059808B1039800B9FFDF94F86500FEF7FC
:1056400099FD4AF2B12101444FF47A70B1FBF0F0B8
:10565000361A94F86500FEF7FAFD0599081A064413
:10566000203ED4F8341108EB090048430021099A80
:1056700000F0DBFBC549886160E602980160029892
:10568000616A0068084400F5D370E86002F01AFB14
:1056900010B1E8681E30E8606E71B4F8F010A1EB4C
:1056A0000A0000B2002801DD032068710798002875
:1056B0000E9822D0C0B100BFB4F81811B1B3B4F83D
:1056C0001A0100BFA4F81A0194F81C21401C42439F
:1056D0008A4209D26879401E002805DD6E71B4F84F
:1056E0001A01401CA4F81A010D9830B394F8400137
:1056F000F8B102200FB0BDE8F08F0028DCD194F89B
:105700002C010028F0D0608840F27122D4F83411C6
:105710005043C1EB4001284603F04EFE0004000C4C
:10572000E2D0189901B108800120E3E7FFE70020EB
:10573000C8E794F87C01FDF78CF994F87C012946C0
:1057400000F059FB20B10D9880F0010084F8410170
:105750000020CFE77CB50446FCF72FFE0146D4F8C5
:105760007001FDF72BFB214600F076FB94F87D10CD
:105770000D290AD0B4F87020B4F83E1113189942DC
:1057800006DB491CA4F83E1106E0B4F83E010CE02B
:10579000401C1044A4F83E0194F8420140B9B4F80A
:1057A0003E01B4F8F410884202D1401CA4F83E0136
:1057B000B4F87A0101AE401CA4F87A01B4F89A005A
:1057C000B4F89810401AB4F87010401E084485B21E
:1057D00009E000231A4620460096FFF7E4FCD0B10A
:1057E00001282ED0FFDFB4F83E11681A00B200285D
:1057F000EFDA082084F88D00012084F88C00204620
:1058000001F0F5FE204600F0F8FA60484079BDE866
:105810007C40F5F7C9BBA06E002811D0B4F83E015A
:10582000B4F89420801A01B2002909DD34F86C0F15
:105830000144491E91FBF0F189B201FB0020208553
:105840007CBDB4F83E01BDF804100844A4F83E0144
:10585000C9E770B54E4C607A08B1002070BD94F86D
:10586000300030B1616B606A884202D9F8F70CFBF6
:10587000F3E7A06AC8B1F7F725FF0546F7F7F9FE89
:10588000284442F210714618FCF797FD0546294658
:10589000E06AFDF793FAE562A16A8219914202D2A9
:1058A0000120A062E2E7081AA062012070BD70B575
:1058B000374C012500202575207494F8300004F140
:1058C000100650B14FF47A71A069FCF74AFAA06152
:1058D0000021304603F070FD10E0002000F00DFBC9
:1058E0000546F7F7EFFE05442946A069FCF739FAAB
:1058F000A0612946304603F05FFD451C208C411C09
:105900000A2901D228442084606828B1208C401CD8
:105910000A2801D3022000E003206075FFF799FFF9
:1059200038B1207B314600F066FA002800D1FFDF55
:1059300070BD00F0DAFA15484079BDE87040F5F71F
:1059400033BB38B50025044680F82C51A0F87851B7
:105950002B462A4629460095FFF725FC00B1FFDFBC
:10596000C4F828510120C4F8205184F82C01A4F86F
:105970003E51A4F83C5184F8425134F8700F401E57
:1059800024F8B80B0020A4F8525038BDD8000020ED
:10599000000B002010B530B1F749012807D00228CC
:1059A0000BD0FFDF10BDBDE8104000F0EABA486A36
:1059B000BDE81040002100F0B5BA002081F83000A9
:1059C000FCF7F9FBED484079BDE81040F5F7ECBA7B
:1059D0002DE9F0410646E8480F460178E74D0329D6
:1059E00009D1017BB14206D1406868613846BDE803
:1059F000F04100F0EEBA304600F0F3F90621FAF774
:105A00005DFB040000D1FFDF304600F0EAF9218899
:105A1000884200D0FFDF214638466C61BDE8F04186
:105A200000F027BA10B5D44C207848B1012060723C
:105A3000F8F74CFA2078032804D0207A002800D008
:105A40000C2010BD207BFDF704F8207BFDF772FAD7
:105A5000207BFCF78FFC00B9FFDF0020207010BD19
:105A600010B5FFF7DFFF00F0F1FAC348002180F81E
:105A70003010C172084610BDC049487100208870BE
:105A800001220A7048700A71C870BB490870E7E7C4
:105A9000BA49087070472DE9F047B74C07460E46E3
:105AA000207800284BD1B648FCF702FC20731F2851
:105AB00045D04FF00309676084F8009000256572B7
:105AC000257287B1012107F58E70FDF740FE062093
:105AD000FAF7A0FA97F81C11B1FBF0F200FB1210D4
:105AE000401C87F81C01FCF73EFC40F2F65188424E
:105AF00000D2084600F23F101FFA80F8F7F7B9FD10
:105B0000E061F7F7DFFD0127E0B1A772FCF755FC74
:105B10008246002000F0F1F900EB08015046FCF746
:105B200020F9A061C4E90A6A277584F815909249A2
:105B30002574207B103100F05EF990B910E00C2044
:105B4000BDE8F087FCF739FC4146FCF70AF9A06193
:105B5000A57284F83070A6F28B566663A562E3E7FF
:105B6000FFDF25840020F8F7B1F90020E8E783493A
:105B7000487070478149087170472DE9F0417F4CAA
:105B80000746E088401CE080D4E902516078D7F8ED
:105B9000806120B13246284603F036FC0546A068F5
:105BA000854205D02169281A08442061FDF7D3F801
:105BB000A560AE4205D897F82C01012801D0E07805
:105BC00010B10020BDE8F0810120FBE710B50446CC
:105BD0000846FEF7CFFA4AF2B12108444FF47A7131
:105BE000B0FBF1F040F2E2414C4300F23630844227
:105BF00001D9201A10BD002010BD7CB5044600203C
:105C000084F8400194F8FE0000283FD194F82C015C
:105C100003283BD1FCF7D1FB0146D4F87001FDF716
:105C2000CDF8002832DD214600F016F9411CB4F809
:105C300070000144A4F83C11B4F83C11B4F8F4200D
:105C4000511A09B2002921DD012184F84211B4F86A
:105C50009A10B4F8982001AE891A491E084485B2FA
:105C60000EE00096B4F83C11002301222046FFF715
:105C70009AFA00280AD0012809D0022806D0FFDFAE
:105C8000B4F83C01281A00B20028EADA7CBDB4F866
:105C90003C01BDF804100844A4F83C01F0E738B515
:105CA00000250446012902D13448C07868B1042097
:105CB00084F82C01FCF77FFAA4F87A51B4F870004C
:105CC000A4F83E0184F842515FE60095B4F8F41060
:105CD000012300222046FFF766FA0028EAD0FFDF02
:105CE000E8E710B5062916D2DFE801F00509030C34
:105CF0000C0D002100E00121BDE81040CFE7032199
:105D000080F82C1110BDB0F834118AB2816ABDE858
:105D10001040FFF7FCB9FFDF10BD70B5174CA1783C
:105D2000022916D1E188002913D16569C5F88401DB
:105D300095F86500FEF78BFAD5F88411081AA1686A
:105D40000144A160E1680844E060BDE8704000F0F3
:105D5000A9B970BD70B5054608488478022C11D0E9
:105D6000054C243401B34FF47A7601290ED0022970
:105D700010D0FFDF70BD0000000B0020D800002015
:105D8000D1590100446904F5C074EBE71846FEF7E9
:105D900056FA02E01046FEF795FF00F2E140B0FB34
:105DA000F6F0281A2060E5E72560E3E7FE4810B525
:105DB000007808B1002010BD0620FAF71DF980F028
:105DC000010010BDF8480078002800D0012070477D
:105DD00010B504460C2800D3FFDFF44830F8140057
:105DE00010BD10B504461F2800D3FFDFEE48383041
:105DF00030F8140010BDFCF711BD70B5044600204A
:105E000084F82C0194F87C514FF6FF761F2D00D3B7
:105E1000FFDFE548383020F8156094F87C01FCF786
:105E2000A9FA1F2084F87C01A4E770B505460C464A
:105E300016461046FEF79EF94AF2B12108444FF487
:105E40007A71B0FBF1F000EB450004443046FEF7F8
:105E5000FEF9204460308DE7002809D0D1F83421C4
:105E6000498840F271235943C2EB4101B0FBF1F084
:105E700070472DE9F04101250226CD4F0C46082838
:105E800031D2DFE800F0040E161611301A23204636
:105E900000F0ADF9204600F064F984F84051BE707E
:105EA00090E601F00AFF01E0FEF72FFE84F8405172
:105EB00088E62046BDE8F0414CE4FEF7B3FCFEF76F
:105EC00024FE4FF0E020C0F880627BE694F82C01BD
:105ED000042800D0FFDF2046FFF78FFF7879BDE868
:105EE000F041F5F761B8FFDF6CE610B5AE4C207BF2
:105EF000FCF740FA0020207010BD08B500284FF0D4
:105F00000101684602D0FDF703FC01E0FDF7F6FB56
:105F10009DF8000042F210710002B0FBF1F201FBAB
:105F2000120008BD2DE9F0419F4C0746002084F87F
:105F30003000A669E07220700120207201216068A3
:105F400003F0B2F86068C0F87061257B80F87C517E
:105F5000C0F88071C0F8746106881F2D00D3FFDF80
:105F60009148383020F815606068FFF7EAFC00B10E
:105F7000FFDFFCF720F98E484079BDE8F041F5F7E6
:105F800013B870B5884C0025A07A18B10120FFF72E
:105F9000B4FF0546F7F796FB4119A069FBF7E1FE50
:105FA000A061002525740320607501202075607AAA
:105FB00030B97D49207B1031FFF71DFF00B9FFDFAD
:105FC0002584FCF7F8F87A484079BDE87040F4F78A
:105FD000EBBF70B5744D04462878032800D0FFDF6E
:105FE000082C31D2DFE804F0040E2A2A2630302DA6
:105FF00000206862F7F77CFD00B1FFDF6C490320E9
:106000008870B7E6F7F735FBE9690446A14206D286
:10601000601A0421FCF705FFEC6108B906E0E861AD
:10602000F7F7B1FE0028ECD0FFDFA3E6BDE8704033
:106030000020AFE4BDE87040FEF767BDBDE87040EA
:1060400035E4BDE8704050E7FFDF93E6FEB5584CFD
:106050000120E0704FF6FF750CE00621FAF72EF8EC
:10606000060000D1FFDF96F87C01FCF763FF3046A5
:10607000FFF7C3FE69460620F9F7ADFF50B1FFDF19
:1060800008E0029830B190F82C1119B10088A842AC
:10609000E3D104E06846F9F77CFF0028F1D0002046
:1060A000E070FEBD2DE9F0474148446994F8431182
:1060B000002955D094F82C11032951D194F86590FA
:1060C0000078FFF785FE054694F88C01FFF780FE07
:1060D000284486B294F88C01FFF77AFE00F5C86078
:1060E0001FFA80F84846FEF7B2F8D4F884110D1A6A
:1060F0004846FEF73FF84FF47A7A00F2E730B0FBFB
:10610000FAF02D1A4846FEF7A2F8D4F800110F1A3B
:106110004846FEF72FF84AF2B1210144B1FBFAF0EC
:106120003A1AA2F160007043B0FBF8F1292000EBAD
:1061300052006031A0EB510200EB5100AA4201D89D
:10614000854201D3F4F714FE608840F2E2414843EF
:106150003146FFF70DF8C4F83401002084F84301FC
:10616000EEE470B50446FCF7FEF8054694F86500C9
:10617000FEF700F84AF2B12108444FF47A71B0FBFF
:10618000F1F0D4F8341140F2712201446088504398
:10619000C1EB4006303EB72D00D8B725214601207F
:1061A00003F0CFFC284405E0000B002088B201007A
:1061B000D8000020351A21460120A5F21B3503F036
:1061C000C0FC616A9C30814201D9081A00E00020BD
:1061D0002C49A842CD6000D328468860D4F86C01D1
:1061E000A0F5D3700861BDE87040FCF7B4BD10B5F0
:1061F000044624490020C4F88001C880C4F8840102
:1062000094F8410138B9FCF7D8F8D4F84C11FCF7F0
:10621000D5FD002813DCB4F83E11B4F870008142BB
:1062200001D1B4F8F410081AA4F8F600A4F870101C
:10623000D4F86801C4F84C01C4F870011CE0B4F84B
:106240003C01B4F87010401AA4F8F600B4F83C0110
:10625000A4F87000D4F84C01C4F86801C4F87001C7
:10626000D4F85401C4F80001D4F85801C4F87401FA
:10627000B4F85C01A4F878012046BDE8104001F0B4
:1062800006BC0000D80000202DE9F0410E4604466F
:1062900003F06FFB0546204603F06DFB044603F058
:1062A000FDF8FB4F010015D0386990F864208A4250
:1062B00010D090F8C4311BB190F8C63123421FD0E2
:1062C0002EB990F85D30234201D18A4218D890F857
:1062D000C401A8B1284603F0E1F870B1396991F81A
:1062E0006520824209D091F8C40118B191F8C70124
:1062F000284205D091F8C40110B10120BDE8F08119
:106300000020FBE730B5E24C85B0E06900285ED0A4
:10631000142200216846F7F736F8206990F86500E6
:10632000FDF728FF4FF47A7100F5FA70B0FBF1F534
:10633000206990F86500FDF78AFF2844ADF8060053
:1063400020690188ADF80010B0F87010ADF80410A5
:106350004188ADF8021090F8A60130B1A069C11CC7
:10636000039103F01FFA8DF81000206990F8A50141
:106370008DF80800E169684688472069002180F8A7
:10638000A61180F8A5110399002920D090F8A41136
:1063900000291CD190F87C10272918D09DF81010E6
:1063A000039A002913D013780124FF2B11D0072B57
:1063B0000DD102290BD15178FF2908D180F8A441D1
:1063C0000399C0F8A8119DF8101080F8A71105B026
:1063D00030BD1B29F2D9FAE770B5AD4C206990F8B1
:1063E0007D001B2800D0FFDF2069002580F8A75022
:1063F00090F8D80100B1FFDF206990F8A81041B1F2
:1064000080F8A8500188A0F8DC1180F8DA510C213E
:1064100008E00188A0F8DC1180F8DA51012180F849
:10642000DE110B2180F8D8110088F9F77AFFF9F70F
:1064300023FC2079F4F7B8FD206980F87D5070BD09
:1064400070B5934CA07980072CD5A078002829D16D
:1064500062692046D37801690D2B01F170005FD08D
:106460000DDCA3F102034FF001050B2B19D2DFE87D
:1064700003F01A1844506127182C183A6400152BA1
:106480006FD008DC112B4BD0122B5AD0132B62D0BB
:10649000142B06D166E0162B71D0172B70D0FF2B72
:1064A0006FD0FFDF70BD91F87F200123194602F005
:1064B00038FF0028F6D12169082081F87F0070BDDF
:1064C0001079BDE8704001F0A2BC91F87E00C007D1
:1064D00000D1FFDF01F05AFC206910F87E1F21F087
:1064E0000101017070BD91F87D00102800D0FFDF20
:1064F0002069112180F8A75008E091F87D00142848
:1065000000D0FFDF2069152180F8A75080F87D10AA
:1065100070BD91F87D00152800D0FFDF172005E041
:1065200091F87D00152800D0FFDF1920216981F83E
:106530007D0070BDBDE870404EE7BDE8704001F0E1
:106540003ABC91F87C200123002102F0EAFE00B958
:10655000FFDF0E200FE011F87E0F20F0040008701E
:106560001DE00FE091F87C200123002102F0D9FE0C
:1065700000B9FFDF1C20216981F87C0070BD12E0AA
:106580001BE022E091F87E00C0F30110012800D04A
:10659000FFDF206910F87E1F21F010010170BDE8B7
:1065A000704001F0F3BB91F87C200123002102F040
:1065B000B8FE00B9FFDF1F20DDE791F87D0021283C
:1065C00001D000B1FFDF2220B0E7BDE8704001F04C
:1065D000E9BB2F48016991F87E20130702D50121FC
:1065E0008170704742F0080281F87E208069C0788F
:1065F00081F8E10001F0C1BB10B5254C21690A8882
:10660000A1F81A2281F8180291F8640001F0A9FBA0
:10661000216981F81C0291F8650001F0A2FB216953
:1066200081F81D02012081F81602002081F8C401C2
:106630002079BDE81040F4F7B7BC10B5144C052123
:106640002069FFF74EFB206990F85A10012908D005
:1066500000F5F77103F048FA2079BDE81040F4F72F
:10666000A3BC022180F85A1010BD10B5084C0123BC
:106670000921206990F87C20703002F052FE48B168
:106680002169002001F8960F087301F81A0C10BD5B
:10669000F80000200120A070F9E770B5FE4D01233D
:1066A00029462869896990F87C2009790E2A01D148
:1066B000122903D000241C2A03D004E0BDE8704056
:1066C000D3E7142902D0202A07D008E080F87C40C4
:1066D00080F8A240BDE87040AFE7162906D0262A10
:1066E00001D1162902D0172909D00CE000F87C4FFF
:1066F00080F82640407821280CD01A2017E090F826
:106700007D20222A07D0EA69002A03D0FF2901D17F
:1067100080F8A63132E780F87D4001F037FB286928
:1067200080F8974090F8C4010028F3D00020BDE81D
:10673000704061E72DE9F843D74C206990F87C1050
:10674000202909D05FF0000790F87D10222905D09C
:106750007FB300F17C0503E00127F5E700F17D053B
:1067600010F8B01F41F004010170A06903F007F9AF
:106770004FF00108002608B33946A069FFF784FDF1
:10678000E0B16A46A169206902F096FE90B3A06963
:1067900003F0F3F82169A1F8AE01B1F8701001F02F
:1067A000C6FA40B32069282180F88D1080F88C80CB
:1067B00048E0FFE70220A070BDE8F883206990F868
:1067C000C40110B11E20FFF717FFAFB1A069216906
:1067D000C07881F8E20008FA00F1C1F3006000B966
:1067E000FFDF20690A2180F87C1090F8A20040B9F0
:1067F000FFDF06E009E01AE02E7001F0C7FAFFF7AC
:10680000E8FE206980F89760D6E7206990F8C40117
:1068100018B10020FFF7F0FE2E70206900F17D0115
:1068200080F897608D420DD180F87D600AE0206984
:106830009DF8001080F8B0119DF8011080F8B1119A
:1068400024202870206900F17D018D4203D1BDE82C
:10685000F84301F09BBA80F8A260ADE770B58E4CAA
:1068600001230B21206990F87D20703002F059FD42
:10687000202650BB20690123002190F87D20703034
:1068800002F04FFD0125F0B1206990F87C0024282A
:106890001BD0A06903F063F8C8B1206990F8B0106C
:1068A00041F0040180F8B010A1694A7902F00702B2
:1068B00080F85D20097901F0070180F85C1090F8FC
:1068C000C5311BBB06E0A57058E6A67056E6BDE8CC
:1068D00070407EE690F8C431C3B900F164035E787D
:1068E0008E4205D11978914202D180F897500DE07F
:1068F00000F504710D7002884A8090F85C200A71DE
:1069000090F85D0048712079F4F74EFB2169212051
:1069100081F87D00BDE8704001F02FBAF8B55E4CFB
:10692000206990F87E0010F0300F04D0A07840F07D
:106930000100A070F8BDA06902F0FAFF50B3A06991
:1069400002F0F0FF0746A06902F0F0FF0646A069DA
:1069500002F0E6FF0546A06902F0E6FF0146009757
:10696000206933462A46303003F046F8A079800784
:1069700003D56069C07814280FD0216991F87C0094
:106980001C280AD091F85A0001280ED091F8BB01BA
:1069900058B907E0BDE8F8401BE62169012081F8FD
:1069A0005A0002E091F8BA0130B1206910F87E1F58
:1069B00041F0100101700EE091F87E0001F5FE72C9
:1069C00040F0200081F87E0031F8300B03F080F8B1
:1069D0002079F4F7E9FABDE8F84001F0CEB970B5D6
:1069E0002D4C206990F87E10890707D590F87C20FF
:1069F00001230821703002F094FCE8B1206990F87E
:106A0000AA00800712D4A06902F073FF216981F8FF
:106A1000AB00A06930F8052FA1F8AC204088A1F8A0
:106A2000AE0011F8AA0F40F002000870206990F83B
:106A3000AA10C90703D00FE00120A0709EE590F8CE
:106A40007E00800700D5FFDF206910F87E1F41F02F
:106A50000201017001F091F92069002590F87C1085
:106A6000062906D180F87C5080F8A2502079F4F7EE
:106A70009BFA206990F8AC110429DFD180F8AC5161
:106A80002079F4F791FA206990F87C100029D5D18B
:106A900080F8A25072E50000F800002070B5FE4CAE
:106AA00001230021206990F87D20703002F039FC2C
:106AB000012578B9206990F87D20122A0AD0012397
:106AC0000521703002F02DFC10B10820A07055E5B2
:106AD000A57053E5206990F8A80008B901F04DF9B8
:106AE0002169A06901F5847102F0F1FE2169A069B4
:106AF000D83102F0F2FE206990F8E00100B1FFDF2A
:106B000021690888A1F8E20101F5F271A06902F09B
:106B1000D6FE2169A06901F5F67102F0D5FE206963
:106B200080F8E051142180F87D102079BDE8704094
:106B3000F4F73ABA70B5D84C01230021206990F8D7
:106B40007D20703002F0EDFB0125A8B1A06902F0B4
:106B50008CFE98B1A0692169B0F80D00A1F8AE01D2
:106B6000B1F8701001F0E3F858B12069282180F8DD
:106B70008D1080F88C5001E5A570FFE4BDE87040F1
:106B800027E5A0692169027981F8B021B0F80520D4
:106B9000A1F8B22102F060FE2169A1F8B401A06958
:106BA00002F05DFE2169A1F8B601A06902F05AFE6B
:106BB0002169A1F8B8010D2081F87D00DEE47CB5E3
:106BC000B54CA079C00738D0A06901230521C5784C
:106BD000206990F87D20703002F0A3FB68B1AD1EF3
:106BE0000A2D06D2DFE805F00909050509090505A2
:106BF0000909A07840F00800A070A07800281CD1F6
:106C0000A06902F0FFFD00287AD0A0690226C578AD
:106C10001DB1012D01D0162D18D1206990F87C00EE
:106C200002F067FB90B1206990F87C101F290DD00D
:106C3000202903D0162D16D0A6707CBD262180F801
:106C40007C10162D02D02A20FFF7D6FC0C2D58D030
:106C50000CDC0C2D54D2DFE805F033301D44A7A71F
:106C6000479E57A736392020A0707CBD0120152DE6
:106C700075D008DC112D73D0122D69D0132D64D07E
:106C8000142D3DD178E0162D7CD0182D7DD0FF2D10
:106C900036D183E020690123194690F87F207030B7
:106CA00002F03FFBF8B9A06902F007FE216981F804
:106CB0009201072081F87F0078E001F044F975E047
:106CC000FFF738FF72E001F01EF96FE0206990F8DD
:106CD0007D10112901D0A67068E0122180F87D1086
:106CE00064E0FFF7DBFE61E0206990F87D00172883
:106CF000F1D101F04BF821691B2081F87D0055E0AE
:106D000052E0FFF76CFE51E0206990F87E00C0076A
:106D100003D0A07840F001001FE06946A06902F0AE
:106D2000EAFD9DF8000000F02501206900F8B01F81
:106D30009DF8011001F04101417001F01EF8206939
:106D400010F87E1F41F0010114E0FFF78EFC2DE0EA
:106D5000216991F87E10490705D5A07026E00EE064
:106D600016E00FE011E001F008F8206910F87E1F2E
:106D700041F00401017019E0FFF7D0FD16E001F0C9
:106D80008AF813E0FFF76AFD10E0FFF7D3FC0DE08F
:106D900001F060F80AE0FFF780FC07E0E16919B153
:106DA000216981F8A60101E0FFF713FC2069F0E9F1
:106DB0003012491C42F10002C0E900127CBD70B5DE
:106DC000354CA07900074AD5A078002847D1206922
:106DD00090F8E400FE2800D1FFDF2069FE210025A5
:106DE00080F8E41090F87D10192906D180F8A7509A
:106DF00000F0CCFF206980F87D50206990F87C106D
:106E00001F2902D0272921D119E090F87D0002F036
:106E100070FA78B120692621012380F87C1090F85F
:106E20007D200B21703002F07CFA78B92A20FFF720
:106E3000E3FB0BE02169202081F87C0006E00121C2
:106E400080F8A51180F87C5080F8A250206990F855
:106E50007F10082903D10221217080F8E41059E441
:106E600010B50D4C216991F8B0210AB991F8642050
:106E700081F8642091F8B1210AB991F8652081F870
:106E8000652010B10020FFF7B7FB206902F0D4FDA8
:106E9000002809D0206901E0F8000020BDE810407A
:106EA00000F5F77102F020BE10BD70B5FC4C06462F
:106EB0000D46206990F8E400FE2800D0FFDF22692B
:106EC000002082F8E46015B1A2F8A40022E422F8C0
:106ED0009E0F012010711DE470B5F14C01230021BB
:106EE000206990F87C20703002F01BFA002869D0ED
:106EF000206990F8BA1111B190F8BB1139B190F82E
:106F0000C41100295DD090F8C51111B359E090F873
:106F10007D1024291BD090F87C10242917D0002341
:106F200000F5D87200F5DD7102F058FD21690020EE
:106F300081F8BA0101461420FFF7B7FF216901F17A
:106F40003000C28A21F8E62F408B48803FE00123C1
:106F5000E6E790F87D2001230B21703002F0E1F983
:106F600078BB206990F8640000F0FBFE05462069BC
:106F700090F8650000F0F5FE0646206990F8C6110D
:106F8000284600F0E0FE50B1206990F8C711304665
:106F900000F0D9FE18B10020FFF72EFB11E02069A8
:106FA0000123032190F87D20703002F0BAF940B936
:106FB00020690123022190F87D20703002F0B1F9A0
:106FC00008B1002080E400211620FFF76EFF0120A9
:106FD0007AE410B5F0BBB24C206990F87E10CA0775
:106FE00002D00121092051E08A070AD501210C2095
:106FF000FFF75BFF206910F8AA1F41F00101017043
:1070000046E04A0702D5012113203FE00A0705D5D3
:1070100010F8E11F41710121072037E011F0300F16
:107020003AD090F8BB11A9B990F8BA11D9B190F83B
:107030007D1024292ED090F87C1024292AD00023FA
:1070400000F5D87200F5DD7102F0C8FC216911F875
:107050007E0F00E020E020F0200040F010000870DB
:10706000002081F83C01206990F87E10C90613D5F4
:1070700002F0E2FCFFF7E1FA216901F13000C28A77
:1070800021F8E62F408B488001211520FFF70DFFE6
:10709000012010BD0123D3E7002010BD70B5804C46
:1070A000206990F8E410FE2978D1A178002975D1E3
:1070B00090F87F2001231946703002F032F9002841
:1070C0006CD1206990F8901149B10021A0F89C1072
:1070D00090F8911180F8E610002102205BE090F812
:1070E0007D2001230421703002F01BF90546FFF7D3
:1070F00070FF002852D1284600F089FF00284DD1AA
:1071000020690123002190F87C20703002F009F9F9
:1071100078B120690123042190F87D20703002F0BD
:1071200000F930B9206990F8960010B100211220C2
:1071300031E0206990F87C200A2A0DD0002D2DD155
:1071400001230021703002F0ECF878B1206990F84A
:10715000AC1104290AD105E010F8E21F01710021E9
:10716000072018E090F8AA00800718D0FFF7B4FEB7
:10717000002813D120690123002190F87C20703071
:1071800002F0CFF8002809D0206990F8A401002867
:1071900004D00021FF20BDE8704086E609E0002110
:1071A0000C20FFF782FE206910F8AA1F41F00101B0
:1071B000017043E43EB505466846FDF7BDFE00B9E3
:1071C000FFDF222200210098F6F7DDF80321009866
:1071D00002F0FFFA0098017821F0100101702946B1
:1071E00002F01DFB2E4C0D2D40D00BDCA5F102054D
:1071F0000B2D19D2DFE805F01F184719191F185673
:1072000018192400152D5ED008DC112D25D0122D63
:107210000BD0132D09D0142D06D154E0162D29D0F2
:10722000172D69D0FF2D73D0FFDFFDF79AFE0028E0
:1072300000D1FFDF3EBD2169009891F8E61017E00C
:10724000E26800981178017191884171090A817191
:107250005188C171090A0172E7E70321009802F021
:10726000A6FB0621009802F0A6FBDEE700980621A7
:107270000171DAE70098216991F8C621027191F84D
:10728000C7114171D1E72169009801F5887102F0B9
:1072900028FB21690098DC3102F028FBC5E70000DB
:1072A000F8000020F849D1E90001CDE90101206989
:1072B00001A990F8B00000F025008DF804000098B6
:1072C00002F048FBB1E72069B0F84810009802F0DE
:1072D00017FB2069B0F8E810009802F015FB206950
:1072E000B0F84410009802F013FB2069B0F8E610E3
:1072F000009802F011FB98E7216991F8C401002879
:107300000098B9D111F8642F02714978B9E7FFE705
:10731000206990F8A721D0F8A811009802F08DFA02
:1073200083E7DA4810B5006990F8821041B990F807
:107330007D2001230621703001F0F3FF002800D0EA
:10734000012010BD70B5D14D286990F8801039B179
:10735000012905D0022906D0032904D0FFDF0AE461
:10736000B0F8F41037E090F87F10082936D0B0F864
:107370009810B0F89A2000248B1C9A4206D3511A18
:10738000891E0C04240C01D0641EA4B290F896103F
:1073900039B190F87C2001230921703001F0C1FF40
:1073A00040B3FFF7BEFF78B129690020B1F8902003
:1073B000B1F88E108B1C9A4203D3501A801E00D055
:1073C000401EA04200D284B20CB1641EA4B228694F
:1073D000B0F8F4102144A0F8F01040E5B0F898108F
:1073E0000329BDD330F8701F428D1144491CA0F809
:1073F000801034E50024EAE770B50C4605464FF4EA
:10740000087200212046F5F7BEFF258027E5F8F732
:107410005FBF2DE9F0410D4607460621F8F74EFE05
:10742000041E3ED094F8CC010026B8B16E7007203F
:1074300028700DE0268484F8CC61D4F8CE01C5F81C
:107440000200D4F8D201C5F80600B4F8D60168816C
:1074500094F8CC010028EDD1AE70B6E094F8D801D4
:1074600090B394F8D8010B2813D00C2801D0FFDF7B
:10747000ABE02088F8F755FF0746F8F712FC78B91B
:107480006E700C20287094F8DA01A8702088A8800B
:1074900014E02088F8F745FF0746F8F702FC10B122
:1074A0000020BDE8F0816E700B20287094F8DA019E
:1074B000A8702088A88094F8DE01A87184F8D861AB
:1074C0003846F8F7E8FB80E0FFE794F80E0230B1A9
:1074D0006E700E20287084F80E626F8075E094F84C
:1074E000E00180B16E700820287020886880D4F890
:1074F000E4116960D4F8E811A960B4F8EC01A8813E
:1075000084F8E06161E094F8080270B16E701620B2
:10751000287005E084F80862D4F80A02C5F8020071
:1075200094F808020028F5D14FE094F8EE01B0B1CC
:107530006E70122028700DE084F8EE61D4F8F0012E
:10754000C5F80200D4F8F401C5F80600D4F8F80133
:10755000C5F80A0094F8EE010028EDD135E094F862
:10756000FC0180B16E701820287084F8FC61D4F89A
:10757000FE01C5F80200D4F80202C5F80600B4F80E
:107580000602688121E094F8100240B119202870A9
:1075900084F81062D4F81202C5F8020015E094F8DD
:1075A000160200283FF47DAF6E701320287008E0AB
:1075B00084F81662D4F81802C5F80200B4F81C0268
:1075C000E88094F816020028F2D1012069E72F48DC
:1075D0000021C16101620846704730B52B4D0C4651
:1075E000E860FFF7F4FF00B1FFDF2C7130BD002130
:1075F00080F87C1080F87D1080F8801090F8FE10E4
:1076000009B1022100E00321FEF76BBB2DE9F04137
:107610001E4C0546206909B1002104E0B0F80611AE
:10762000B0F8F6201144A0F8061190F8901139B97D
:1076300090F87F2001231946703001F072FE30B1BE
:10764000206930F89C1FB0F85A201144018020694D
:1076500090F8A23033B1B0F89E10B0F8F620114483
:10766000A0F89E1090F9A670002F06DDB0F8A410C7
:10767000B0F8F6201144A0F8A41001213D263DB138
:1076800080F88D6018E00000A0B20100F800002032
:107690002278022A0AD0012A11D0A2782AB380F8CF
:1076A0008C1012F0140F0DD01E2113E090F8E6207C
:1076B000062A3CD016223AE080F88C1044E090F87C
:1076C000922134E0110702D580F88D603CE09106EC
:1076D00003D5232180F88D1036E0900700D1FFDF1D
:1076E00021692A2081F88D002AE02BB1B0F89E2074
:1076F000B0F8A0309A4210D2002F05DDB0F8A420D7
:10770000B0F8A0309A4208D2B0F89C30B0F89A2075
:10771000934204D390F890310BB1222207E090F805
:1077200080303BB1B0F89830934209D3082280F8FA
:107730008D20C1E7B0F89820062A01D33E22F6E753
:10774000206990F88C1019B12069BDE8F0414EE72E
:10775000BDE8F0410021FEF7C4BA2DE9F047FF4C27
:1077600081460D4620690088F8F7EDFD060000D13E
:10777000FFDFA0782843A070A0794FF000058006B5
:10778000206904D5A0F8985080F8045103E030F83F
:10779000981F491C0180FFF7C4FD012740B3E08812
:1077A000000506D5206990F8821011B1A0F88E501E
:1077B0001EE02069B0F88E10491C89B2A0F88E1026
:1077C000B0F890208A4201D3531A00E00023B4F8A5
:1077D00008C00CF1050C634501D880F89670914201
:1077E00006D3A0F88E5080F80E722079F3F7DCFBF8
:1077F000A0794FF0020810F0600F0ED0206990F8C9
:10780000801011B1032908D102E080F8807001E0F6
:1078100080F880800121FEF764FA206990F88010DA
:10782000012904D1E188C90501D580F88080B9F12A
:10783000000F71D1E188890502D5A0F8185104E044
:10784000B0F81811491CA0F8181100F0A7FBFEF7BA
:1078500059FDFFF723FC00F0B2FD0028206902D09B
:10786000A0F8F85003E030F8F81F491C018000F040
:10787000A9FD38B1206990F80411022907D8491CE4
:1078800080F80411206990F80401022804D92069C5
:1078900020F8F85F4580057320690123002190F8E6
:1078A0007D20703001F03DFD20B9206990F87D0009
:1078B0000C286AD120690123002190F87C207030C7
:1078C00001F02FFD48B320690123002190F87F20AB
:1078D000703001F026FD00B3206990F88010022975
:1078E00053D190F80401C0B93046F7F7AAFFA0B110
:1078F000216991F8E400FE2847D1B1F8F20001288F
:1079000043D981F8FD70B1F89A20B1F89800931E20
:10791000984203DB012004E043E036E0101A401EE9
:1079200080B2B1F8F82023899A4201D3012202E003
:107930009A1A521C92B2904200D91046012801D1E5
:1079400081F8FD5091F86F206AB98A6E5AB1B1F88A
:107950009420B1F87030D21A12B2002A03DD90429E
:1079600000DB104680B291F8892192B1B1F8FA207B
:10797000B1F88A118A4201D3012102E0891A491C17
:1079800089B2884205D9084603E02169012081F8BF
:10799000FD502169B1F870201044A1F8F400FFF700
:1079A000D1FCE088C0F340214846FFF72FFE206954
:1079B00080F8FE50BDE8F047FDF7F6BA6749024689
:1079C0008878CB78184312D10846006942B189798A
:1079D000090703D590F87F00082808D001207047D8
:1079E000B0F84C10028E914201D8FEF7C6B80020C4
:1079F000704770B5594C05460E46E0882843E08034
:107A0000A80703D5E80700D0FFDF6661EA074FF05B
:107A100000014FF001001AD0A661F278062A02D0C8
:107A20000B2A14D10AE0226992F87D30172B0ED16F
:107A30000023E2E92E3302F8370C08E0226992F8BD
:107A40007D30112B03D182F8811082F8A800AA079B
:107A500018D56269D278052A02D00B2A12D10AE021
:107A6000216991F87D20152A0CD10022E1E930220C
:107A700001F83E0C06E0206990F87D20102A01D123
:107A800080F88210280601D50820E07067E42DE90F
:107A9000F84F324C00254FF00108E580A570E570E5
:107AA0004146257061F3070220619246814680F8C5
:107AB000FE800088F8F747FC070000D1FFDF20694F
:107AC0000088FDF736FA20690088FDF75BFA206927
:107AD000B0F8F21071B190F8E410FE290FD190F8CF
:107AE000901189B190F87F2001231946703001F080
:107AF00018FC78B1206990F8E400FE2804D02069D1
:107B000090F8E400FFF756FB206990F8FF1089B168
:107B1000258118E02069A0F89C5090F8911180F818
:107B2000E61000210220FFF7C0F9206980F8FD501F
:107B30000220E7E790F8CC1119B9018C82889142B4
:107B400000D881882181B0F8F610491E8EB2B0F8B5
:107B5000F8103144A0F8F81002E00000F80000200E
:107B600090F8FC1021B1A0F8FA5080F8FC5004E025
:107B7000B0F8FA103144A0F8FA1030F8981F3144E8
:107B80000180FFF7CEFB20B1206930F88E1F314411
:107B900001802069B0F8F210012902D8491CA0F830
:107BA000F2100EB180F8045190F8FD10A1B1B0F8B8
:107BB000F800218988420FD23846F7F742FE58B1C3
:107BC000206990F8891139B1B0F8FA10B0F88A013B
:107BD000814201D300F0F9FB206980F8FD5090F854
:107BE0007D100B2901D00C2916D1B0F87020B0F807
:107BF000AE31D21A12B2002A0EDBD0F8B011816079
:107C000090F8B4110173032101F04EFA206980F855
:107C10007D5080F8B28026E0242910D1B0F8701091
:107C2000B0F8AE21891A09B2002908DB90F8C40126
:107C3000FFF716F9206900F87D5F857613E090F86C
:107C40007C10242901D025290DD1B0F87010B0F88E
:107C5000AE01081A00B2002805DB0120FFF700F989
:107C6000206980F87C5020690146B0F8F620703019
:107C700001F0C8FA206990F8891109B1A0F8FA500A
:107C8000F6480090F64BF74A4946504600F0DEFAB7
:107C9000216A11B16078FCF74DFE206901230521AE
:107CA00090F87D20703001F03CFB002803D0BDE847
:107CB000F84F00F038BABDE8F88F00F045BBEA494C
:107CC000C8617047E848C069002800D001207047AB
:107CD000E54A50701162704710B50446B0F8B421FF
:107CE0004388B0F8B611B0F8B8019A4205D1A3881C
:107CF000994202D1E38898420FD02388A4F8D0316A
:107D0000A4F8D221A4F8D411A4F8D601012084F853
:107D1000CC01D5480079F3F747F90221204601F05C
:107D2000C3F9002004F87D0F0320E07010BD401A55
:107D300000B247F6FE71884201DC002801DC012018
:107D4000704700207047012802D0022805D102E0C8
:107D5000012904D001E0022901D000207047012050
:107D6000704710B5012804D0022804D0FFDF204658
:107D700010BD0124FBE70224F9E7BB48002100699C
:107D800020F8A41F8178491C81707047B64800B55F
:107D9000016911F8A60F401E40B20870002800DAF1
:107DA000FFDF00BDB0482721006980F87C1000216A
:107DB00080F8A411704710B5AB4C206990F8AC1155
:107DC000042916D190F87C2001230021703001F0A5
:107DD000A8FA00B9FFDF206990F8AA10890703D438
:107DE000062180F87C1004E0002180F8A21080F8C1
:107DF000AC11206990F87E00800707D5FFF7C6FF19
:107E0000206910F87E1F21F00201017010BD964913
:107E100010B5096991F87C200A2A09D191F8E2206D
:107E2000824205D1002081F87C0081F8A20010BDBB
:107E300091F87E20130706D522F0080081F87E0015
:107E4000BDE81040A2E7FF2801D0FFDF10BDBDE86C
:107E50001040A7E710B5844C206910F8B01F41F01E
:107E600004010170A06901F0A4FD162806D1206963
:107E700090F87C00202802D0262805D010BDA069EB
:107E800001F09BFDFEF7B8FB2169002081F87C0022
:107E900081F8A20010BDF8B5734C01230A212069B6
:107EA00090F87C20703001F03CFA38B3A06901F002
:107EB0003FFDC8B1A06901F035FD0746A06901F09A
:107EC00035FD0646A06901F02BFD0546A06901F0CD
:107ED0002BFD01460097206933462A46303001F0D9
:107EE0008BFD206901F0A8FD2169002081F8A20026
:107EF00081F87C00BDE8F840FEF79FBBA07840F019
:107F00000100A070F8BD10B5574C01230021206975
:107F100090F87D20703001F004FA30B1FFF72DFFAA
:107F20002169102081F87D0010BD20690123052101
:107F300090F87D20703001F0F4F908B1082000E0DD
:107F40000120A07010BD70B5474C012300212069AD
:107F500090F87D20703001F0E4F9012588B1A06926
:107F600001F0A8FC2169A1F8AE01B1F87010FFF78B
:107F7000DEFE40B12069282180F88D1080F88C50F9
:107F800084E5A57082E52169A06901F5D87101F049
:107F90008CFC21690B2081F87D0077E510B5FEF798
:107FA0000EFFFEF70CFE304CA079400708D5A078F4
:107FB00030B9206990F87F00072801D10120207096
:107FC000FEF73EFAA079C00609D5A07838B9206935
:107FD00090F87D100B2902D10C2180F87D10E078FB
:107FE00000070ED520690123052190F87D2070300F
:107FF00001F097F930B10820A0702169002081F8C4
:10800000D80110BDBDE81040002000F016BB10B52F
:10801000154C216991F87D2040B3102A06D0142A0E
:1080200007D0152A23D01B2A35D123E001210B20AC
:1080300022E0FBF769FB0C2820D32069082100F51A
:108040008870FBF765FB28B120690421DC30FBF761
:108050005FFB00B9FFDF012104200DE05B77010029
:10806000BD790100F3790100F800002008E000F07C
:1080700017F803E001210620FEF717FF012010BDCD
:10808000212A08D191F8970038B991F8C40110B1AC
:1080900091F8C50108B1002010BD01211720EBE7C0
:1080A00070B5184C0025206990F8931101290AD069
:1080B000022925D190F8A810A9B1062180F8E61070
:1080C0000121022017E090F8D811002918D100F101
:1080D000C80300F58471002200F5CA7001F0C1F8F0
:1080E0000121052007E090F8B000400701D51120DC
:1080F00000E00D200121FEF7D8FE206980F89351A1
:10810000C4E40000F8000020F9480078002800D0FE
:108110000C20704710B50446FFF7F6FF00B1FFDFF3
:10812000F348047210BDF2490120C871704770B560
:108130000C460546082B01D0194600E004211046E4
:1081400001F075F9844200D220460DB1001D80B2C5
:10815000C0B270BD70B5E64934314C6804F17005A9
:1081600060B1628F218F94F86530A87CFFF7DFFF44
:1081700094F86510BDE87040FCF79EB8FF2094F8B5
:108180006410F7E72DE9F0478146D9483430446858
:10819000002004F17005628F218F94F86530FFF79D
:1081A000C6FFD34F0646D34878620120FFF7D2FFBF
:1081B000A87C4FF0000840B305F15801CE4891E883
:1081C0000E1000F1080A8AE80E10A96EC0F82110FE
:1081D000E96EC0F82510FE38FCF743FBC6480121C4
:1081E00008300176D5E91412C0E90412A0F58372B3
:1081F000796AFBF728FF94F8650000F0A7FB0246B8
:1082000031460120FBF72DFF04E0786AFCF729FBDB
:10821000FBF74BFFB9F1000F03D141469620FCF765
:108220004CFB94F8642001210020FCF706FC94F834
:108230002C00012801D1FCF7DFFB02203870FCF78D
:1082400061FD002800D0FFDFBDE8F0872DE9F04395
:10825000A74D87B0804628780E9F1C461646894653
:1082600010B90EB104B107B9FFDFEF61C5E90564CC
:108270000020C5E90D89E871A871E870A87028711F
:108280009B4F6871A8813437E8817E68344636F8A0
:10829000700BF8F758F8E8622088F8F742F828637E
:1082A000FCF714F894F96700FCF7CEF804F112001B
:1082B000FCF7B9FA04F10E00FCF7CCF80120FCF74A
:1082C000CDFA18228D496846F5F733F88C480490AA
:1082D0006846FCF7B7FAF07EFCF7C6F8FCF7B8FA88
:1082E00094F86F0078B9A06E68B1B08C318888427C
:1082F00009D1B4F86C1001220844B08494F86E00DF
:10830000A16EF9F708FE628F218F94F86530B07C7A
:10831000FFF70DFF94F865402146FBF7CDFF786825
:1083200090F8880108B1FCF74FF821460120FCF7CE
:1083300054F97868D0F80001FCF797FA0120FFF7AC
:1083400021FF07B0BDE8F083694800B50078022836
:1083500000D0FFDF00BD664810B534304468FCF73C
:10836000FBFAFCF7DAFAFCF729FAFCF762FAFBF7FA
:108370009CFE94F82C00012801D1FCF733FB94F803
:108380006F0038B9A06E28B1002294F86E00114633
:10839000F9F7C1FD564CE08900F0E2FAE269A179F3
:1083A000A07890470020207010BD514810B500788B
:1083B000022800D0FFDFBDE81040CCE7CBE74C48F7
:1083C000007970474A48C078704749490120487190
:1083D00070472DE9FC474648454E3430A0F114075C
:1083E00044684FF0000A254694F875004FF00108E4
:1083F000703458B3012868D002286AD0032876D098
:10840000FFDF316AB1460826087820F008000870BE
:10841000A37906EAC303184320F004000870E37947
:10842000042606EA8303184320F0100008706779D9
:10843000D9F82C00F7F715FA0646FCF7C8FD022F0D
:1084400067D0012F65D0032F66D068E000F094FA62
:10845000AA8E0146104600F0EAFF298E814200D222
:1084600008464C21ADF8040048533846FCF78DFD12
:1084700048B14FF48060316A00F077FA03206071F0
:1084800084F80380BDE76A4601A9F06A00F05CFA4F
:10849000306210B194F8371029B13846FCF746FD28
:1084A00084F80580ADE79DF8001031B9A0F800A070
:1084B00080F802A0012101F08CF9BDF80410306AA7
:1084C00001F07DFA022060719BE73846FCF72EFD33
:1084D00097E7B5F84C00ADF804006A4601A9F06AC8
:1084E00000F032FA306200288BD1FFDF89E709E023
:1084F0001C010020780B0020780D0020A8B201009C
:108500001B5D01003846FCF740FD0028BAD1FFDFB3
:1085100077E7B04301D002E00EB1012100E0002175
:10852000D9F820004E46027842EA01110170617CC0
:1085300051B36179012927D004F15801F7488EC958
:1085400000F1080989E88E00A16EC0F82110E16EE3
:10855000C0F82510FE38FCF784F9F048083080F8A0
:1085600018A0D4E91212C0E90412A0F58371326A8E
:10857000FBF769FD95F8640000F0E8F90246FB217D
:108580000020FBF76EFD03E0FCF76BF9FBF78DFDB8
:10859000012195F865200846FCF74FFA86F804801B
:1085A000316A0A8832828978B17486F80080FCF7D3
:1085B000B5FB002800D0FFDFBDE8FC8770B5D84CC4
:1085C000054639B9012D05D1E078401CC0B2E070F4
:1085D000012820D8A16928468847E0B16179D148AF
:1085E00031B1012D04D1417811B90178C90612D5F4
:1085F000A17981B98DB9CA4910310978CA0602D466
:108600000078C00607D5A08928B9A06A28B9608972
:1086100018B1C80601D4012070BD002070BD10B58E
:10862000BF4CA06A00B9FFDF6289D4E90910D21CEF
:10863000F4F77FFEA06A606210BD2DE9F0470600E6
:10864000B748B74D00F134004468686A04F170041B
:10865000477801D0012E03D1296B02F0EDF8687044
:1086600068784FF000084FF0010938B1012816D0A2
:1086700002282FD0032844D0FFDFE5E5012E30D0BB
:10868000FFF7CDFF39460122286BF7F75BF926E0AB
:1086900084F8078030E000BF84F807902CE0012EBA
:1086A00008D0FFF7BCFF39460022286BF7F74AF9DC
:1086B000022EE2D0D4E91401401C41F10001C4E9CA
:1086C0001401E079012802D084F80790BCE584F811
:1086D0000780B9E5012E04D0286BF7F7B7FA022E10
:1086E000CBD0D4E91401401C41F10001C4E91401CC
:1086F000E0790128D0D1CBE7287ABDE8F047F2F73E
:1087000053BC012EB9D0286BF7F7A0FAF4E770B587
:108710008349834A343100264C68516A01257034FC
:108720000B7803F00303012B14D0022B12D0032B80
:1087300003D0907940F0040023E0A570D08940F484
:108740000060D081012000F010F91CE0E67170BDDE
:10875000E57170BD4978B1B1D38943F40063D38129
:10876000936A002BF5D0FB2908D8D17921B1BDE857
:108770007040802000F0F4B8057070BD907940F032
:108780001000907170BDE0790128E1D1DEE770B58D
:108790006348634D3430446828787034012800D031
:1087A000FFDFA07838B10020A0700146042000F05F
:1087B000DCF801202071296A0878C043800705D1C0
:1087C000A889400502D5022000F0CFF80121002041
:1087D000FFF7F4FE10B1BDE87040BCE5BDE87040A5
:1087E0000020CFE42DE9F84F4D4F4D4C3437002693
:1087F0007D6882468DF8006020787035022800D0B0
:10880000FFDFE08940F40070E0810020FFF7A2FC68
:10881000A87CBAF1000F5BD0FBF76AFCFBF75AFCAF
:108820004FF0010968B9A87C58B1606A417841B13C
:108830000078E979C0F3C000884202D184F8029040
:1088400059E0606A4178618121B1206BF7F734F813
:10885000A06200E0A662E089B84640F02000E08116
:10886000E670786800F17007064690F82C00012841
:1088700016D1FCF7B7F83946304600F010FD78B154
:10888000D8F804003188A0F80A12397A80F80C125E
:10889000797A80F80D1280F80892207AF2F784FB3A
:1088A000606AA9790078C0F38000884205D000F0A2
:1088B00094F8E08940F48070E081606AE97900789A
:1088C000C0F3C00088420AD16846FFF720FF06E0E7
:1088D00008B1FBF73EFCE08940F04000E0815146E2
:1088E0000120FFF76BFE00289DF8000007D010B1B3
:1088F0000020FFF7A2FEFFF72EFDBDE8F88F10B1B4
:108900000120FFF79AFEFFF764FD9DF800000028A4
:10891000F3D00220FFF791FEEFE70000780D002072
:108920001C010020780B002070B5064654480D4607
:108930004468FBF773FC034694F8642029463046EC
:10894000BDE87040FDF706BAF6F7C5BE00B50128D0
:1089500002D0022802D0FFDF002000BD012000BDB0
:10896000474A0021343A52691047454A343A9389BC
:108970000343938152691047414810B5446804F19C
:108980007001087B24280ED0497B24290BD01F2896
:108990000CD020280AD0222912D094F86400042890
:1089A00000D1082010BD94F8B01106E0222907D0AC
:1089B00094F8C60100F04FF8014694F8640008E00E
:1089C00094F8C60114F85D1F084000F044F8014611
:1089D000E079BDE8104000F048B870B52848446818
:1089E00094F875007034002832D0022810D1244D3C
:1089F000343DE86AF6F79BFE00B9FFDFD4E91201C7
:108A0000401C41F10001C4E91201287AF2F7CCFAC6
:108A100000256571207920B1257100211020FFF714
:108A2000A4FFE07878B1E570FCF7BEFA00B9FFDF8B
:108A300000210820FFF799FFD4E91201401C41F101
:108A40000001C4E91201A079012802D00120A0711F
:108A500070BDA57170BDC10701D0012070478007AE
:108A600001D50220704700207047002904D001285A
:108A700003D0012901D00220704701207047000077
:108A8000500100202DE9F0410F4606460024FE4D1E
:108A90000FE000BF05EBC40090F85311B14206D1BE
:108AA0000622394600F5AA70F4F716FC38B1641CAA
:108AB000E4B22878A042EDD81020BDE8F08120462D
:108AC000FBE7F0B50746F04816460478621C0270D2
:108AD00000EBC4050868C5F854018888A5F858015A
:108AE000102C00D3FFDF85F8537185F85A612046BA
:108AF000F0BD70B5054600F017FA10281CD1E24C05
:108B00002078401EC0B22070A84215D004EBC002ED
:108B100004EBC50102F58070D2F85321C1F853214E
:108B2000D0F85700C1F85701207800F0FDF910285F
:108B300002D0204480F8035170BD2DE9F047D24C9B
:108B40000646A719A078401EC5B2A57097F8038104
:108B5000AE422AD004EB051A04EB06190AF1030110
:108B600009F103001022F4F7E4FB0AF1830109F193
:108B700083001022F4F7DDFB601905EB450290F845
:108B8000031187F8031106EB460104EB420204EBE4
:108B90004101D2F80B31C1F80B31B2F80F21A1F825
:108BA0000F2190F83B0187F83B0104EBC80090F8D7
:108BB0005A01C00703D14046BDE8F04799E7BDE838
:108BC000F087B1498A78824203D9084490F843017A
:108BD00070470020704710B540F2D3120021AA4818
:108BE000F4F7D1FB0822FF21A848F4F7CCFBA748F3
:108BF00000210C38417081704FF46171818010BD8B
:108C000070B50D460646FFF73DFF9F4C102807D074
:108C100004EBC00191F85A11C90701D0012070BDC1
:108C20006178082910D2102808D004EBC000012177
:108C300080F85A116078401C6070EFE701222946E5
:108C40003046FFF73EFFF5E7002070BD70B58E4D52
:108C50002878401E44B20AE005EBC40090F85A019F
:108C6000C00702D0E0B200F070F9641E64B2002CBC
:108C7000F2DA864900200C39887070BD82498A7802
:108C8000824203D901EB0010C01C704700207047DE
:108C90002DE9F047984691460C460546FFF7F2FE4F
:108CA0000646102805D000F03FF9102801D0122008
:108CB00085E7754FB87808282AD2102E05D10022F2
:108CC00021462846FFF7FDFE0646BC781022601CB0
:108CD000B87007EB0415E81C494600F0B5FA05F139
:108CE00083001022414600F0AFFA1021404600F008
:108CF0009CFA3C44102184F84301484604F59674DC
:108D000000F093FAE07704F8296C0020E07356E74E
:108D1000072054E75C4810B58078401E44B204E058
:108D2000E0B2FFF70AFF641E64B2002CF8DA10BD4F
:108D300056490C394870704754480C384078704791
:108D400040B14AF2B811884204D850490C398880A1
:108D500001207047002070474C480C3880887047CD
:108D600010B5FFF78FFE102803D000F0DDF81028B3
:108D700000D1082010BD44498A78824203D901EB12
:108D8000001083307047002070473F4B10B59C782F
:108D900084420FD9184490F8030103EBC00090F807
:108DA00053310B70D0F854111160B0F85801908015
:108DB000012010BD002010BD334A114491F8032159
:108DC00032490C390A700268C1F80620808848814F
:108DD000704770B52D4B0C3B5B7873B12A4B9C7878
:108DE0005CB1451821460AB1D81C01E02648833001
:108DF0002A46FBF794F8012070BD002070BD10B525
:108E0000FBF7DBF818B1BDE81040FBF7E6B8FF2030
:108E100010BD1D498A78824209D9084490F803019F
:108E200001EBC00090F85A0100F0010070470020EB
:108E300070472DE9F04100242546134E2CE02846CA
:108E400000F072F88046FFF719FF06EBC50797F8A8
:108E50005A11C9071ED060B1B8F1100F05D006EB4A
:108E6000080191F83B11012903D0102100F0DDF930
:108E700080B10649204601F80480641C97F853210C
:108E800007F5AA71E4B203E0A80D002064010020F8
:108E9000FBF7B5FA6D1CEDB23078A842CFD80CE6DE
:108EA000012296E72E4A01EB410102EB41010268E3
:108EB000C1F80B218088A1F80F01704701461022EC
:108EC000284800F0C1B92748704725498A7882426E
:108ED00003D9084490F83B0108B1002070470120F5
:108EE00070472DE9F0410E460746154606213046EB
:108EF00000F09BF91A4C58B1002004E02118401CE6
:108F000081F83B51C0B2A1788142F7D80120D4E565
:108F100031463846FFF724FF082803D0204480F864
:108F20003B51F3E70020C8E50D4910B5034600208A
:108F30008A7806E00C1894F803419C4204D0401C47
:108F4000C0B28242F6D8102010BD05494A78521EA0
:108F50004A7001EBC001002281F85A21C9E50000E6
:108F6000A80D00207B0F002000F00101400800F058
:108F700001021144400800F001021144400800F0D1
:108F800001021144400800F001021144400800F0C1
:108F900001021144400800F00102114401EB5000AD
:108FA000704710B500240485848DDB004C43B3FB6F
:108FB000F2F394FBF2F45B1C84859BB203FB02F496
:108FC0004385B4F5C84F01DD5B1E43854FF4FA437A
:108FD000B3FBF2F35B1C0386438C02EBC3035B1E03
:108FE000B3FBF2F30384C38B4B43B3FBF2F1C183B6
:108FF00010BD70B50546087B0E4600F01F000873D3
:109000000020687604463019007AFFF7ADFF291971
:10901000641C0875697EE4B208446876052CF2D3B6
:10902000C0B2252800D9FFDF70BD0023C38342846E
:1090300001EBC202521EB2FBF1F101847047F0B5A0
:109040006FF01F02010C02EA90261F25A1F5AA402D
:1090500054380DD0A1F5AA40553809D0A1F52850B3
:10906000AA3805D0A1F52A40AA3801D0012000E095
:10907000002000221346144682EA0107FF431F43E3
:109080007F1C0FD006F00107520842EAC73205F0F4
:1090900001075B0876086D08641C43EAC733162C89
:1090A000EAD3F0BD0020F0BD2DE9F04101260446D1
:1090B000002500F1700751B1012974D0022971D047
:1090C00003296CD101463846BDE8F04191E7802282
:1090D00000213846F4F757F9BD71FD713D737D737A
:1090E000FD733D747D71BD76FD76212087F84000CB
:1090F000412087F84100FE2087F8740027887022FD
:1091000000212046F4F73FF9278084F8646084F852
:109110006560282084F8660004F1300000210746CD
:1091200000F071FC1B21F9833984A4F85210A4F8D3
:1091300054104FF4A470A4F85600A4F858006673B5
:109140004FF448606080A4F8F050A4F8F250A4F8FE
:10915000F450A4F8F650A4F8F850A4F8FA5084F8A3
:10916000FD5084F8FF50A4F8065184F80451A4F887
:109170001851A4F81A5184F8BA5184F8BB5184F8F4
:10918000C45184F8C55184F8895184F8905184F809
:10919000935184F8AC51C4F8A451C4F8A851BDE867
:1091A000F08100E025E0A4F8065184F8FE506188C3
:1091B000FE480A460844B0FBF1F0A4F890004BF6D4
:1091C0008030A4F89200E3883846FFF7EAFE214693
:1091D0003846FFF70EFFFAF7F9F920B1D4F80E0080
:1091E000FFF72DFF10B184F88851D8E784F8886123
:1091F000D5E74188B4F8B831B4F8B4213846BDE8B1
:10920000F041CEE6437E0BB1252B01D912207047E9
:109210002AB14B7B2BB1012B05D01F2070470020BA
:10922000704700F0EEB900F092B910B500231A466D
:1092300003E0845C2343521CD2B28A42F9D30BB1BF
:10924000002010BD012010BD30B5134606E0CC183B
:10925000D51A14F8014C5B1E4455DBB2002BF6D135
:1092600030BD70B50E468CB0144601461D46102226
:109270006846FFF7E9FF1022314604A8FFF7E4FF34
:10928000684600F059FD08A94FF0100228461CB1AD
:10929000FFF7DAFF0CB070BDF4F74BF8FAE738B51A
:1092A00005460C466846FBF7B2FB002820D09DF926
:1092B00000002072E17E617294F90A100022411AC6
:1092C00000D5494295F82D308B4210DCFF2B0ED093
:1092D000E17A491CC9B2E17295F82E30994202D860
:1092E000A17A7F2903D1A0720020E07201221046EA
:1092F00038BD0C2813D00B2811D00D280FD01F28F3
:109300000DD020280BD0212809D0222807D02328CF
:1093100005D0242803D0262801D000207047012042
:10932000704710B5A2F10F030C2941D2DFE801F01C
:1093300006080D1215181C40243E272EAAB337E04C
:10934000072A37D0082A35D032E00C2A32D00B2A2F
:1093500030D02DE00D2A2DD02AE00C2B2AD927E081
:10936000103A0B2A26D923E0032B23D990F8380092
:10937000F0B11B2A1ED91BE0062A1BD018E01C2ABC
:1093800018D01D2A16D01E2A14D011E01F2A11D081
:10939000202A0FD0212A0DD0222A0BD0232A09D02F
:1093A000242A07D0262A05D002E003E00E2A01D0A5
:1093B000002010BD012010BD2DE9F0410C460546EE
:1093C00040F23577866805E0F8F7F7FF3946F8F799
:1093D000C8FCA8602846F9F7A5F90028F4D08CB19C
:1093E0003046A968F9F7EAFC00280BDD2044401E4E
:1093F000B0FBF4F707FB04F13046F8F7B2FCA860C5
:109400003846CCE60020CAE670B5044690420BD23E
:10941000101B642800D2642025188D4205D8042131
:10942000F9F7FFFC08B1284670BD204670BD11F069
:109430000C0F19D04A074FF41671002A03DA00BF47
:109440004FF0100201E04FF0400201DA4FF09601B8
:1094500001F5BC71A0EB0103884202D993FBF2F045
:1094600000E0002080B27047022904D06FF00D01A7
:1094700001EBD000F6E76FF00E0101EB9000F1E791
:109480000844184498300AB1042100E0002108443F
:10949000704701207047106808667047C10701D007
:1094A00001207047810701D502207047400701D590
:1094B00008207047002070472DE9F0410546164608
:1094C00088460124084600F054FA0746404600F05A
:1094D00052FA0346FFF7E2FF02463846FFF7DEFF87
:1094E00052EA000100D10024990700D10022B907F7
:1094F00000D1002095F86410914200D10022327012
:1095000095F86510814200D10020707072B968B979
:10951000404600F032FAB5F87010401A00B247F633
:10952000FE71884201DC002800DC0024204636E67B
:1095300010B540F6C4125410012903D0022902D0FC
:10954000FFDF02E008B1104610BD204610BDF0B5A7
:109550000C7C8B7BCD7B5C404B7C02886B4044EA6F
:109560000324467E62400023D5B2120A95FAA5F57F
:1095700092FAA2F22D0E120E45EA022202EB02121C
:109580005B1C2244DBB292B2032BEDD36240252355
:10959000B2FBF3F403FB142301EBD304837603F053
:1095A00007070125247A05FA07F701E0FFDB05002C
:1095B0003C4201D0C3761AE05643320C521CD2B260
:1095C000002403191B7D934213D300230E19367A0E
:1095D00005FA03F73E4201D0521ED2B222B15B1C03
:1095E000DBB2082BF4D306E003EBC401C176002004
:1095F000F0BDD21AD2B2641CE4B2052CE1D31F2014
:10960000F0BDF0B5837E0C7E012504FB02322523DC
:10961000B2FBF3F403FB142201EBD204827602F0D6
:109620000703247A05FA03F31C4201D0C2761EE038
:10963000437EB2FBF3F403FB1422521CD2B200238C
:10964000C418247D944214D30024CE1896F80860E0
:1096500005FA04F73E4201D0521ED2B222B1641C78
:10966000E4B2082CF4D306E004EBC301C176002079
:10967000F0BD121BD2B25B1CDBB2052BE0D31F2066
:10968000F0BD000030B50546007801F00F0220F073
:109690000F0010432870092912D2DFE801F00507F6
:1096A00005070509050B0F0006240BE00C2409E053
:1096B000222407E001240020E87003E00E2401E0EA
:1096C0000024FFDF6C7030BD007800F00F007047A1
:1096D0000A6840F8032F8988818070470A6840F83B
:1096E000092F8988818070470278402322F0400248
:1096F00003EA81110A4302707047027822F0800267
:1097000042EAC1120270704770B514460E46054613
:109710001F2A00D9FFDF2246314605F10900F3F781
:1097200008FEA41D6C7070BD70B514460E4605464B
:109730001F2A00D9FFDF2246314605F10900F3F761
:10974000F8FDA41D6C7070BD30B5017801F00F01FB
:10975000032920D0052921D14578B0F81910B0F897
:109760001B40B0F81730827D222D17D1062915D362
:109770004FF44865A94211D8B4F5FA7F0ED26AB108
:10978000082A0BD88A4209D28B4207D8B0F81D00AC
:10979000A84205D902E040780C2801D0002030BD55
:1097A000012030BD4078704700B5027801F0030316
:1097B00022F003021A430270012905D0022903D0C6
:1097C000032903D0FFDF00BD002100E0012141702B
:1097D00000BD00B5027801F0030322F003021A4332
:1097E0000270012905D0022903D0032903D0FFDF2D
:1097F00000BD002100E00121417000BD007800F0B3
:1098000003007047417841B1C078192803D2704AEB
:10981000105C884201D1012070470020704730B5AC
:1098200001240546C170192902D26948445C02E04E
:10983000FF2900D0FFDF6C7030BD70B514460E46B6
:1098400005461B2A00D9FFDF6C7022463146E81C12
:10985000BDE87040F3F76DBDB0F807007047B0F891
:1098600009007047B0F80B00704770B5B0F80720DA
:10987000B0F80940B0F805300179951F40F67A46F6
:10988000B54210D8B4F5FA7F0DD261B108290AD8D3
:10989000914208D2934206D8B0F80B00B0F5486F59
:1098A00001D8012070BD002070BD42680A60007AB6
:1098B00008717047B0F80900704700797047426836
:1098C0000A6080684860704780890880704750F857
:1098D0000E2F0A60406848607047D0F81600086094
:1098E00070470A6842604968816070470968C160D2
:1098F00070470079704742680A6080684860704726
:109900000171090A417170478171090AC17170477B
:109910000172090A417270478172090AC172704767
:1099200080887047C08870470089704740897047B9
:1099300001891B290CD341894FF4A472914207D3AA
:1099400081881B2904D3C088904201D3012070472D
:10995000002070470A684260496881607047017959
:10996000490704D04079400701D00120704700200A
:1099700070470079704740797047C08870470CB5D0
:1099800014A2D2E90012CDE900120179407901F068
:10999000070269461DF80220012A04D800F00700DA
:1099A000085C012801D900200CBD01200CBD01710B
:1099B000704700797047417170474079704730B502
:1099C0000C460546FB2900D9FFDF6C7030BD000056
:1099D000C0B20100000101020102020310B58C882F
:1099E0000A894B88C988A0F84430A0F84810A0F82C
:1099F0004640A0F84A2010BD10B5029C8181C2816A
:109A00000382448210BD1B2202838282C281828132
:109A100042800281028042848284828300290AD1AA
:109A20004FF4A4714183C18241820182C18041818E
:109A30008180C18401857047F0B5B0F84830818FCE
:109A4000458EC48E8B4200D30B46B0F84A10B0F856
:109A50004020914200D20A464386C286068F478F35
:109A600000F130019E4200D21E46974200D21746B6
:109A70000E814F81AB4201D1A24201D0012400E00E
:109A80000024B0F84420C38F068E858E9A4200D3FE
:109A90001A46B0F84670B0F842309F4200D23B46BA
:109AA00090F85A70022F08D1964200D232469D4259
:109AB00000D22B46002780F85A700A808B80B24271
:109AC00001D1AB4201D0012000E000202043F0BDD5
:109AD000508088899080C889D080088A1081488AFF
:109AE000508101201070704770B502884A80048E42
:109AF0008C80838ECB80428E0A81C58E4D81B0F8DA
:109B00005660AE420BD1B0F85250954207D1B0F832
:109B100058509D4203D1B0F85430A34201D00123E4
:109B200000E000230B73A0F852204A89A0F85620C9
:109B30008A88A0F85420CA88A0F85820012008700C
:109B400070BD70B50C46088E91F8641000F016F8E0
:109B5000A18E0546A94200D20D46208F94F86510CB
:109B600000F00CF8618F814200D208460146284679
:109B7000BDE8704000221346FFF782BC11F00C0FC5
:109B800004D04FF4747101EB801006E0022902D07A
:109B9000C000703001E080003C3080B270470000AF
:109BA0002DE9F0410C4612490D68114A114908325D
:109BB0001160A0F12001312901D301200CE04128DE
:109BC00010D040CC0C4F94E80E0007EB8000241F0F
:109BD00050F8807C3046B84720600548001D05607D
:109BE000BDE8F081204601F0B9F8F5E7062070479E
:109BF0001005024001000001DCB2010010B555481B
:109C0000F9F704FD00B1FFDF5248401CF9F7FEFCF4
:109C1000002800D0FFDF10BD2DE9F14F4E4E82B07D
:109C2000D6F800B001274B48F9F7F8FCDFF824819B
:109C300020B9002708F10100F9F706FD474C00257F
:109C40004FF0030901206060C4F80051C4F80451CA
:109C5000029931602060DFF808A11BE0DAF800000B
:109C6000C00617D50E2000F068F8EFF3108010F052
:109C7000010072B600D001200090C4F80493D4F81B
:109C8000000120B9D4F8040108B901F071F8009876
:109C900000B962B6D4F8000118B9D4F8040100285C
:109CA000DCD0D4F804010028CCD137B1C6F800B01C
:109CB00008F10100F9F7B2FC11E008F10100F9F731
:109CC000ADFC0028B6D1C4F80893C4F80451C4F818
:109CD00000510E2000F031F81E48F9F7B5FC0020C5
:109CE000BDE8FE8F2DE9F0438DB00D4606460024F9
:109CF0000DF110090DF1200818E000BF04EB440736
:109D0000102255F827106846F3F713FB05EB870779
:109D1000102248467968F3F70CFB6846FFF77CFF92
:109D200010224146B868F3F704FB641CB442E5DB3B
:109D30000DB00020BDE8F0836EE7002809DB00F0DD
:109D40001F02012191404009800000F1E020C0F88D
:109D5000801270476C01002004E5004000E00040E4
:109D600010ED00E0B64900200870704770B5B54DA1
:109D700001232B60B44B1C68002CFCD0002407E0AE
:109D80000E6806601E68002EFCD0001D091D641CB4
:109D90009442F5D30020286018680028FCD070BDDC
:109DA00070B5A74E0446A94D3078022800D0FFDFD9
:109DB000AC4200D3FFDF7169A548012903D847F2FF
:109DC0003052944201DD03224271491C7161291B0A
:109DD000C1609F49707800F030F9002800D1FFDFA2
:109DE00070BD70B5964C0D466178884200D0FFDF9B
:109DF000964E082D4BD2DFE805F04A041E2D4A4A44
:109E00004A382078022800D0FFDF03202070A07895
:109E1000012801D020B108E0A06800F041FD04E075
:109E200004F1080007C8FFF7A1FF05202070BDE876
:109E30007040F8F7C0B9F8F7C0FA01466068F8F763
:109E4000BDFFB04202D2616902290BD30320F9F7AA
:109E50000EFB12E0F8F7B1FA01466068F8F7AEFFC2
:109E6000B042F3D2BDE870409AE7207802280AD0C9
:109E7000052806D0FFDF04202070BDE8704000F008
:109E8000D2B8022000E00320F9F7F1FAF3E7FFDF90
:109E900070BD70B50546F8F790FA694C606020789F
:109EA000012800D0FFDF6A490120087000200871F6
:109EB00004208D6048716548C86002202070607879
:109EC00000F0BBF8002800D1FFDF70BD10B55C4C7E
:109ED000207838B90220F9F7E0FA18B90320F9F729
:109EE000DCFA08B1112010BD5A48F8F7E1F96070AA
:109EF0001F2804D0012020700020606110BD0320C5
:109F000010BD2DE9F0471446054600EB84000E46CF
:109F1000A0F1040800F0D7FC07464FF0805001691B
:109F20004F4306EB8401091FB14201D2012100E039
:109F3000002189461CB10069B4EB900F02D90920B9
:109F4000BDE8F0872846E7F76FF990B9A84510D328
:109F5000BD4205D2B84503D245EA0600800701D0CC
:109F60001020EDE73046E7F75FF910B9B9F1000FBF
:109F700001D00F20E4E7384838490068884205D00E
:109F8000224631462846FFF7F1FE1AE0FFF79EFF12
:109F90000028D5D12A4800218560C0E9036481707A
:109FA000F9F7DDFA08B12E4801E04AF2F870604393
:109FB0004FF47A7100F2E730B0FBF1F01830FFF7A0
:109FC00068FF0020BCE770B505464FF0805004697B
:109FD0006C432046E7F728F908B10F2070BD00F068
:109FE00072FCA84201D8102070BD1B481B490068B4
:109FF000884203D0204600F053FC10E0FFF766FFD4
:10A000000028F1D10E48012184608170F9F7A7FA88
:10A0100008B1144800E014481830FFF73AFF002058
:10A0200070BD00F053BE10B5054C6078F8F7A2F98A
:10A0300000B9FFDF0020207010BDF8F7EFBB000073
:10A040007001002004E5014000E40140105C0C00B8
:10A050008C0F0020E39D010058000020BEBAFECA0C
:10A0600050280500645E0100A85B01007149096881
:10A070000160002070476F4908600020704701218F
:10A080008A0720B1012804D042F20400704791678A
:10A0900000E0D1670020704767490120086042F264
:10A0A0000600704708B50423634A1907103230B11F
:10A0B000C1F80433106840F0010010600BE0106834
:10A0C00020F001001060C1F808330020C1F8080139
:10A0D0005A4800680090002008BD011F0B2909D8CC
:10A0E000554910310A6822F01E0242EA4000086019
:10A0F0000020704742F205007047000100F18040E7
:10A10000C0F8041900207047000100F18040C0F839
:10A11000081900207047000100F18040D0F80009C4
:10A12000086000207047012801D907207047444A81
:10A1300052F8200002680A4302600020704701289C
:10A1400001D9072070473E4A52F8200002688A432E
:10A15000026000207047012801D907207047384A63
:10A1600052F820000068086000207047020035495E
:10A170004FF0000003D0012A01D0072070470A6089
:10A18000704708B54FF40072510510B1C1F80423AF
:10A1900008E0C1F808230020C1F8240127481C303A
:10A1A00000680090002008BD08B58022D10510B1DC
:10A1B000C1F8042308E0C1F808230020C1F81C01FD
:10A1C0001E48143000680090002008BD08B54FF408
:10A1D0008072910510B1C1F8042308E0C1F808238A
:10A1E0000020C1F8200115481830006800900020B8
:10A1F00008BD10493831096801600020704770B50A
:10A200004FF080450024C5F80841F9F7B4F910B9BA
:10A21000F9F7BBF928B1C5F82441C5F81C41C5F8C8
:10A2200020414FF0E020802180F800140121C0F887
:10A23000001170BD0004004000050040080100400E
:10A24000A0B30100780500406249634B0A68634986
:10A250009A42096801D1C1F31001016000207047E2
:10A260005C495D4B0A685D49091D9A4201D1C0F302
:10A2700010000860002070475649574B0A6857493C
:10A2800008319A4201D1C0F31000086000207047E5
:10A2900030B5504B504D1C6842F20803AC4202D01E
:10A2A000142802D203E0112801D3184630BDC300A0
:10A2B0004B481844C0F81015C0F81425002030BDD4
:10A2C0004449454B0A6842F209019A4202D00628E5
:10A2D00002D203E0042801D308467047404A012116
:10A2E00042F83010002070473A493B4B0A6842F26E
:10A2F00009019A4202D0062802D203E0042801D3C1
:10A3000008467047364A012102EBC0004160002038
:10A31000704770B52F4A304E314C156842F2090330
:10A3200004EB8002B54204D0062804D2C2F800181B
:10A3300007E0042801D3184670BDC1F31000C2F82D
:10A340000008002070BD70B5224A234E244C1568C9
:10A3500042F2090304EB8002B54204D0062804D27D
:10A36000D2F8000807E0042801D3184670BDD2F8DF
:10A370000008C0F310000860002070BD174910B538
:10A380000831184808601120154A002102EBC0036B
:10A39000C3F81015C3F81415401C1428F6D3002078
:10A3A00006E0042804D302EB8003C3F8001807E09A
:10A3B00002EB8003D3F80048C4F31004C3F800484C
:10A3C000401C0628EDD310BD04490648083108603A
:10A3D0007047000058000020BEBAFECA00F50140D8
:10A3E00000F001400000FEFF814B1B6803B198475D
:10A3F000BFF34F8F7F4801687F4A01F4E06111434A
:10A400000160BFF34F8F00BFFDE710B5EFF3108081
:10A4100010F0010F72B601D0012400E0002400F01A
:10A42000DDF850B1E6F7A4FFF7F761FDF8F7C1FFDB
:10A43000F9F7E2FC71490020086004B962B6002017
:10A4400010BD2DE9F0410C460546EFF3108010F0E9
:10A45000010F72B601D0012600E0002600F0BEF820
:10A4600020B106B962B60820BDE8F08100F006FD13
:10A47000E6F782FF0246002001234709BF0007F1EB
:10A48000E02700F01F01D7F80071CF40F9071BD07B
:10A49000202803D222FA00F1C90727D141B20029AE
:10A4A00004DB01F1E02191F8001405E001F00F0157
:10A4B00001F1E02191F8141D4909082916D203FA87
:10A4C00001F717F0EC0F11D0401C6428D5D3F9F731
:10A4D00071FC4B4A4B490020F9F7B4FC47494A4804
:10A4E00008602046E6F7A7FE60B904E006B962B648
:10A4F00041F20100B8E73E4804602DB12846E6F776
:10A50000E7FE18B1102428E0404D19E02878022811
:10A5100002D94FF4805420E007240028687801D045
:10A52000D8B908E0C8B1202817D8A878212814D8AD
:10A53000012812D001E0A87878B9E8780B280CD867
:10A54000E6F71AFF2946F8F71AFFF7F78FFC00F035
:10A55000EDF92846E6F7DAFE044606B962B61CB104
:10A56000FFF753FF20467FE700207DE710B5044644
:10A5700000F034F800B101202070002010BD244903
:10A5800008600020704770B50C4622490D682149CB
:10A59000214E08310E60102807D011280CD0122847
:10A5A0000FD0132811D0012013E0D4E90001FFF7E8
:10A5B00048FF354620600DE0FFF727FF00252060AB
:10A5C00008E02068FFF7D2FF03E011492068086027
:10A5D000002020600F48001D056070BD07480A4933
:10A5E0000068884201D101207047002070470000B8
:10A5F000880100200CED00E00400FA05580000205E
:10A600004810002000000020BEBAFECAA8B3010016
:10A6100004000020100502400100000100B585493A
:10A6200010F1080F19D00CDC10F1280F1DD010F11B
:10A63000140F18D010F1100F13D010F10C0F08D117
:10A640000DE010F1040F06D080B103280ED00428CD
:10A650000CD0FFDF00BDFC2008E0F82006E0F4206D
:10A6600004E0F02002E0EC2000E0D820086000BD0B
:10A67000704900B5091D012803D0022803D0FFDF6F
:10A6800000BD032000E00420086000BD2DE9F0417A
:10A6900005460C4617461046F9F76CFD4FF47A76DE
:10A6A000022C10D0012C10D040F63401441838464A
:10A6B000F9F7C5FD204449F679710844B0FBF6F07E
:10A6C000281ABDE8F0813146F0E74FF4C861EDE7A4
:10A6D00070B505460C460846FAF7F4FA022C10D07D
:10A6E000012C11D04FF4AF5149F6CA62511A0844F7
:10A6F0004FF47A7100F2E140B0FBF1F0281A801EAD
:10A7000070BD40F24C41EFE740F63401ECE770B524
:10A71000064615460C460846FAF7D4FA4FF47A7105
:10A7200040F63402022D11D0012D11D01346022C17
:10A7300011D0012C01D04FF4AF529A1A104449F6AF
:10A74000FC621044B0FBF1F0301A70BD0B46EEE72E
:10A750004FF4C863EBE740F24C42EEE770B50446B5
:10A760000E460846F9F706FD05463046F9F767FD3F
:10A7700028444AF2AB3108444FF47A71B0FBF1F04F
:10A78000201A801E70BD2DE9F04106461D460C467C
:10A790001746104600F045F806EB4601C1EBC6111E
:10A7A00000EBC100022C15D0012C16D04FF4AF5194
:10A7B00046182046FAF786FA301A4FF47A7100F6F6
:10A7C000B730B0FBF1F43846F9F741FD2044284496
:10A7D000401D76E740F24C41EAE740F63401E7E7F6
:10A7E00070B5044615460E460846F9F7C3FC04EB5F
:10A7F0004401C1EBC411C0EBC1043046F9F71FFDA1
:10A80000241A284600F00DF820444FF47A7100F61F
:10A81000B730B0FBF1F42846F9F719FD2044401D8C
:10A8200070BD082803D0042801D0F9F7A3BC4EF668
:10A83000283070470C150040F0B585B00C46054631
:10A84000FEF7DCFF07466E78204603A96A46F5F757
:10A8500004FA81198EB258B1012F02D0032005B03D
:10A86000F0BD204604AA0399F5F719F9049D01E00B
:10A87000022F0FD1ED1C042E0FD32888BDF8001035
:10A88000001D80B2884201D8864202D14FF00000FC
:10A89000E5E702D34FF00200E1E74FF00100DEE709
:10A8A0000B4A022111600B490B68002BFCD0084BAE
:10A8B0001B1D186008680028FCD000201060086884
:10A8C0000028FCD070474FF080504069704700006E
:10A8D00004E5014000E4014002000B464FF0000097
:10A8E000014620D0012A04D0022A04D0032A0DD127
:10A8F00003E0012002E0022015E00320072B05D22F
:10A90000DFE803F00406080A0C0E10000720704769
:10A91000012108E0022106E0032104E0042102E015
:10A92000052100E00621F7F7E4BC0000E24805211C
:10A9300081700021017041707047E0490A78012A56
:10A9400005D0CA681044C8604038F8F704BA8A686D
:10A9500010448860F8E7002819D00378D849D94A0C
:10A9600013B1012B0ED011E00379012B00D06BB98C
:10A9700043790BB1012B09D18368643B8B4205D22B
:10A98000C0680EE00379012B02D00BB100207047A4
:10A9900043790BB1012BF9D1C368643B8B42F5D2EB
:10A9A00080689042F2D801207047C44901220A70A1
:10A9B000027972B100220A71427962B104224A71AD
:10A9C000826852328A60C068C860BB4902208870C1
:10A9D00070470322EFE70322F1E770B5B74D044655
:10A9E00000202870207988B100202871607978B122
:10A9F0000420B14E6871A168F068F7F7B2F9A86059
:10AA0000E0685230E8600320B07070BD0120ECE7D0
:10AA10000320EEE72DE9F04105460226F8F7C5F8D8
:10AA2000006800B1FFDFA44C01273DB12878B8B120
:10AA3000012805D0022811D0032814D027710DE079
:10AA40006868C82808D30421F8F7EBF920B16868D2
:10AA5000FFF773FF012603E0002601E000F014F980
:10AA60003046BDE8F08120780028F7D16868FFF70C
:10AA700072FF0028E2D06868017879B1A0780428D4
:10AA800000D0FFDF01216868FFF7A7FF8B49E0785E
:10AA900000F003F90028E1D1FFDFDFE7FFF785FFD2
:10AAA0006770DBE72DE9F041834C0F46E17888427F
:10AAB00000D0FFDF00250126082F7DD2DFE807F058
:10AAC000040B28283D434F57A0780328C9D00228FB
:10AAD000C7D0FFDFC5E7A078032802D0022800D046
:10AAE000FFDF0420A07025712078B8BB0020FFF79D
:10AAF00024FF72480178012906D08068E06000F0E8
:10AB0000F9F82061002023E0E078F7F782FDF5E70F
:10AB1000A078032802D0022800D0FFDF207880BB75
:10AB2000022F08D05FF00500F8F7A1FCA0780328F9
:10AB300040D0A57095E70420F6E7A078042800D05F
:10AB4000FFDF022004E0A078042800D0FFDF01200E
:10AB5000A1688847FFF75EFF054633E003E0A07871
:10AB6000042800D0FFDFBDE8F04100F08DB8A078E8
:10AB7000042804D0617809B1022800D0FFDF2078D2
:10AB800018B1BDE8F04100F08AB8207920B1062064
:10AB9000F8F76DFC25710DE0607840B14749E07829
:10ABA00000F07BF800B9FFDF65705AE704E007208A
:10ABB000F8F75DFCA67054E7FFDF52E73DB1012DC9
:10ABC00003D0FFDF022DF9D14BE70420C0E70320BB
:10ABD000BEE770B5050004D0374CA078052806D133
:10ABE00001E0102070BD0820F8F757FC08B11120D3
:10ABF00070BD3548F7F75CFBE0701F2806D00121D7
:10AC0000F8F730FA0020A560A07070BD032070BD79
:10AC1000294810B5017809B1112010BD81780529A6
:10AC200006D0012906D029B101210170002010BDF4
:10AC30000F2010BD00F033F8F8E770B51E4C054644
:10AC4000A07808B1012809D155B12846FFF783FE45
:10AC500040B1287840B1A078012809D00F2070BDFC
:10AC6000102070BD072070BD2846FFF79EFE03E050
:10AC700000212846FFF7B1FE1049E07800F00DF8FA
:10AC800000B9FFDF002070BD0B4810B5006900F06F
:10AC900029F8BDE81040F7F78EBAF7F7BFBD0648B0
:10ACA00010B5C078F7F766FB00B9FFDF0820F8F7AA
:10ACB000DEFBBDE8104039E68C0100209C0F00202F
:10ACC0003D860100FF1FA107A5AA010010B5134C86
:10ACD0002060201D0160114810300260001D0360DB
:10ACE000002010BD0E490A6848F202139A4302433D
:10ACF0000A6070470A4A116848F2021301EA030029
:10AD0000994311607047054B02465B421020134483
:10AD1000FC2B01D8116000207047000000060040A5
:10AD2000C806024070477047704700001EF0040FCD
:10AD30000CBFEFF30880EFF30980014A10470000D1
:10AD40005F3E010001B41EB400B5F8F7A9FD01B4DF
:10AD50000198864601BC01B01EBD0000826903490E
:10AD600081614FF0010010447047000045AD0100C3
:10AD70000FF20C0000F10000694641F8080C20BFFA
:10AD800070470000FEDF18490978F9B904207146C0
:10AD900008421BD10699154A914217DC06990229EF
:10ADA00014DB02394878DF2810D10878FE2807D054
:10ADB000FF280BD14FF001004FF000020C4B184759
:10ADC00041F201000099019A094B1847094B002BE9
:10ADD00002D01B68DB6818474FF0FF3071464FF018
:10ADE0000002034B1847000028ED00E000C00100FE
:10ADF000E9A3010004000020174818497047FFF735
:10AE0000FBFFE6F7CBF900BD1548164909688842F3
:10AE100003D1154A13605B68184700BD20BFFDE7EA
:10AE20000F4810490968884210D1104B18684FF03C
:10AE3000FF318842F2D080F308884FF02021884209
:10AE400004DD0B48026803210A4302600948804779
:10AE500009488047FFDF0000B00F0020B00F00203E
:10AE600000100000000000200400002000C00100CD
:10AE700014090040DD2F000009AE0100F0B4404687
:10AE8000494652465B460FB402A0013001B5064860
:10AE9000004700BF01BC86460FBC804689469246EB
:10AEA0009B46F0BC70470000091100000420714669
:10AEB000084202D0EFF3098101E0EFF308818869CD
:10AEC00002380078102813DB20280FDB2C280BDB3E
:10AED0000A4A12680A4B9A4203D1602804DB094AE5
:10AEE0001047022008607047074A1047074A10477A
:10AEF000074A12682C3212681047000058000020E0
:10AF0000BEBAFECA7D130000A19B010087A5010007
:10AF1000040000200D4B0E4908470E4B0C49084712
:10AF20000D4B0B4908470D4B094908470C4B084985
:10AF300008470C4B064908470B4B054908470B4B84
:10AF4000034908470A4B02490847000019AC0000B2
:10AF500059B00000A52F00000BA8000099A7000021
:10AF6000A1AE0000991300004D7700001DB0000055
:10AF70002DAD01005F8200000784000065850000A0
:10AF8000C98500000386000037860000698600003E
:10AF90009986000021870000478300008985000012
:10AFA00013120000C12100000B2200006F220000DC
:10AFB000F522000011240000D32400000525000024
:10AFC000E3250000CB2600001F270000A12700007A
:10AFD000C1270000B92D0000DD2D0000FD2C000070
:10AFE000592D00000F2E0000A32E00002F3D000061
:10AFF000093E00003D4100003D420000B342000018
:10B000001D4300008143000017120000754400003A
:10B01000E1440000E3270000E927000017120000C8
:10B02000171200001712000017120000F32700008B
:10B030002B280000A12800001712000017120000A2
:10B040002D22000087290000A9290000F529000011
:10B05000131200001312000013120000131200005C
:10B06000EF5200007553000091530000AD530000F3
:10B070003B550000D7530000E1530000235400006B
:10B0800045540000215500006355000013120000D4
:10B0900013120000676E0000876E0000916E0000C2
:10B0A000CB6E0000F96E0000E96F000077700000C1
:10B0B0008B700000D9700000EF71000095730000E4
:10B0C000BD740000E95D0000D5740000131200009B
:10B0D00013120000A1A0000003A200005DA2000066
:10B0E000D7A2000083A30000100110013A02000063
:10B0F0001A0200040506000007000000FFFFFFFF22
:10B100000000FFFFE39C0000BF1C0000934E000006
:10B11000335E0000E97A000000000000A17D00001D
:10B120007D7D00008F7D0000000002000000000017
:10B13000000200000000000000010000000000000C
:10B14000136C0000F36B0000616C00007152000092
:10B150003352000053520000219400003994000043
:10B160004396000041370000816C000000000000A1
:10B17000B16C0000BF5200000000000000000000A1
:10B18000000000002395000000000000C13700000F
:10B19000555555D6BE898E0000006406640C6412B5
:10B1A00000000803AC055008000054044408340CA7
:10B1B00075DF0000DDE00000D7DE000073DF000077
:10B1C0001B5D0100ABE1000000000000480800002A
:10B1D0004808000051350000513500009B21000057
:10B1E000439B0000B7600000A34D0000F97301000D
:10B1F0008135000081350000BF210000D59B000093
:10B200003F610000174E00000F74010070017001D3
:10B21000400038005C002400200200000300656C40
:10B220007462000000000000000000000000000048
:10B230000000870000000000000000000000000087
:10B240000000BE83605ADB0B376038A5F5AA9183F6
:10B25000886C0000010000008B0801005D170100F0
:10B2600000000001020603040500000007000000C2
:10B2700000000000060000000A000000320000008C
:10B2800073000000B4000000F401FA0096006400AE
:10B290004B0032001E0014000A00050002000100ED
:10B2A0000041000000000000AB830100E5870100C1
:10B2B0008F870100BD830100000000002989010083
:10B2C0000C0802170D010102090901010602091803
:10B2D00018030101090903030500000049A2010048
:10B2E00061A2010079A2010091A20100C1A20100A6
:10B2F000E9A2010013A3010047A30100C79F0100B9
:10B30000039F010023A0010007AD01000D360100DD
:10B310001D360100493601001B37010023370100AB
:10B32000353701007FA0010099A001006DA0010048
:10B3300077A00100A5A00100DBA00100ED9B0100AA
:10B34000FBA0010009A1010017A1010027A1010034
:10B350003FA1010057A101006DA10100ED9B01007B
:10B3600000000000B7A900000DAA000023AA0000F9
:10B37000D9A80100199C0100E59C0100D3AB010094
:10B3800011AC01003BAC0100113401005D3901003A
:10B3900083A10100A9A10100CDA10100F3A1010039
:10B3A0001C0500402005004000100200CCB3010045
:10B3B00008000020980100004411000000B40100C2
:10B3C000A0010020100E00008011000001150545AD
:10B3D000481000200519A40500203601000100884E
:10B3E0003720FB349B5F80041F8000100D9DCB092C
:10B3F0000020880900200E0A0020024810000000EA
:10C000000000022059A4030081A4030083A40300BC
:10C0100085A4030087A4030089A403000000000096
:10C020000000000000000000000000008BA40300DE
:10C030008DA40300000000008FA4030091A403005E
:10C0400093A4030089FA0200F9A20300BDA2030031
:10C05000D1A2030093A40300098B03002D780300F1
:10C06000F99E0300019F0300099F030093A40300AE
:10C0700093A4030093A4030093A4030093A40300D8
:10C0800093A40300C9AC030093A4030093A403008A
:10C0900093A4030093A4030005E2030093A4030008
:10C0A00093A4030093A40300119F0300199F0300AE
:10C0B00093A4030093A4030000000000000000000C
:10C0C00093A4030093A4030093A40300E5A2030038
:10C0D00093A4030093A4030093A4030093A4030078
:10C0E00021A3030000000000000000000000000089
:10C0F0000000000093A40300000000000DA3030053
:10C10000000000000000000000000000000000002F
:10C11000000000000000000000000000000000001F
:10C12000000000000000000000000000000000000F
:10C1300000000000000000000000000000000000FF
:10C1400000000000000000000000000000000000EF
:10C1500000000000000000000000000000000000DF
:10C1600000000000000000000000000000000000CF
:10C1700000000000000000000000000000000000BF
:10C1800000000000000000000000000000000000AF
:10C19000000000000000000000000000000000009F
:10C1A000000000000000000000000000000000008F
:10C1B000000000000000000000000000000000007F
:10C1C000000000000000000000000000000000006F
:10C1D000000000000000000000000000000000005F
:10C1E000000000000000000000000000000000004F
:10C1F000000000000000000000000000000000003F
:10C200002DE9F04F85B003910778A7F10903042BBE
:10C21000044607F07F0200F10100F5D9202AF3D08F
:10C220002B2F04BF677804462D2F75D09FED427BDE
:10C230008DED007B4FF000084FF000099FB34FF0E9
:10C24000000C25464FF0000ADFF8FCB0644619E008
:10C2500028F026FA80468946304628F0B7F942464B
:10C260004B4628F067F85246804689465B46DDE932
:10C2700000013CB328F03EFBCDE90001A44615F8CF
:10C28000017F7FB1A7F13006092E52465B4640463A
:10C290004946DDD9CCB92E2F17D115F8017F0124DD
:10C2A000002FEFD12C4642464B46DDE9000128F035
:10C2B000F7F980468946039B404649461C6005B015
:10C2C000BDE8F08F4FF0010CD9E72C46BCF1000F10
:10C2D00029D042464B46DDE9000128F0E1F907F09C
:10C2E000DF07452F80468946E5D10399681C0A225D
:10C2F00027F0EEFF14490246002028F031FD0246E7
:10C300000B464046494628F0CBF9804689464046D0
:10C31000494605B0BDE8F08F9FED097B67788DED4C
:10C32000007B013486E7DFF824904FF00008404698
:10C33000494605B0BDE8F08F000000000000F03F66
:10C34000000000000000F0BF000024400000F87F63
:10C350002DE9F0470023144600228046894628F044
:10C3600011FC28B109F1004399462D2323700134B3
:10C37000002200234046494628F0FAFB28B130222B
:10C38000002322706370BDE8F0874046494625F0DF
:10C39000D7FC28F035FC73A3D3E9002307464946B0
:10C3A000404628F0EFFB00284ED170A3D3E90023CC
:10C3B0004046494628F004FC002845D10E2F07F1DD
:10C3C000010540F3B980A7F10E063246002062490C
:10C3D00028F0C6FC02460B464046494628F08AFA39
:10C3E00000225E4B27F0A6FF28F0F6FC002DA7F1F7
:10C3F0000F0E4FF0010C4DDD594FDFF8788101220F
:10C4000045F6F3294FF02E0A494508BF40454FF045
:10C4100030030AD3B0EB080061EB0901494508BFBE
:10C42000404503F10103F5D2DBB2237050EA01036A
:10C4300004F101084AD1954252DD0132102A4FD051
:10C44000444677E90289DFE7002F33DB3A460020D4
:10C45000414928F085FC02460B464046494628F0F3
:10C4600049FA3BA3D3E900238046894601250026EB
:10C470004046494628F014F90022384B27F05AFF6D
:10C4800028F0AAFC002DBC464FF0FF3E37464FF087
:10C490000006B1DC234630224FF02E0803F8022BB1
:10C4A00084F80180FC4345D01C4403F8012BA342CF
:10C4B000FBD1A1E77A420020274928F051FC02462F
:10C4C0000B464046494628F0EBF8CAE7954202F190
:10C4D000010204BF84F801A004F10208102AAFD1C0
:10C4E0006EB14246302102F8011BC2F101037344D0
:10C4F0004344002BF7DC2EEAEE7301339844BCF181
:10C50000010F12D0BCF1000F4FF0650388F8003026
:10C51000C5BF2B2388F8013008F1010108F10201A1
:10C520006046BDE8F04713F097BC002388F8003060
:10C53000BDE8F0871C465FE7C7F10E020020064900
:10C5400028F00EFC3E4602460B46012790E700BF4E
:10C550000000901EC4BCD642000024400000E03F12
:10C56000885A04008DEDB5A0F7C6B03E50EFE2D674
:10C57000E41A4B4400407A1070B54FF0FF3005F0DC
:10C580000BFE04466FF07F4005F006FE064620468F
:10C5900028F00CF800220C4B28F082F804463046B4
:10C5A0000D4628F003F806A3D3E9002328F0A2F9EA
:10C5B00002460B462046294627F0BCFE70BD00BF50
:10C5C0000000E0DFFFFF6F430000F03D00000000CF
:10C5D0004389DA0700F115822DE9F04F43F001039A
:10C5E0004FF080424381D2F80034C14A99B00546E9
:10C5F0000B92002B00F0F48113680133136010F0EC
:10C600003FFE05F1D0031C46002128460A9311F095
:10C610002BFF204613F00EFFB64C04F1F00654F841
:10C62000043F184613B11B681B689847A642F6D111
:10C63000284609F00FFDB04B0A9F0024CDE91234C3
:10C6400012AB93E8030010268DE803002246029601
:10C650002B4640F2FD31384611F0B2FEA74BCDE932
:10C66000143414AB93E80300C0238DE80300029355
:10C6700064222B4640F2FD31384611F0A1FEA04B5A
:10C68000CDE9163418AB13E9030022468DE8030008
:10C6900002962B464FF47F71384611F091FE68895F
:10C6A000984BA021602240F4C040E027802668819A
:10C6B000402483F8097383F80A1383F81A2383F854
:10C6C0001B2383F8071383F81C1383F8216383F873
:10C6D000222305F2CC721746079205F5E86083F82D
:10C6E000016383F8024383F806430AF003FA3846ED
:10C6F000854917F0D9F83C4684490746204617F08B
:10C70000D3F82B68824A5B680990934240F07581A8
:10C71000642014F0C5F80B9B4FF0000A1B680893C7
:10C7200005F10C0B0FF2B819D9E9008954465B46A4
:10C730005646A3469A46089B032B00F0938005F6C5
:10C740008C0016F0C5FF002840F0A280002F00F0FA
:10C75000E180FF233246214605F62C0019F080FEC9
:10C760002B685B6814206A4A934240F08D8014F075
:10C7700097F80134E4B2052C0BF1010B02D1731CC4
:10C78000DEB20024BBF1190F00F09180002FD2D04F
:10C790005D49079817F0BCF9384628F0B9FC0998AC
:10C7A00028F0B6FC0B9A0023136009F09DFC0146AB
:10C7B0000CA81AF0C7F91DF03BFC42464B46CDE9E8
:10C7C000040128F0B5FA0EA811461AF0A7F942465E
:10C7D0004B46DDE9040128F0ABFA42464B4628F00F
:10C7E000A7FA0FAB114618461AF098F93EA3D3E901
:10C7F0000023DDE9040128F09BFA014610A81AF095
:10C800008DF90FAA10A911A81AF02AFA0EAA11A9D7
:10C810000DA81AF025FA11A81AF060F910A81AF05C
:10C820005DF90FA81AF05AF90EA81AF057F9079AED
:10C8300001230CA9CDE9002350460A9B0DAA0EF056
:10C8400063FB0DA81AF04AF90CA81AF047F905F68F
:10C850008C0205F61C0150460EF028F9089B032BAC
:10C860007FF46DAFBBF1180F25DCFF233246214664
:10C8700005F62C0019F0F4FD2B68254A5B689342FD
:10C880004FF00A003FF473AF01462846984770E71F
:10C8900005F50B6016F01CFF00283FF457AFBBF105
:10C8A000180F7FF756AF002F7FF453AF05E0002F2E
:10C8B0003FF472AF6CE7002FD7D1099B73B3FF230E
:10C8C0003246214605F62C0019F0CAFD089A2B685D
:10C8D000032A14BF14200A205B6844E7AFF30080EA
:10C8E00000CA9A3B00000000000064A7B3B6E00D48
:10C8F00030200020303A002065DF020051DF0200C6
:10C9000005E0020000E100E0B06D04007870040072
:10C9100001DF0200099B002B7FF41BAF09F0E4FB51
:10C9200001460CA81AF00EF91DF082FB38A3D3E9DA
:10C93000002306460F4628F0FBF90EA811461AF010
:10C94000EDF833A3D3E900233046394628F0F0F957
:10C950002FA3D3E9002328F0EBF90FA811461AF012
:10C96000DDF82DA3D3E900233046394628F0E0F95D
:10C97000014610A81AF0D2F80FAA10A911A81AF0AF
:10C980006FF90EAA11A90DA81AF06AF911A81AF0E8
:10C99000A5F810A81AF0A2F80FA81AF09FF80EA890
:10C9A0001AF09CF80024079B00930DAA0A9B01949F
:10C9B0000CA950460EF0A8FA0DA81AF08FF80CA892
:10C9C0001AF08CF811F098FA2B680F4A5B689342C2
:10C9D0000CD10A2013F064FF204619B0BDE8F08F97
:10C9E0004FF47A70136014F0D9FA08E628460A2149
:10C9F0009847204619B0BDE8F08F64212846984733
:10CA000089E60248704700BF01DF020016FCFFFF05
:10CA100000CA9A3B00000000000064A7B3B6E00D16
:10CA20002DE9F04F2DED028B044683B0C06827F04E
:10CA3000CDFD80462069894627F0C8FD82466069A1
:10CA40008B4627F0C3FD024601F1004306460F4620
:10CA50004046494625F028F828F01AF9E0620546D4
:10CA600024F0DAFE0190284624F08AFE019B054658
:10CA7000184627F0BDFD42464B4627F011FE804682
:10CA80002846894627F0B4FD32463B4627F008FE8B
:10CA900002460B464046494627F04AFC02460B46F2
:10CAA0005046594625F000F828F0F2F8002208EE2A
:10CAB000100A00233046394628F082F828B3B5EE34
:10CAC000C08AF1EE10FA1CDD11A7D7E9006718EE55
:10CAD000100A27F08DFD02460B463046394627F0F6
:10CAE00027FC32463B4627F025FC28F0D1F8A0620F
:10CAF000E38843F00203E38003B0BDEC028BBDE8A2
:10CB0000F08F05A7D7E90067E1E784ED0A8AEFE730
:10CB1000EA2E4454FB21F93FEA2E4454FB21F9BF8D
:10CB2000494A21F0004393422DE9704304460D46E3
:10CB300049DC464A93420E460EDC3FA3D3E900236C
:10CB400027F0F8FB0022424B28F03AF800284AD0A0
:10CB500020462946BDE870833E4A934239DCB3F152
:10CB6000804F40DD24F0FAFC2246804689462B4661
:10CB70002046294627F094FD0022354B27F0DAFBAA
:10CB800025F09AFD42464B4627F0D4FB02460B4661
:10CB900000202F4927F0AEFE424604460D464B4684
:10CBA0004046494627F0C6FB02460B46204629462A
:10CBB00027F0C0FB01F0A0FE002E08DC01F10043CD
:10CBC0001946BDE8708302460B4627F0B3FBBDE86B
:10CBD000708324F0C3FC01F08FFE19A3D3E9002376
:10CBE00027F0A8FBE8E722462B462046294627F0F7
:10CBF00057FD804689462046294624F0AFFC002296
:10CC000004460D46124B4046494627F093FB25F05B
:10CC100053FD00220E4B27F08DFB02460B4640468B
:10CC2000494627F067FE22462B4627F083FB00F09B
:10CC3000A7FAC1E7AFF300809C7500883CE4377E1B
:10CC4000EF39FAFE422EE63FFFFFEF7FFFFF2F3E58
:10CC50000000F03F0000B0412DE9F84FBE4B21F03D
:10CC600000469E4204460D468A460EDDBB4B9E4260
:10CC700000F3B18000F0AC80BAF1000F40F3EA801D
:10CC800099A1D1E90001BDE8F88FB54B9E4200F3B0
:10CC9000BA80A3F1DE739E4240F3A5804FF0FF3BC4
:10CCA00022462B462046294627F0FAFC02460B4630
:10CCB0008046894627F0F4FC8DA3D3E9002306467D
:10CCC0000F4627F0EDFC8CA3D3E9002327F032FBBD
:10CCD00032463B4627F0E4FC89A3D3E9002327F042
:10CCE00029FB32463B4627F0DBFC87A3D3E9002330
:10CCF00027F020FB32463B4627F0D2FC84A3D3E941
:10CD0000002327F017FB32463B4627F0C9FC82A3DD
:10CD1000D3E9002327F00EFB42464B4627F0C0FC28
:10CD20007FA3D3E90023804689463046394627F061
:10CD3000B7FC7DA3D3E9002327F0FAFA32463B463D
:10CD400027F0AEFC7AA3D3E9002327F0F1FA3246AC
:10CD50003B4627F0A5FC78A3D3E9002327F0E8FAA7
:10CD600032463B4627F09CFC75A3D3E9002327F00D
:10CD7000DFFA32463B4627F093FC02460B4640461C
:10CD8000494627F0D7FA22462B4627F089FCBBF10B
:10CD9000FF3F02460B4661D0724B734E4FEACB0BFE
:10CDA0005B44D3E9002327F0C3FA22462B4627F041
:10CDB000BFFAB34402460B46DBE9000127F0B8FA9C
:10CDC000BAF1000F0DDA01F100431946BDE8F88F02
:10CDD00000283FF451AF22462B462046294627F033
:10CDE000A9FABDE8F88F58A3D3E9002327F0A2FAE7
:10CDF00000225E4B27F0E4FE00283FF44FAF2046B0
:10CE00002946BDE8F88F24F0A9FB594B9E42044601
:10CE10000D4629DCA3F550239E424EDC02460B460C
:10CE200027F088FA0022514B27F082FA00220646AA
:10CE30000F464FF080432046294627F07BFA0246F2
:10CE40000B463046394627F055FD4FF0000B04469F
:10CE50000D4625E73EA1D1E90001C2E7204629465B
:10CE600027F066FABDE8F88F424B9E421ADC00229A
:10CE7000414B27F05DFA002206460F463E4B204606
:10CE8000294627F00DFC0022384B27F053FA0246C2
:10CE90000B463046394627F02DFD4FF0020B044675
:10CEA0000D46FDE602460B460020344927F022FDE0
:10CEB0004FF0030B04460D46F2E600222B4B27F001
:10CEC00037FA002206460F46284B2046294627F00F
:10CED00031FA02460B463046394627F00BFD4FF03B
:10CEE000010B04460D46DBE6182D4454FB21F93FA7
:10CEF00011DA22E33AAD903FEB0D76244B7BA93F4C
:10CF0000513DD0A0660DB13F6E204CC5CD45B73F19
:10CF1000FF8300922449C23F0D5555555555D53FC5
:10CF20002F6C6A2C44B4A2BF9AFDDE522DDEAD3FB9
:10CF30006D9A74AFF2B0B33F711623FEC671BC3F59
:10CF4000C4EB98999999C93F9C7500883CE4377E59
:10CF5000182D4454FB21F9BFFFFF0F440000F07F60
:10CF6000FFFFDB3FB05A0400905A04000000F03F7E
:10CF7000FFFFF23FFF7F03400000F83F0000F0BFDB
:10CF80002DE9F041C1F30A57A7F2FF35132D0246F0
:10CF90000B460C468846064620DC002D4ADB364F01
:10CFA0002F4101EA070C5CEA000C1CD030A3D3E946
:10CFB000002327F0BFF90022002327F001FE48B12B
:10CFC000002C04DD4FF4801343FA05F5A84428EA49
:10CFD0000704002621463046BDE8F081332D06DDEA
:10CFE000B5F5806F38D010461946BDE8F081A7F23C
:10CFF00013474FF0FF3C2CFA07F70742F3D01CA36E
:10D00000D3E9002327F096F90022002327F0D8FD6A
:10D010000028DFD0002C09DD142D22D00123C5F11A
:10D02000340503FA05F5AE1928BF984426EA070629
:10D030004446CFE70EA3D3E9002327F07BF9002273
:10D04000002327F0BDFD0028C4D0002C0CDB2643B4
:10D0500005D00026094CBDE727F06CF9C5E734463A
:10D06000B8E704F10108E1E700264FF00044B1E71A
:10D070009C7500883CE4377EFFFF0F000000F03F06
:10D080002DE9F041C1F30A57A7F2FF35132D0246EF
:10D090000B460C46884606461DDC002D3CDB364F11
:10D0A0002F4101EA070C5CEA000C19D030A3D3E948
:10D0B000002327F03FF90022002327F081FDC8B3A9
:10D0C000002C04DA4FF4801343FA05F5A84428EA4B
:10D0D000070400262EE0332D06DDB5F5806F2DD038
:10D0E00010461946BDE8F081A7F213474FF0FF3C08
:10D0F0002CFA07F70742F3D01DA3D3E9002327F04A
:10D1000019F90022002327F05BFD98B1002C21DBE8
:10D1100026EA070644460DE015A3D3E9002327F0CD
:10D1200009F90022002327F04BFD18B1002C08DB81
:10D130000026344621463046BDE8F08127F0FAF853
:10D14000D0E724F000430D4A1E43002E18BF1446BA
:10D150000026EFE7142D08D00123C5F1340503FAAA
:10D1600005F5AE1928BF9844D2E704F10108CFE7CE
:10D170009C7500883CE4377EFFFF0F000000F0BF85
:10D180002DE9F04FD84B994287B08046894643DD60
:10D19000D64B99420E4600F3F480D54B994240F3AA
:10D1A0002D819FEDBB7B8DED047B4FEA215A044618
:10D1B000AAF2FF3ACF4BC6F313069E4246F07F55C4
:10D1C00000F3128145F44015204629460022CA4B3F
:10D1D00027F0AEF8002204460D46C84B27F060FA4F
:10D1E00022462B4627F05CFAA046CDE90201A9466B
:10D1F000CDE90001002E3AD1002200232046294625
:10D2000027F0B6FC002800F01B81BAF1000F40F0B7
:10D21000858100200021B8E0B94B21F000449C42F8
:10D220000A460FDD0022B74B27F0A2FC002800F0D1
:10D23000AF80002200230020B34927F05BFB07B03A
:10D24000BDE8F08FB14B9C4240F3AF80B04B1A4425
:10D250009A4240F2D3800022A84B27F021FA42469E
:10D260004B4627F01DFACDE900014FF0000A0022DD
:10D270004FF080434046494627F05CF802460B4693
:10D280004046494627F036FB02460B4606460F4607
:10D2900027F006FA80A3D3E9002304460D4627F0C1
:10D2A000FFF97FA3D3E9002327F044F822462B4659
:10D2B00027F0F6F97CA3D3E9002327F03BF82246B8
:10D2C0002B4627F0EDF97AA3D3E9002327F032F8B3
:10D2D00022462B4627F0E4F977A3D3E9002327F071
:10D2E00029F822462B4627F0DBF975A3D3E9002362
:10D2F00027F020F822462B4627F0D2F972A3D3E973
:10D30000002327F017F822462B4627F0C9F9DDE95C
:10D31000002327F00FF832463B4627F0C1F90446B8
:10D320000D46BAF1000F00F0A880504627F04EF9E4
:10D3300067A3D3E9002382468B4627F0B1F966A3A1
:10D34000D3E9002306460F465046594627F0A8F970
:10D35000DDE9042326F0EEFF22462B4626F0EAFF05
:10D3600002460B46DDE9000126F0E2FF42464B464D
:10D3700026F0DEFF02460B463046394626F0D8FF3F
:10D3800003E002460B4626F0D5FF07B0BDE8F08F5C
:10D3900042464B464046494626F0CAFF02460B46E7
:10D3A00027F0A8FA07B0BDE8F08F0022594B26F00D
:10D3B000C1FF0022002327F003FC10B1564B9C4212
:10D3C00062DD42464B464046494627F069F9002255
:10D3D0004A4B27F065F902460B464046494626F07F
:10D3E000A7FF07B0BDE8F08F45F40015C6F580161D
:10D3F00020462946B6100AF1010AE7E600223E4B14
:10D400004046494626F096FF4FEA215AAAF2FF3AD3
:10D41000BAF1000F04460D460E4640F3BD80424669
:10D420004B4626F085FF02460B460020324926F087
:10D430007FFF22462B4627F05DFACDE90401B9E6CD
:10D4400027A3D3E900232046294627F029F90246DD
:10D450000B460020284926F06BFFDDE9022327F068
:10D460001FF906460F46BAF1000F75D102460B466A
:10D470002046294626F05CFF87E702460B46DDE999
:10D48000000126F055FFA6E7404649467DE700BF6C
:10D49000000000000000000044523EDF12F1C23FD5
:10D4A0009FC678D0099AC33FDE03CB966446C73F38
:10D4B000AF788E1DC571CC3F599322942449D23F39
:10D4C00004FA97999999D93F935555555555E53F84
:10D4D0000000E0FE422EE63F763C7935EF39EA3D2A
:10D4E000555555555555E53F7982DA3FFFFFEF7F9A
:10D4F000FFFF3F439DA006000000F03F0000E03F1B
:10D50000FFFFEF3F0000F0BF000050C3FFFF1F3ED2
:10D510003C412D4000005043FFFF8F3C504627F018
:10D5200055F824A3D3E9002306460F4627F0B8F8A0
:10D53000DDE9042326F0FEFE20A3D3E90023044600
:10D540000D463046394627F0ABF802460B462046DA
:10D55000294626F0EFFE18E7504627F037F817A3C4
:10D56000D3E9002382468B4627F09AF811A3D3E92A
:10D570000023804689465046594627F091F8DDE958
:10D58000042326F0D7FE02460B463046394626F0E5
:10D59000CFFE22462B4674E70022054B26F0C8FE3C
:10D5A00002460B464046494626F0C2FE41E700BF10
:10D5B0000000F03F763C7935EF39EA3D0000E0FEAF
:10D5C000422EE63F0000000008B524F03BFB04A318
:10D5D000D3E9002327F08EF908BD00BFAFF3008028
:10D5E000EF39FAFE422EE63F2DE9F043DFF8B48032
:10D5F0008BB004460D4600F057FF98F90030013318
:10D6000006460F462CD022462B462046294627F0B8
:10D61000E1FA814620BB2046294623F09FFF1FA345
:10D62000D3E9002327F0CCFAD0B1194A98F9003099
:10D63000CDF820900321CDE90445CDE90245CDE99F
:10D64000001293B113490020022BCDE9060111D13C
:10D6500026F0E6FD22230360089B9BB9DDE90667FF
:10D66000304639460BB0BDE8F0830B4B4FF06042BB
:10D67000CDE90623684626F07FFA0028E8D0089B0B
:10D68000002BEBD026F0CCFD089B0360E6E700BF43
:10D69000408404000000F07FFFFFEF477DF8B98F62
:10D6A000CE3386407A2300202DE9F043DFF8E48072
:10D6B0008BB004460D4600F0A7FF98F90030013307
:10D6C00006460F4633D02046294626F04FFA70B35F
:10D6D0002CA3D3E900232046294627F071FA81467E
:10D6E00050BB2AA3D3E900232046294627F04AFA53
:10D6F000E8B198F90030204ACDF8209000200021B0
:10D700000426022BCDE90445CDE902450096CDE97A
:10D710000601019229D0684626F02EFA28B3089B0C
:10D720001BB126F07DFD089B0360DDE906673046EE
:10D7300039460BB0BDE8F0830F4A98F900300192EA
:10D7400003210022CDE90445CDE90245009108926C
:10D750002BB90A4B4FF06042CDE90623DBE70849BD
:10D760000020022BCDE90601D5D126F059FD222358
:10D770000360D4E7AFF3008048840400FFFFEF4765
:10D780000000F07FEF39FAFE422E864051302DD551
:10D79000104987C07A2300202DE9F84FC44E21F0AC
:10D7A0000043B34204460D460DDD03F1404303F54B
:10D7B0008013034340F0B980002940F340810020EA
:10D7C0000021BDE8F88FBB4EB34208DCBA4A934251
:10D7D00000F3B5809CA1D1E90001BDE8F88F0029D4
:10D7E000C0F2708102460B460020B44926F0A0FD2D
:10D7F0000022B34B26F054FF04460D4624F05CFF94
:10D8000093A3D3E90023894680462946204626F083
:10D8100047FF91A3D3E9002326F08CFD22462B4637
:10D8200026F03EFF8EA3D3E9002326F081FD224699
:10D830002B4626F035FF8CA3D3E9002326F07AFD92
:10D8400022462B4626F02CFF89A3D3E9002326F09D
:10D850006FFD22462B4626F023FF87A3D3E9002342
:10D8600026F068FD22462B4626F01AFF84A3D3E952
:10D87000002382468B462046294626F011FF82A3CC
:10D88000D3E9002326F054FD22462B4626F008FF5C
:10D890007FA3D3E9002326F04DFD22462B4626F038
:10D8A000FFFE7DA3D3E9002326F042FD22462B464E
:10D8B00026F0F6FE0022814B26F03CFD02460B4688
:10D8C0005046594627F016F842464B4626F0E8FEE9
:10D8D000002682468B4632464B463046494626F065
:10D8E000DFFE02460B462046294626F021FD324641
:10D8F00004460D464B464046494626F01BFD02466F
:10D900000B462046294626F0F5FF02460B465046B8
:10D91000594626F00FFD32464B4626F00BFD0246D7
:10D920000B4626F007FDBDE8F88F02460B4626F0B1
:10D93000FFFC02460B4626F0DDFFBDE8F88F0246ED
:10D940000B4626F0ADFE42A3D3E9002306460F4660
:10D9500026F0A6FE40A3D3E9002326F0EBFC3246D6
:10D960003B4626F09DFE3EA3D3E9002326F0E0FCD3
:10D9700032463B4626F094FE3BA3D3E9002326F033
:10D98000D9FC32463B4626F08BFE39A3D3E900236F
:10D9900026F0CEFC32463B4626F082FE36A3D3E983
:10D9A000002326F0C7FC32463B4626F079FE34A31E
:10D9B000D3E90023804689463046394626F070FE7A
:10D9C00031A3D3E9002326F0B3FC32463B4626F0D0
:10D9D00067FE2FA3D3E9002326F0ACFC32463B467A
:10D9E00026F05EFE2CA3D3E9002326F0A1FC3246EC
:10D9F0003B4626F055FE0022304B26F09BFC0246AB
:10DA00000B464046494626F075FF22462B4626F037
:10DA100047FE02460B4622A1D1E9000126F088FC10
:10DA200002460B462046294626F082FC02460B465B
:10DA300005A1D1E9000126F07BFCBDE8F88F1AA111
:10DA4000D1E9000179E700BF182D4454FB21F93FCB
:10DA500009F7FD0DE13D023F88B20175E0EF493F56
:10DA60003B8F68B52882A43F5544880E55C1C93FF5
:10DA70007D6FEB0312D6D43F555555555555C53FCF
:10DA800082922EB1C5B8B33F59018D1B6C06E63F9B
:10DA9000C88A599CE52A00404B2D8A1C273A03402E
:10DAA000075C143326A6913C182D4454FB210940F1
:10DAB000FFFFEF3FFFFFDF3F0000603C0000F03F53
:10DAC0000000E03F00225C4B26F034FC00225B4B60
:10DAD00026F0E6FD40A3D3E9002304460D4626F0D8
:10DAE000DFFD3FA3D3E9002326F024FC22462B468A
:10DAF00026F0D6FD3CA3D3E9002326F019FC2246EC
:10DB00002B4626F0CDFD3AA3D3E9002326F012FCE4
:10DB100022462B4626F0C4FD37A3D3E9002326F086
:10DB200007FC22462B4626F0BBFD35A3D3E9002394
:10DB300026F000FC22462B4626F0B2FD80468946A0
:10DB40002046294624F0B8FD2FA3D3E9002306463A
:10DB50000F462046294626F0A3FD2DA3D3E9002336
:10DB600026F0E6FB22462B4626F09AFD2AA3D3E9AF
:10DB7000002326F0DFFB22462B4626F091FD28A34A
:10DB8000D3E9002326F0D4FB22462B4626F088FD5D
:10DB90000022294B26F0CEFB02460B464046494662
:10DBA00026F0A8FE32463B4626F07AFD1EA3D3E9B6
:10DBB000002326F0BDFB32463B4626F0BBFB024667
:10DBC0000B4626F0B7FB02460B4619A1D1E900012E
:10DBD00026F0AEFBB1E600BF09F7FD0DE13D023FC7
:10DBE00088B20175E0EF493F3B8F68B52882A43FBA
:10DBF0005544880E55C1C93F7D6FEB0312D6D43F03
:10DC0000555555555555C53F82922EB1C5B8B33FB0
:10DC100059018D1B6C06E63FC88A599CE52A0040D5
:10DC20004B2D8A1C273A0340075C143326A6913CEF
:10DC3000182D4454FB2109400000F03F0000E03F54
:10DC4000414A91422DE9F84304460D4637DD3F4AEB
:10DC500091420B4608DD02F1795291423DDD0246C8
:10DC600026F068FBBDE8F88301F1404202F580121E
:10DC700002432ED0B1F1804F37DC0022344B26F026
:10DC800057FB02460B4604460D4626F053FB224640
:10DC900006460F462B462046294626F001FD024641
:10DCA0000B463046394626F045FB24F005FD22465A
:10DCB0002B4626F03FFBBDE8F843FFF761BA02466A
:10DCC0000B4626F035FB02460B4626F013FEBDE858
:10DCD000F88300200021BDE8F88300F00DFE18A3B2
:10DCE000D3E9002326F026FBF1E7024626F0D8FC14
:10DCF0000022174B26F01CFB24F0DEFC2246804657
:10DD000089462B462046294626F014FB2246064625
:10DD10000F462B464046494626F00CFB02460B4672
:10DD200000200B4926F0E6FD0B46024639463046F8
:10DD300026F0FEFABDE8F84300F0DEBDAFF3008048
:10DD4000EF39FAFE422EE63FFFFFEF3FFFFFAF4104
:10DD50000000F03F000000002DE9F04FAE4B21F035
:10DD600000479F4287B004460D4611DD07F140474A
:10DD700007F5801703463B4321D002460B4626F0A9
:10DD8000D7FA02460B4626F0B5FD07B0BDE8F08F86
:10DD9000A24B9F420E4629DCB7F1795F80F24681A3
:10DDA00081A3D3E9002326F0C5FA00229C4B26F07C
:10DDB00007FFD8B12046294607B0BDE8F08F7CA305
:10DDC000D3E9002326F06CFC7BA3D3E900230646AD
:10DDD0000F462046294626F063FC02460B46304695
:10DDE000394626F0A7FA07B0BDE8F08F204629464D
:10DDF00023F0B4FB02460B460020894926F098FA2E
:10DE00000022884B26F04CFC6DA3D3E90023044686
:10DE10000D4626F045FC6CA3D3E9002326F08AFAD0
:10DE200022462B4626F03CFC69A3D3E9002326F0CA
:10DE30007FFA22462B4626F033FC67A3D3E9002362
:10DE400026F078FA22462B4626F02AFC64A3D3E972
:10DE5000002326F06DFA22462B4626F021FC62A311
:10DE6000D3E9002326F066FA22462B4626F018FC5A
:10DE70005FA3D3E90023CDE900012046294626F01F
:10DE80000FFC5DA3D3E9002326F052FA22462B466D
:10DE900026F006FC5AA3D3E9002326F04BFA2246CB
:10DEA0002B4626F0FDFB58A3D3E9002326F040FAC9
:10DEB00022462B4626F0F4FB594B002226F03AFA74
:10DEC00082468B4620462946CDE902AB24F0F4FB7E
:10DED000554B9F428046894600F3198102460B4606
:10DEE00026F028FADDE90223CDE90401DDE900018D
:10DEF00026F000FD02460B46DDE9040126F0D0FBCA
:10DF00004FF0000ACDE9000152464B4650464946C3
:10DF100026F0C6FB02460B462046294626F008FAA4
:10DF2000524604460D464B464046494626F002FA04
:10DF300002460B462046294626F0DCFC02460B46EC
:10DF400026F0F8F902460B461BA1D1E9000126F0A4
:10DF5000EFF902460B46DDE9000126F0E9F95246E9
:10DF600004460D464B465046494626F0E3F9024624
:10DF70000B4627A1D1E9000126F0DAF902460B464B
:10DF80002046294626F0D4F902460B4620A1D1E9C5
:10DF9000000126F0CDF9002E3FF7F7AE01F1004366
:10DFA0001946F2E6AFF300809C7500883CE4377EAA
:10DFB000182D4454FB21F93F075C143326A6913CED
:10DFC00009F7FD0DE13D023F88B20175E0EF493FE1
:10DFD0003B8F68B52882A43F5544880E55C1C93F80
:10DFE0007D6FEB0312D6D43F555555555555C53F5A
:10DFF00082922EB1C5B8B33F59018D1B6C06E63F26
:10E00000C88A599CE52A00404B2D8A1C273A0340B8
:10E01000182D4454FB21E93FFFFFEF3FFFFFDF3F97
:10E020000000F03F0000E03F3233EF3F02460B4676
:10E0300026F036FB4BA3D3E9002306460F4626F015
:10E040002FFB4AA3D3E9002326F074F932463B465E
:10E0500026F026FB47A3D3E9002326F069F93246D0
:10E060003B4626F01DFB45A3D3E9002326F062F9C9
:10E0700032463B4626F014FB42A3D3E9002326F0A8
:10E0800057F932463B4626F00BFB40A3D3E9002369
:10E0900026F050F932463B4626F002FB3DA3D3E979
:10E0A0000023804689463046394626F0F9FA3BA3DC
:10E0B000D3E9002326F03CF932463B4626F0F0FA3D
:10E0C00038A3D3E9002326F035F932463B4626F043
:10E0D000E7FA36A3D3E9002326F02AF932463B4675
:10E0E00026F0DEFA00221E4B26F024F902460B46EB
:10E0F0004046494626F0FEFB22462B4626F0D0FA43
:10E1000022462B4626F016F907B0BDE8F08F52469E
:10E110005B46DDE9000126F0EDFB42464B4626F06A
:10E12000BFFA42464B4626F005F902460B4626F05A
:10E1300001F907A3D3E9002326F0FAF802460B46BB
:10E1400005A1D1E9000126F0F3F824E7AFF3008040
:10E15000075C143326A6913C182D4454FB21F93F4B
:10E160000000F03F09F7FD0DE13D023F88B2017567
:10E17000E0EF493F3B8F68B52882A43F5544880EA5
:10E1800055C1C93F7D6FEB0312D6D43F5555555548
:10E190005555C53F82922EB1C5B8B33F59018D1B6D
:10E1A0006C06E63FC88A599CE52A00404B2D8A1C24
:10E1B000273A0340000000002DE9F84F1D46534266
:10E1C000134325F00049DFF8C8C149EAD37363451A
:10E1D000144606460F4626D8C0F1000848EA000853
:10E1E00021F0004A4AEAD878E04503468B461AD81F
:10E1F00005F1404808F5801858EA0208AE4643D0B9
:10E200004FEAA57808F002085AEA030348EAD178F1
:10E2100011D1B8F1020F55D0B8F1030F09D14AA1BD
:10E22000D1E9000105E032463B462046294626F06A
:10E2300081F8BDE8F88F59EA020329D0E1452ED0D4
:10E24000E24525D0AAEB09094FEA2959B9F13C0F5B
:10E250003CDC002D3EDA19F13C0F3BDA00200021B6
:10E26000B8F1010F4ED0B8F1020F3ED0B8F1000F57
:10E27000DFD037A3D3E9002326F05AF836A3D3E939
:10E28000002326F055F8D4E7BDE8F84FFEF7E4BCCC
:10E29000BBF1000F12DB32A1D1E90001C9E7CA4589
:10E2A00034D0B8F1020F0DD0B8F1030FB7D0B8F1E8
:10E2B000010F4FF0000036D00021BAE72AA1D1E9C2
:10E2C0000001B6E724A1D1E90001B2E724A1D1E918
:10E2D0000001C5E722462B463046394626F00AFBA8
:10E2E00023F03CF9FEF7B8FCBAE719A3D3E9002301
:10E2F00026F01EF802460B4617A1D1E9000126F0D0
:10E3000017F896E701F10043194692E7B8F1020FBA
:10E3100014D0B8F1030F0DD0B8F1010F06D014A13D
:10E32000D1E9000185E74FF0004182E712A1D1E970
:10E3300000017EE712A1D1E900017AE712A1D1E93B
:10E34000000176E7AFF30080182D4454FB2109C08B
:10E35000075C143326A6A13C182D4454FB21094028
:10E36000182D4454FB21F93F182D4454FB21F9BFCB
:10E37000182D4454FB21E93F182D4454FB21E9BFDB
:10E38000D221337F7CD902C0D221337F7CD9024095
:10E390000000F07F0000000043422DE9F0470343F6
:10E3A00021F000463C4A46EAD373934204460D46A8
:10E3B0002AD8964240D0394B9E428A462EDD384BB1
:10E3C0009E4235463FDD33460246314625F0B2FFD8
:10E3D000224606460F462B4600202F4925F0A8FF6F
:10E3E00002460B463046394626F084FAFEF7C8FE50
:10E3F00000222C4B26F054F9BAF1000F0CDA01F18F
:10E4000000431946BDE8F08702460B4625F090FF11
:10E4100002460B4626F06EFABDE8F0871CA3D3E94E
:10E42000002325F087FF0022002326F0C9FB48B116
:10E4300020462946BDE8F0870022002326F05AFA3C
:10E44000BDE8F087354622462B462046294625F072
:10E4500071FF22462B4606460F4626F021F922463A
:10E46000804689462B4600200B4925F061FF024675
:10E470000B464046494626F03DFA32463B4625F0DB
:10E4800059FFFEF77DFE0022064B26F009F9B3E79F
:10E490009C7500883CE4377E0000F03FFFFF2F3E74
:10E4A000FFFFDF3F0000E03F2DE9F8434E4B21F036
:10E4B00000449C4206460F461BDC4C4B9C4222DD2E
:10E4C0004B4B9C4254DD4B4B9C4246DD4A4B9C429D
:10E4D0006FDD01339C4269D041A3D3E9002310468C
:10E4E000194626F0DDF806460F4630463946BDE8A7
:10E4F000F88302460B4626F0D3F806460F46304610
:10E500003946BDE8F88323F029F801F0F9FE00222E
:10E510003A4B8046894625F00DFFB4F1725F0646FE
:10E520000F46ECDB42464B464046494626F0B8F8DB
:10E5300032463B4604460D463046394625F0FAFE43
:10E5400002460B462046294626F0D4F900222B4BE2
:10E5500025F0F0FE06460F46D1E722F0FFFF00F05F
:10E5600053F80022264B26F09BF806460F46C6E7D6
:10E5700022F0F4FF00F048F80022214B06460F4637
:10E5800026F08EF8324604460D463B4600201C49D4
:10E5900026F0B0F902460B462046294625F0CAFE71
:10E5A00006460F4630463946BDE8F883154B98427B
:10E5B00092D83046394622F0D1FF0022104B26F087
:10E5C0006FF800F021F8002204460D460C4B26F0AF
:10E5D00067F822462B4626F063F806460F468EE77C
:10E5E0009C7500883CE4377EFFFFEF7F422ED63FCC
:10E5F000FFFF3540412E8640CD3386400000F03F7E
:10E600000000E03F7DF8B98F2DE9F047B04F21F0D1
:10E610000042BA4284B004460D464FEAD17610D982
:10E62000AC4FBA4240F28A80C1F31303034302465F
:10E6300040F0F180002E7ED00020002104B0BDE823
:10E64000F087A54B9A4200F2B680A44B9A4240F262
:10E65000D1804FF0000A22462B462046294626F05C
:10E660001FF885A3D3E9002306460F4626F018F8C5
:10E6700083A3D3E9002325F05BFE32463B4626F018
:10E680000FF881A3D3E9002325F054FE32463B4620
:10E6900026F006F87EA3D3E9002325F049FE324692
:10E6A0003B4625F0FDFF7CA3D3E9002325F042FE85
:10E6B00032463B4625F0F4FF02460B4620462946EB
:10E6C00025F036FE02460B4606460F4620462946F2
:10E6D00025F0E6FF80468946BAF1000F00F0AB80D6
:10E6E00032463B4600204FF0804125F021FE024695
:10E6F0000B464046494626F0FDF802460B46DDE94A
:10E70000020125F015FEDDE9002325F011FE0B4680
:10E7100002467349002025F00BFE6FF47F739A4583
:10E7200080F2A3800AF57A7A01EB0A5100224FF0B9
:10E73000B87325F0B5FF04B0BDE8F08758A3D3E95E
:10E74000002326F03DFA00286BD157A3D3E900231C
:10E750002046294626F016FA00287FF46DAF61495D
:10E7600053A3D3E9002301EBC6062046294625F032
:10E7700097FFD6E9002325F0DDFD26F041FA824619
:10E7800025F024FF4CA3D3E9002306460F4625F0CD
:10E7900087FF02460B462046294625F0C9FD48A3BF
:10E7A000D3E90023CDE900013046394625F078FF52
:10E7B000CDE9020115E04C4B9A42D0D84B4BF40006
:10E7C0002344D3E9002325F0B3FD494B234493EDC3
:10E7D000007BCDE900018DED027BC6F1010AAAEBB9
:10E7E000060ADDE90223DDE9000125F0A1FD04466A
:10E7F0000D4630E734A3D3E9002325F09BFD00222A
:10E80000374B26F0DDF9A8B3204629460022344BC9
:10E8100025F090FD8FE70B4625F08CFD04B0BDE898
:10E82000F08729A3D3E900231046194625F038FFC5
:10E8300004B0BDE8F0873046394600224FF08043EF
:10E8400025F076FD02460B464046494626F052F832
:10E8500022462B4625F06CFD02460B46002020493F
:10E8600025F066FD04B0BDE8F08701EB0A5104B065
:10E87000BDE8F0878246EEE6D0A4BE726937663EF8
:10E88000F16BD2C541BDBB3E2CDE25AF6A56113FB0
:10E8900093BDBE166CC1663F3E5555555555C53F97
:10E8A000EF39FAFE422E864051302DD5104987C0EF
:10E8B000FE822B654715F73F0000E0FE422EE63F43
:10E8C000763C7935EF39EA3D9C7500883CE4377E2B
:10E8D000412E8640FFFFEF7F422ED63FFFFF2F3EA7
:10E8E0000000F03FD05A0400B1A2F03FE05A04000B
:10E8F000F05A0400000000002DE9F04FB1F5801F30
:10E9000085B006460F460B4680F2D08021F00042CB
:10E91000024300F0DA800029C0F2E9800022D64BE1
:10E9200025F0BEFED54A0B46934206460F466FF0D1
:10E93000350E00F3C180C3F3130505F5152C0CF655
:10E94000647C0CF4801C8CF07F5282F440121C1505
:10E9500042EA0507A4F2FF3474440022C84B304653
:10E96000394604EB1C5425F0E3FCAB1CC3F3130342
:10E97000022B82468B464FF0000240F3AF804FF0EF
:10E98000804325F0D7FC02460B465046594625F0F9
:10E99000B1FF064620460F4625F018FE3246CDE967
:10E9A00002013B4630463946CDE9006725F078FE46
:10E9B00002460B468046894625F072FE9AA3D3E9AB
:10E9C000002306460F4625F06BFE99A3D3E90023EA
:10E9D00025F0B0FC32463B4625F062FE96A3D3E913
:10E9E000002325F0A7FC32463B4625F059FE94A3B0
:10E9F000D3E9002325F09EFC42464B4625F050FE0D
:10EA000091A3D3E90023804689463046394625F054
:10EA100047FE8FA3D3E9002325F08CFC32463B460A
:10EA200025F03EFE8CA3D3E9002325F083FC32467B
:10EA30003B4625F035FE0B4602464946404625F04A
:10EA400079FCA5F5C223C5F5D725A3F27A43513544
:10EA50001D43002D06460F4640F387800022894B58
:10EA60005046594625F01CFE52465B4625F018FEDE
:10EA700002460B46804689463046394625F05AFC08
:10EA8000DDE9002325F00CFE06460F46002C40F081
:10EA9000818002460B464046494625F049FC024625
:10EAA0000B465046594625F043FC0BE0734A93420F
:10EAB0004FF0000E7FF73FAF32463B4630463946B7
:10EAC00025F038FC05B0BDE8F08F002200230020BF
:10EAD0006D4925F00FFF05B0BDE8F08F002326F04B
:10EAE00047F860B1002C7CD100200021EAE7024603
:10EAF00025F01EFC0022002325F0FCFEE2E758A3CF
:10EB0000D3E900235046594625F0CAFD02460B467C
:10EB100000205C4925F00CFC524606460F465B4639
:10EB20005046594625F0BCFD02460B463046394654
:10EB300025F0B6FD06460F462CB3204625F046FDCF
:10EB400049A3D3E900238046894625F0A9FD48A3BF
:10EB5000D3E9002304460D464046494625F0A0FD72
:10EB600002460B46304639462CE002460B465046DC
:10EB7000594625F0DDFBDDE9002325F091FD064631
:10EB80000F46002C47D132463B465046594625F0A9
:10EB9000CFFB97E734A3D3E90023DDE9020125F099
:10EBA0007FFD33A3D3E9002304460D46DDE90201CE
:10EBB00025F076FD32463B4625F0BCFB02460B466F
:10EBC0004046494625F0B4FB52465B4625F0B0FB73
:10EBD00002460B462046294625F0AAFB05B0BDE8B3
:10EBE000F08F204625F0F2FC1FA3D3E90023064650
:10EBF0000F4625F055FD1EA3D3E9002304460D461C
:10EC00003046394625F04CFD02460B462046294643
:10EC100025F090FB56E7DDE9028913A3D3E9002331
:10EC20004046494691E700BF44523EDF12F1C23FE1
:10EC3000DE03CB966446C73F599322942449D23FC2
:10EC4000935555555555E53F9FC678D0099AC33F12
:10EC5000AF788E1DC571CC3F04FA97999999D93F29
:10EC6000555555555555D53F0000E0FE422EE63F1F
:10EC7000763C7935EF39EA3D00005043FFFFEF7FE6
:10EC80000000F03F0000E03F000050C30000000023
:10EC9000B1F5801F2DE9F84304460D460B4619DAFD
:10ECA00021F00042024359D000295FDB00223A4B99
:10ECB00025F0F6FC394A0D462B46934204466FF088
:10ECC00035010CDD22462B462046294625F032FB35
:10ECD000BDE8F883314A93424FF00001F2DC181589
:10ECE000A0F2FF3008444FEAD0794844C3F3130838
:10ECF00025F06CFCC9F57F73033348EA03550646DB
:10ED00000F4620462946FFF7F7FD1DA3D3E9002350
:10ED1000804689463046394625F0C2FC1AA3D3E91D
:10ED2000002304460D464046494625F0B9FC0246FC
:10ED30000B462046294625F0FDFA15A3D3E900230A
:10ED400004460D463046394625F0AAFC02460B46DD
:10ED50002046294625F0EEFABDE8F883002200237C
:10ED600000200F4925F0C6FDBDE8F883024625F0D6
:10ED7000DFFA0022002325F0BDFDA9E7AFF30080F4
:10ED8000362BF111F3FE593D0EE526157BCBDB3F0B
:10ED900000609F501344D33F00005043FFFFEF7FBC
:10EDA000000050C3000000002DE9F047CA4B21F0DD
:10EDB00000479F4290B08046894640F38F80C74B02
:10EDC0009F420C46924626DC0029B9A3D3E90023D2
:10EDD00040F38F8025F0ACFAC14B9F4204460D46AC
:10EDE00000F04781B4A3D3E9002325F0A1FA02463D
:10EDF0000B46CAE900232046294625F099FAAEA31E
:10EE0000D3E9002325F094FA0125CAE90201284636
:10EE100010B0BDE8F087B34B9F4240F38980B24BFE
:10EE20009F4200F31C813D15A5F21645A7EB055343
:10EE300019461F46064625F0E3FE25F0C7FB80462F
:10EE4000894642464B4630463946CDE90A8925F087
:10EE50006FFA0022A54B25F023FC8946804625F059
:10EE6000CFFE25F0B3FB06460F4632463B464046F2
:10EE70004946CDE90C6725F05BFA00229B4B25F053
:10EE80000FFC00220023CDE90E0125F071FE0028C1
:10EE900000F06081002330463946002225F068FEEC
:10EEA000002814BF01230223914A019202212A461D
:10EEB00000910AA8514600F087FB002C054614DAA1
:10EEC000DAF80420DAF80C3002F1004203F10043D2
:10EED0004542CAF80420CAF80C3006E000200021A0
:10EEE000C2E90089C2E902010025284610B0BDE848
:10EEF000F08725F01FFA7A4B9F4204460D4600F03A
:10EF00000B816DA3D3E9002325F014FA02460B46CA
:10EF1000CAE900232946204625F00AFA66A3D3E968
:10EF2000002325F007FA4FF0FF35CAE90201DCE7BC
:10EF300022F014FB62A3D3E900238046894625F022
:10EF4000AFFB00226B4B25F0F5F925F059FE054685
:10EF500025F03CFB56A3D3E90023CDE9060125F0BB
:10EF60009FFB02460B464046494625F0E1F952A375
:10EF7000D3E9002380468946DDE90601CDE902890F
:10EF800025F08EFB1F2D02460B46CDE9042340F3EE
:10EF9000B380DDE90423DDE9020125F0C9F98046EB
:10EFA00089463F15C9F30A53FB1A102B40F3B18071
:10EFB00045A3D3E90023DDE9060125F071FB804676
:10EFC000894602460B46DDE9020125F0B1F9024609
:10EFD0000B46DDE90201CDE9082325F0A9F94246F7
:10EFE0004B4625F0A5F93AA3D3E90023804689468C
:10EFF000DDE9060125F054FB42464B4625F098F921
:10F000000B46CDE904010246DDE9080125F090F93F
:10F01000C1F30A53FF1A312F8046894600F39C80C2
:10F020009DED087BCAE900898DED027B42464B4687
:10F03000DDE9020125F07CF9DDE9042325F078F90A
:10F04000002CCAE90201BFF650AF09F1004401F1FA
:10F0500000436D42CAE90084CAE9020345E702465B
:10F060000B4625F065F90025CAE90201CAE900014D
:10F070003BE715A3D3E9002325F05AF914A3D3E9FC
:10F0800000230D46044625F053F902460B46CAE913
:10F0900000232946204625F04BF90DA3D3E9002390
:10F0A00025F046F90125CAE902011EE7AFF3008009
:10F0B00000004054FB21F93F3163621A61B4D03D36
:10F0C00083C8C96D305FE43F0000601A61B4D03D71
:10F0D0007370032E8A19A33BFB21E93F7BD90240C1
:10F0E000FB21F93FFB213941FFFFEF7F0000704119
:10F0F000088504000000E03F4046494625F018F925
:10F10000394B6A1E804653F82230BB4289463FF491
:10F1100048AFCAE9008989E72BA3D3E9002325F08A
:10F1200009F92BA3D3E900230D46044625F002F983
:10F1300002460B46CAE900232946204625F0F8F886
:10F1400023A3D3E9002325F0F5F84FF0FF35CAE9F2
:10F150000201CAE60323A7E61FA3D3E90023DDE9E2
:10F16000060125F09DFA06460F4602460B46DDE9EC
:10F17000080125F0DDF88046894602460B46DDE9A8
:10F180000801CDE9028925F0D3F832463B4625F047
:10F19000CFF813A3D3E9002306460F46DDE90601A5
:10F1A00025F07EFA32463B4625F0C2F802460B4671
:10F1B00040464946CDE9042325F0BAF88046894601
:10F1C000A7E700BFAFF300800000601A61B4D03D34
:10F1D0007370032E8A19A33B0000002E8A19A33BEB
:10F1E000C14920259A837B398884040000000000EF
:10F1F000574A2DE9F84F21F00048904506460F4642
:10F200002CDC544B0029B4BF534D544D98454FF05E
:10F21000000411DC524B984526DC4BA3D3E90023B4
:10F2200025F088F800224F4B25F0CAFC002840D07A
:10F2300030463946BDE8F88F4B4B984530DD4B4B97
:10F24000984568DD0133984562D0304639463EA383
:10F25000D3E9002325F024FABDE8F88F02460B46D7
:10F2600025F068F8BDE8F88F22F078F901F048F849
:10F270003F4B984506460F4623DD0022394B25F0CB
:10F2800059F802460B463046394625F033FB3246E4
:10F290003B4625F04FF822462B4625F001FAE1E7E0
:10F2A00022F05CF9FFF7B0F922462B4625F0F8F979
:10F2B000D8E73046394622F051F901F021F80646E8
:10F2C0000F4632463B463046394625F033F8324643
:10F2D00082468B463B463046394625F0E1F900220E
:10F2E000804689461F4B3046394625F023F80246B2
:10F2F0000B464046494625F0FDFA02460B4650466D
:10F30000594625F015F822462B4625F0C9F9A9E7FC
:10F31000184B984299D83046394622F01FF90022FE
:10F320000E4B25F0BDF9FFF76FF906460F46024672
:10F330000B462046294625F0B3F932463B4625F0D8
:10F34000AFF98FE7AFF300803374AC3C1F7BAC7F29
:10F35000FFFFEF7FFFFF35400000E0BF0000E03F10
:10F36000FFFF2F3E0000F03F412E8640CD33864008
:10F37000FFFFEF3F7DF8B98F2DE9F04F21F00048F6
:10F38000B8F1795F85B006460F4692469B466BDA28
:10F3900025F036FC002800F0E18032463B4630463E
:10F3A000394625F07DF974A3D3E9002304460D46C0
:10F3B00025F076F972A3D3E9002324F0BBFF22469F
:10F3C0002B4625F06DF970A3D3E9002324F0B0FF9C
:10F3D00022462B4625F064F96DA3D3E9002324F0DF
:10F3E000A9FF22462B4625F05BF96BA3D3E9002346
:10F3F00024F09EFF22462B4625F052F968A3D3E95C
:10F40000002324F097FF22462B4625F049F9CDE949
:10F4100000010022664B2046294625F041F9DDE92E
:10F420000023804689462046294625F039F9524670
:10F4300004460D465B463046394625F031F9024612
:10F440000B462046294624F073FF02460B464046F1
:10F45000494624F06DFF02460B460020554924F032
:10F4600067FF05B0BDE8F08F02460B4625F018F99E
:10F4700041A3D3E9002304460D4625F011F940A32A
:10F48000D3E9002324F056FF22462B4625F008F945
:10F490003DA3D3E9002324F04BFF22462B4625F061
:10F4A000FFF83BA3D3E9002324F044FF22462B4678
:10F4B00025F0F6F838A3D3E9002324F039FF2246DB
:10F4C0002B4625F0EDF836A3D3E9002324F032FFD4
:10F4D0002B46224625F0E4F8374B9845CDE900014C
:10F4E00097DD364B98453EDCA8F50013002200203E
:10F4F00030499046994624F01BFFCDE902010022D5
:10F500002B4B2046294625F0CBF842464B4624F0AB
:10F510000FFFDDE90023804689462046294625F075
:10F52000BFF8524604460D465B463046394625F044
:10F53000B7F802460B462046294624F0F9FE02465B
:10F540000B464046494624F0F3FE02460B46DDE9F1
:10F55000020124F0EDFE05B0BDE8F08F1549002052
:10F5600005B0BDE8F08F9FED107B4FF000088DEDEA
:10F57000027BDFF84C90C2E7D43888BEE9FAA8BD18
:10F58000C4B1B4BD9EEE213EAD529C804F7E923EF2
:10F590009015CB19A001FA3E7751C1166CC1563FA8
:10F5A0004C5555555555A53F000000000000E73F5C
:10F5B0000000E03F0000F03F3233D33F0000E93F5E
:10F5C0000000D23F000000002DE9F04FADF5197D9D
:10F5D000BE4CA29EBE4D54F826600793D41E85FBF8
:10F5E0000475E417C4EBA50424EAE4741D46631C07
:10F5F000A3EB8303013D02EBC30305937319049648
:10F600000994019503900B91A4EB05071AD43B4490
:10F61000002400255E1C0DF18008DDF88C9208E0C6
:10F6200059F8270024F0D2FF0137B742E8E8020179
:10F6300008D0002FF4DA013720462946B742E8E81F
:10F640000201F6D1049B002B079B4FEAC3030293F0
:10F650002ADB039A20A902EB030801EB0309049BB0
:10F6600072AA02EBC30B0DF5E07A019B002B4FF061
:10F6700000064FF0000711DB039C4D4675E902239D
:10F68000F4E8020125F00CF802460B4630463946F4
:10F6900024F050FE444506460F46EFD1EAE80267E3
:10F6A000DA4509F10809E0D1DDE9020404992044B2
:10F6B0008B0082460BA8A3F10802C31808930CAB79
:10F6C00013440A938B4698AB03EBCB03BBF1000FBB
:10F6D00053E9284529DD70AB03EBCB080DF1300968
:10F6E00000227C4B2046294624F0DAFF25F088FAD8
:10F6F00024F06CFF0022784B06460F4624F0D0FF22
:10F7000002460B462046294624F012FE25F078FAE0
:10F7100078E9022349F8040B3946304624F00AFE02
:10F7200070AB984504460D46DAD1DDF814902046BA
:10F7300029464A4601F030F800224FF07F53044634
:10F740000D4624F0ADFFFDF79BFC0022634B24F037
:10F75000A7FF02460B462046294624F0E9FD0D4648
:10F76000044625F04DFA804624F030FF0B46024651
:10F770002946204624F0DCFD4B46002B06460F466A
:10F7800040F3E1800BF1FF320CA9C9F1180351F8E5
:10F79000225045FA03F101FA03F30CA8EB1A40F8E2
:10F7A0002230C9F11705884443FA05F5002D2CDDF8
:10F7B000BBF1000F08F1010840F381820C9C002C82
:10F7C00040F0A780BBF1010F0AD00CA9012251F82B
:10F7D000044F531C002C40F09E809B451A46F6D1E6
:10F7E000059B002B0EDD012B00F0D980022B09D1E7
:10F7F0000BF1FF320CAB0CA953F82230C3F3150305
:10F8000041F82230022D00F0AF8000220023304664
:10F81000394625F0ADF9002800F05382049B0BF126
:10F82000FF394B4510DC0BF180430CAA013B0898D3
:10F8300002EB8303002253F80419834242EA0102D7
:10F84000F9D1002A40F0B680049B0CAA013B52F883
:10F850002330002B40F0A1800A9A012352F80419AA
:10F8600001330029FAD05B440BF101099945069355
:10F870004CDC099A079909EB020801EB0B0508F12A
:10F88000804802EB030BA39B08F1FF3803EB8808C9
:10F8900070AB03EBC909A39B20A903EB8B0301EB1E
:10F8A000C505029358F8040F24F090FE0B46019909
:10F8B0000246002905F1080BC5E900234FF00006B8
:10F8C0004FF000071CDB039C0CE000BFA88904007C
:10F8D000ABAAAA2A0000703E000070410000204040
:10F8E00075E90223F4E8020124F0DAFE02460B4631
:10F8F0003046394624F01EFD544506460F46EFD1EA
:10F90000029B9845E9E802675D46CBD1DDF818B067
:10F91000D9E6012300220CA9C4F180749B4541F86B
:10F9200022400EDD51F8232001EB8B0001EB830315
:10F930006FF07F4100E01A688A1A43F8042B834273
:10F94000F9D101244CE706D10BF1FF330CAA52F890
:10F950002350ED152AE700227B4B25F027F90028DC
:10F9600040F0A381054650E732463B4600207749E8
:10F9700024F0DEFC06460F46002C3FF446AF059A05
:10F980007249002000F008FF02460B463046394617
:10F9900024F0CEFC06460F4637E7012363E70BF160
:10F9A000FF320CAB0CA953F82230C3F3160341F815
:10F9B000223027E70CAB059A53F82930183ACDE9E5
:10F9C000068505926BB909F18043013B0CA901EB57
:10F9D000830353F8041909F1FF39183A0029F8D0C4
:10F9E0000592059A5949002000F0D6FEB9F1000FA2
:10F9F00004460D46C0F2C0814FEAC90370AA02EB6B
:10FA0000030808930CAB03EB8906DFF844B14FF011
:10FA1000000A08F10807043656F8040D24F0D6FD54
:10FA200022462B4624F03CFE5B4667E90201524623
:10FA30002046294624F034FE0CAB9E4204460D4677
:10FA4000EAD148AB03930193CDF8149009F1010377
:10FA5000DDF810900293C3464FF0000AB9F1000F91
:10FA6000C0F22A81DFF8EC805D4635A3D3E900239C
:10FA700000260027002403E0544510DCF8E80223A8
:10FA8000F5E8020124F00CFE02460B4630463946EA
:10FA900024F050FC0134A14506460F46ECDA019BE8
:10FAA000E3E802670193029B0AF1010A9A45ABF170
:10FAB000080BD3D1A29BDDF81490032B39D8DFE8D3
:10FAC00013F0D900060006004D0048AB0393B9F1CE
:10FAD000000F4FF000004FF0000109DB039D05EB24
:10FAE000C904083474E9022324F024FCA542F9D1A6
:10FAF000079B002B40F01E810B9BC3E900010B46C6
:10FB000003990246D1E9000124F012FCB9F1000F7B
:10FB10000CDD4AAD01240134F5E8022324F00AFC8F
:10FB2000A145F8DA079B002B40F014810B9BC3E939
:10FB30000201069B03F007000DF5197DBDE8F08F6B
:10FB400000000040FB21F93F0000E03F0000F03FD3
:10FB50000000703E185B040048AB0393B9F1000F3E
:10FB600040F32781039ACDF810904FEAC90301931F
:10FB7000D318D3E900AB09F10053013B02EBC908EC
:10FB80000293914678E9026752465B463046394611
:10FB900024F0D0FB04460D4602460B46304639465B
:10FBA00024F0C6FB52465B4624F0C4FBC145A24686
:10FBB000AB46C8E90201C8E90045E3D1DDF8109081
:10FBC000B9F1010F40F3F580019B039A02991344A8
:10FBD000C900D3E9006701F1080A019192440DF5CB
:10FBE000947B7AE9028932463B464046494624F0F6
:10FBF000A1FB04460D4602460B464046494624F00A
:10FC000097FB32463B4624F095FBD34526462F46CC
:10FC1000CAE90201CAE90045E3D1019C039B103403
:10FC2000002000211C4403F1100574E9022324F094
:10FC300081FBA542F9D1039C079ED4E90023D4E9B6
:10FC40000245002E00F08A8003F1004701F10043D5
:10FC50000B99C1E90403069B2646944605F100442E
:10FC600003F00700C1E900C7C1E902640DF5197D81
:10FC7000BDE8F08F089C039D0834002000212C442F
:10FC800074E9022324F056FBA542F9D1079B13B176
:10FC900001F1004319460B9BC3E90001069B03F0E9
:10FCA00007000DF5197DBDE8F08FBBF1000F08F1DD
:10FCB000010874DD022581E500260027EFE6002417
:10FCC0008EE5CDE90685059D304639466A4200F04D
:10FCD00063FD0022384B06460F4624F067FF00B351
:10FCE0000022364B3046394624F0DAFC24F088FFF7
:10FCF000044624F06BFC00222F4B24F0D1FC0B4671
:10FD000002463946304624F013FB24F079FF0BF10C
:10FD100001090CAB183543F82B00059543F8294031
:10FD20005FE63046394624F06BFF0CABD94643F80A
:10FD30002B0056E60B9C01F10043C4E900030B467F
:10FD400003990246D1E9000124F0F2FAB9F1000F5B
:10FD50003FF7DFAE01F100431946E7E60B9EC6E927
:10FD60000023069BC6E9040103F00700C6E902452B
:10FD70000DF5197DBDE8F08FA29B032B3FF6D9AEA0
:10FD800001A252F823F000BF99FD0100CBFA010057
:10FD9000CBFA010059FB01000020002176E7324632
:10FDA0003B460020064924F0C3FA022506460F46CA
:10FDB0002BE5002000213EE7000070410000703E6E
:10FDC0000000F03F000000002DE9F04F21F0004658
:10FDD000B6F1795F85B004460D469046994604DA3F
:10FDE00024F00EFF002800F0858022462B46204696
:10FDF000294624F055FC06460F4602460B4620468F
:10FE0000294624F04DFC41A3D3E9002382468B46CA
:10FE10003046394624F044FC3EA3D3E9002324F0C5
:10FE200087FA32463B4624F03BFC3CA3D3E900234F
:10FE300024F080FA32463B4624F032FC39A3D3E961
:10FE4000002324F075FA32463B4624F029FC37A300
:10FE5000D3E9002324F06EFA0E9BCDE900019BB399
:10FE60000022294B4046494624F01AFCDDE90023D4
:10FE7000CDE902015046594624F012FC02460B46D9
:10FE8000DDE9020124F054FA32463B4624F008FC36
:10FE900042464B4624F04CFA19A3D3E90023064608
:10FEA0000F465046594624F0FBFB02460B463046AF
:10FEB000394624F03FFA02460B462046294624F0F4
:10FEC00037FA05B0BDE8F08F02460B46304639469A
:10FED00024F0E6FB0AA3D3E9002324F029FA5246D2
:10FEE0005B4624F0DDFB22462B4624F023FA05B0C6
:10FEF000BDE8F08F2046294605B0BDE8F08F00BF71
:10FF0000495555555555C53F0000E03F7CD5CF5A62
:10FF10003AD9E53DEB9C2B8AE6E55A3E7DFEB1578A
:10FF2000E31DC73ED561C119A0012A3FA6F81011F3
:10FF30001111813F000000002DE9F04FC04C21F06D
:10FF4000004687B0A64282468B460F46CDE9002385
:10FF50001ADC24F055FE00283FD1109B5246013395
:10FF60001343334300F0B781109B012B00F0C08195
:10FF70005B460020B34924F0BDFC04460D462046F4
:10FF8000294607B0BDE8F08FAF4B9E4225DD002922
:10FF900009DADDE90045224605F10043CDE90023F9
:10FFA0000BF100418B4652465B4685A1D1E9000129
:10FFB00024F0BEF9DDE9002304460D4682A1D1E913
:10FFC000000124F0B5F99FED827B22462B468DED92
:10FFD000007B24F0AFF982468B4652465B46504682
:10FFE000594624F05DFB02460B468046894624F0C4
:10FFF00057FB424604460D464B465046594624F0B0
:020000040002F8
:100000004FFB75A3D3E90023CDE902012046294621
:1000100024F046FB72A3D3E9002324F08BF9224697
:100020002B4624F03DFB70A3D3E9002324F082F992
:1000300022462B4624F034FB6DA3D3E9002324F0A1
:1000400079F922462B4624F02BFB6BA3D3E900233E
:1000500024F070F922462B4624F022FB68A3D3E952
:10006000002324F067F942464B4624F019FB66A3AF
:10007000D3E90023CDE904012046294624F010FBF2
:1000800063A3D3E9002324F055F922462B4624F03C
:1000900007FB61A3D3E9002324F04CF922462B4649
:1000A00024F0FEFA5EA3D3E9002324F043F92246AC
:1000B0002B4624F0F5FA5CA3D3E9002324F03AF9A7
:1000C00022462B4624F0ECFA59A3D3E9002324F06E
:1000D00031F902460B46DDE9040124F02BF9DDE994
:1000E000022324F0DDFADDE9004522462B4624F008
:1000F00021F942464B4624F0D3FA22462B4624F0FF
:1001000019F94DA3D3E9002304460D46DDE90201A8
:1001100024F0C6FA22462B4624F00CF90B46024680
:10012000804689465046594624F004F9464B9E4283
:1001300004460D4600F38C80109B012B3BD00246F9
:100140000B4600203F4924F0D5FB002406460F460D
:100150002046294652465B46CDE90067CDE90201BB
:10016000009424F0E5F8DDE900AB02460B4640467A
:10017000494624F0DDF852465B4624F091FA524697
:1001800004460D465B46DDE9020124F089FA0022AF
:100190002E4B24F0CFF802460B462046294624F089
:1001A000C9F832463B4624F07BFA52465B4624F0BF
:1001B000C1F804460D462046294607B0BDE8F08F39
:1001C000182D4454FB21E93F075C143326A6813CDB
:1001D0000000000000000000D47ABF74702AFB3ECB
:1001E000E9A7F0320FB8123F68108D1AF726303F9A
:1001F0001583E0FEC8DB573F93846EE9E326823F18
:10020000FE41B31BBAA1AB3F735360DBCB75F3BEAA
:10021000A69237A0887E143F0165F2F2D844433F8E
:10022000280356C9226D6D3F37D60684F464963F85
:100230007AFE10111111C13F635555555555D53FE3
:10024000FFFF2F3E0000F0BF2794E53F0000F03F86
:10025000109824F0BBF92246CDE900012B46204638
:10026000294624F01DFADDE90023CDE902012046EC
:10027000294624F05FF802460B46DDE9020124F02E
:1002800039FB42464B4624F053F802460B46504693
:10029000594624F04DF802460B4624F04BF802462E
:1002A0000B46DDE9000124F043F80446B81700F0DE
:1002B0000200C0F101000D4624F088F902460B4609
:1002C0002046294624F0ECF904460D4620462946EE
:1002D00007B0BDE8F08F5046594621F03FF902467D
:1002E0000B460020044924F005FB04460D4662E756
:1002F00054465D465FE700BF0000F03F000000008D
:100300002DE9F04FCC4A21F00043934285B082465C
:100310008B460C4620D9C94A934200F2D780002C64
:1003200080F2A481ACA3D3E900235046594624F0BF
:1003300001F80022002324F025FC002840F0D180A1
:10034000A7A3D3E900235046594624F0A9F9024651
:100350000B460020BA4994E1BA4A934200F2E58084
:10036000B94A934240F22E81002301930022B74BF9
:100370005046594624F094F906460F4602460B466D
:100380005046594624F08CF997A3D3E9002304463C
:100390000D4624F085F996A3D3E9002323F0CAFF84
:1003A00022462B4624F07CF993A3D3E9002323F0C3
:1003B000BFFF22462B4624F073F991A3D3E9002313
:1003C00023F0B8FF22462B4624F06AF98EA3D3E926
:1003D000002323F0ADFF22462B4624F061F90022D2
:1003E0009B4B23F0A7FF8046894602460B463046CA
:1003F000394624F055F902460B460020954923F072
:1004000097FF064602460B460F464046494623F0F4
:100410008FFF3246804689463B465046594624F077
:100420003FF902460B4600208B4923F081FF02462C
:100430000B464046494624F05DFA22462B4624F0FE
:100440002FF9019E02460B46002E4DD0DDE90267D2
:1004500032463B4623F06CFF52465B4624F020F9BF
:1004600032463B4623F064FF2B46224623F060FFD2
:10047000019B013306460F4600F02381019B012BAF
:100480007BD0019A531C392B4FEA025500F2288188
:10049000019A132A40F35581019BC3F57F740334FD
:1004A0000022230523F046FF02460B4650465946DC
:1004B00023F03EFF0022664B23F03CFF824605EB13
:1004C000010B5046594605B0BDE8F08F634A934290
:1004D0001BD9C1F313030343024640F012810029E4
:1004E000EFDA00205E490DE05046594624F0D8F876
:1004F00022462B4623F01CFF02460B465046594627
:1005000023F016FF05B0BDE8F08F41A3D3E9002327
:1005100024F056FB00283FF402AF3FA3D3E90023A9
:100520001046194624F0BCF8ECE74E4A934200F21C
:10053000EC8000293AA3D3E9002339DA23F0FAFE4C
:1005400039A7D7E900674FF0FF338046894601930A
:1005500032463B464046494623F0EAFE02460B46F9
:1005600082468B464046494623F0E2FE32463B46F1
:1005700023F0DEFECDE90201F8E600223A4B5046B8
:10058000594624F0FFFA002800F0CC805046594626
:1005900000222E4B23F0CEFE02460B463046394653
:1005A00023F0C6FE00224FF0404324F079F8A9E77B
:1005B00023F0BEFE01238046894601931CA7D7E99C
:1005C0000067C5E714A3D3E9002323F0B3FE024676
:1005D0000B468FE7AFF3008059F3F8C21F6EA501F9
:1005E000FE822B654715F73F2DC3096EB7FD8ABE06
:1005F0003952E686CACFD03EB7DBAA9E19CE143F49
:100600008555FE19A0015A3FF41011111111A13F97
:10061000EF39FAFE422E86409C7500883CE4377E16
:100620000000E0FE422EE63F763C7935EF39EABD28
:10063000763C7935EF39EA3D79684340412E864072
:100640000000E0BF422ED63FFFFF8F3C0000E03F9E
:100650000000F03F0000084000001840FFFFEF7F5F
:100660000000F0BFB1A2F03F0000D0BF44A3D3E927
:1006700000235046594624F013F802460B4600204A
:10068000414923F057FE24F0BBFA019023F09EFF6E
:1006900037A3D3E9002306460F4624F001F80246AB
:1006A0000B465046594623F043FE33A3D3E90023BB
:1006B000804689463046394623F0F2FF06460F460B
:1006C00046E702460B465046594623F031FE0022CB
:1006D0002D4B23F0E5FF00222B4B23F029FE11E7E1
:1006E00052465B4623F024FE02460B460020274973
:1006F00023F01EFE6B1819460022244B23F018FE2F
:1007000000E70B4623F016FEFCE61DA3D3E9002309
:1007100023F0C6FF002C02460B464FF00000AFDA74
:100720001B49AEE732463B465046594623F000FE91
:1007300002460B4623F0FEFD0022144B23F0FAFD87
:10074000E0E64FF4001343FA02F452465B4623F00E
:10075000EFFDC4F17F57002607F5401702460B4610
:100760003046394623F0E4FDA8E600BFAFF3008031
:100770000000E0FE422EE63F763C7935EF39EA3D57
:10078000FE822B654715F73F0000E03F0000F03F79
:100790000000E0BF00000000F8B5C1F30A530446B2
:1007A0000D460E4617460BBB21F000460346334369
:1007B0001BD0354B002223F073FF344B9F4204467D
:1007C0000D4635DBC1F30A530E46363B3B4440F23F
:1007D000FE72934232DC002B11DD26F0FF4626F438
:1007E000E00646EA035520462946F8BD40F2FF726E
:1007F0009342EBD102460B4623F09CFDF8BD13F16A
:10080000350F28DA4CF250339F4222462B460ADD40
:1008100019A1D1E9000123F0E7FC17A3D3E90023D4
:1008200023F03EFFF8BD16A1D1E9000123F0DCFC66
:1008300013A3D3E9002323F033FFF8BD22462B4650
:100840000DA1D1E9000123F0CFFC0BA3D3E90023D4
:1008500023F026FFF8BD26F0FF4626F4E0063633E7
:1008600046EA0355204629460022094B23F018FF8B
:10087000F8BD00BFAFF300809C7500883CE4377E74
:1008800059F3F8C21F6EA50100005043B03CFFFFB2
:100890000000903C10B5054C237833B9044B13B1DC
:1008A0000448AFF300800123237010BDB03800204E
:1008B00000000000288B040008B5034B1BB103495E
:1008C0000348AFF3008008BD00000000B4380020EA
:1008D000288B0400154B002B08BF134B9D46A3F536
:1008E000803A00218B460F461348144A121A24F00E
:1008F00071FC0F4B002B00D098470E4B002B00D003
:1009000098470020002104000D000D48002802D067
:100910000C4805F07DFD23F09DFC2000290004F02B
:1009200007FE23F083FC00BF000008000000022047
:10093000000000000000000000240020B043002060
:1009400011640200000000000120704701EB8101EA
:1009500000EB410020307047F0B5044685B00D46ED
:1009600000F10C060AF0CCFC144B2360A56004F1E6
:100970002000002509F0A6FB2046E56025616561A1
:10098000A561E5610E490AF0D9FC20464FF2E65117
:100990000AF0E8FC20460B490AF0D0FC0827142294
:1009A0002046CDE901270092334629464FF2E65210
:1009B0000AF0E8FC204605B0F0BD00BF585B04001B
:1009C0009C5B04008C5B04002DE9F04F83B08846EB
:1009D00017461C4606460AF063FD60B3002F2ADD69
:1009E000002C06F10C0314BF6FF07F0B6FF03F0B70
:1009F00006F10D0A019300257C1B132CA8BF1324BC
:100A00004BEA0403224608EB05013373504624F0F9
:100A1000BDFB336800211B6930469847814630464C
:100A20000AF02CFD2544014614234846019A09F09A
:100A300063FBAF42E0DC03B0BDE8F08F10B53820B7
:100A400024F06DFB044A3C23116B3D2204460CF05C
:100A500075FF024B1C6010BD00250020D03800201F
:100A600070B50B4E34680D463CB12046AA88A91DCE
:100A70000023BDE87040FFF7A7BF2C2024F04FFBF8
:100A8000044B0446196BFFF767FF3460EDE700BFC6
:100A9000CC3800200025002008B5282024F03FFB9A
:100AA000034BD3F85429196BBDE8084009F088BA04
:100AB0000025002008B5202024F031FB024B196BE3
:100AC000BDE808400AF0F0BF0025002008B57C20F2
:100AD00024F025FB034AA2F55173196BBDE80840C9
:100AE0000BF0F8BC4428002008B5482024F017FB80
:100AF000034AA2F61C03196BBDE808400BF0BEBE0A
:100B00001C2D002008B5242024F009FB034AA2F57F
:100B10001463196BBDE808400CF07EBD402E002028
:100B200008B5402024F0FBFA034BD3F85829196B81
:100B3000BDE808400CF0E6B800250020024B1B6819
:100B400003B17047FFF77ABFD038002070B50C4E64
:100B5000346882B005467CB1B5F90420A91D01A80E
:100B600016F034F801A9022220460DF015F801A86C
:100B700015F0B4FF02B070BDFFF760FF3468EBE71B
:100B8000D038002070B5124E346882B00546DCB112
:100B9000B5F90420A91D684616F018F86A46022324
:100BA000214601A80DF060F80198B0F90210043058
:100BB00001F0BCFA044601A815F090FF684615F054
:100BC0008DFF204602B070BDFFF738FF3468DFE7C5
:100BD000D038002070B5084D2B68044643B16268D8
:100BE000184604F108010223BDE870400CF02CBF48
:100BF000FFF724FF2B68F2E7D038002070B51B4DBB
:100C0000286870B30DF0F8F80146002001F090FA62
:100C1000044600F1080603F027F9314628686268A7
:100C200002230CF0C3FF011E11DB63688B4208D066
:100C3000304601F07DFA0546204603F023F92846A8
:100C400070BD2046254603F01DF9284670BD0021E1
:100C5000084601F06DFA0546204603F013F92846D0
:100C600070BDFFF7EBFE2868CCE700BFD03800204E
:100C7000F0B5104E346883B005460F46B4B1B5F9EF
:100C80000420A91D01A815F0A1FF01A900222046FA
:100C90000CF0D4FF01A815F021FF3A4610230121E2
:100CA0004FF4966001F026F903B0F0BDFFF7C6FEE1
:100CB0003468E4E7D03800200246102301214FF4C5
:100CC0007A7001F017B900BF0246102302214FF4D9
:100CD0007A7001F00FB900BF2DE9F041104B114CB3
:100CE00081F3030584B013F905801746811DB0F91F
:100CF00004204FF4C87603A815F068FF42463B462F
:100D000003A92046009609F00BFE03A815F0E6FEA5
:100D10002946204609F074FC04B0BDE8F08100BF0C
:100D2000AC5B04000C2500204368102B00D07047FA
:100D300010B582B081F30301074B009204464FF4D3
:100D4000C8725B56019204F1080104F112020348D3
:100D500009F0F0FD02B010BDAC5B04000C250020D2
:100D600080F30301014809F04BBC00BF0C250020B3
:100D7000014809F0F1BC00BF0C25002008B501F0C6
:100D8000ADFDFCF721FCBDE8084001F0FFBA00BF53
:100D900008B501F0A3FDFCF787FCBDE8084001F0B1
:100DA000F5BA00BF08B501F099FD20F04DFCBDE893
:100DB000084001F0EBBA00BF08B501F08FFD21F04B
:100DC0003FF8BDE8084001F0E1BA00BF08B501F006
:100DD00085FDFCF709FCBDE8084001F0D7BA00BF6B
:100DE00008B501F07BFD20F061FEBDE8084001F090
:100DF000CDBA00BF08B501F071FDFBF791FEBDE86B
:100E0000084001F0C3BA00BF08B501F067FD20F04B
:100E1000A3FDBDE8084001F0B9BA00BF10B584B029
:100E20000C46014603A815F0E9FA002303A9009334
:100E30001A460194034812F071FA03A815F0C8FA93
:100E400004B010BD582D002010B50129B8BF0121F4
:100E500082B00C4690B1828882B1012A17D0811DE0
:100E600012B201A815F0B2FE224601A90C4812F0F8
:100E7000B5FA01A815F032FE02B010BD094807F01E
:100E8000D5FB04EB84000FF00BFD02B010BD01EBAD
:100E900081028179024812F017FA02B010BD00BF3A
:100EA000582D00201C2D0020014815F0CFBA00BF9E
:100EB0002C2D002010B584B00C46014603A815F077
:100EC0009DFA0023224603A9CDE9003304480523F7
:100ED00012F0EEFA03A815F07BFA04B010BD00BFC3
:100EE000582D002000B585B0014602A815F086FAFD
:100EF00002A903A815F07AFA002303A9CDE900336B
:100F00001A46064812F00AFA03A815F061FA02A878
:100F100015F05EFA05B05DF804FB00BF582D002007
:100F200000F068BB0FF0BCBC70B5049E96420C4646
:100F300024DB15466BB9042A19D0022A02D110F01D
:100F4000010310D001462A46204624F01FF9002054
:100F500070BD10440D4410F8013D01F8013B8D4275
:100F6000F9D1002070BD02880A80184670BD10F0CB
:100F70000303E7D102680A60184670BD08460021E5
:100F800024F028F94FF0FF3070BD00BF08307047E3
:100F900040B1002905DB43688B4202DD0844007A3A
:100FA00070470020704700BF30B1002904DB436860
:100FB0008B42C4BF40180272704700BF40B1002985
:100FC00005DB4368994202DA0844007A7047002042
:100FD000704700BF830704D1030F0CBF012000201E
:100FE00070470120704700BF30B1002904DB43681F
:100FF0009942BCBF40180272704700BFF8B5002B81
:1010000020DB00291EDB46688E421BDB5468761A03
:10101000E51AB542A8BF3546002D13DB824202F126
:1010200008070C4600F108062A4605D0F9183019C1
:1010300024F0ACF80020F8BDF118381924F0B1F80C
:101040000020F8BD4FF0FF30F8BD00BF406870478A
:1010500010B4141E10DB4268A2420DDB33EA2303F6
:1010600028BF1346121B08309A422044A8BF1A46D4
:101070005DF8044B24F0AEB85DF8044B704700BF38
:1010800010B443688B4200F108041846A8BF084614
:1010900032EA220128BF19461B1A99422044A8BFF0
:1010A00019465DF8044B01F043B800BF70B5002B42
:1010B000BCBF43689B1A002A0E4620DB446899187F
:1010C000A1421CDC91421ADBCBB136F0004116D0B4
:1010D0005942B14214DAB34212DD0830002E00EB5F
:1010E000020515DB9C1B2246A919284624F059F855
:1010F000324628190021BDE8704024F06BB870BD5D
:10110000002211464FF0FF33BDE87040FFF7A0BF4B
:1011100074429A192946281924F043F82246284691
:101120000021BDE8704024F055B800BF03460830E8
:10113000596800F0FBBF00BF70B505460020696824
:10114000490000F0CFFF6B68002B14DD0A4EEB1D49
:1011500002465C782411991F345D94715C7804F028
:101160000F04491B345DD4716C688C4202F1020299
:1011700003F10103EDDC70BDB45B0400002BBCBFC8
:1011800043689B1A002A30DB70B445689C18AC4257
:1011900029DC944227DB33B331F0004423D000290B
:1011A000B8BF01EB032191FBF3F403FB14110029F9
:1011B00000F10800B8BFC918024411448A42134420
:1011C00011D00C4604E08A4204460FD094420AD063
:1011D0002046157810F8016B02F8016B83422570E8
:1011E000F1D10C46F2E770BC704770470146EDE75D
:1011F00000B583B04FF0FF3300930023FFF7FEFEEE
:1012000003B05DF804FB00BF10B50C1E0EDD416895
:10121000083002F0ABF91F2C07DC0123A34020FAB1
:1012200004F4013B444004EA030010BD002010BD5B
:101230000146002000F07CBF03460630998800F08C
:1012400077BF00BF30B5013A83B004460D460F2A80
:1012500013D8DFE802F0141408086114141B1B7380
:101260004A2554675A38184601F0CAFB012D04DD9F
:1012700080B2E20754BF2080208003B030BD184602
:1012800001F0BEFB002DF8DD2070F6E7184601F0F6
:10129000B7FB012DF1DDC0F3072360702370ECE78D
:1012A000184601F043FB032D0090E6DD9DF8000099
:1012B0009DF801109DF802209DF803302370E07026
:1012C000A1706270D9E7184601F008FB072DCDE93F
:1012D0000001D2DD0DF1FF3204F1080312F8011F05
:1012E00003F8011D9C42F9D1C7E7184601F01EFB27
:1012F000032DC2DDA3070CBF20602060BDE71846A8
:1013000001F016FC032DF5DCB7E7184601F010FCE0
:10131000032D0090CADCB0E7184601F071FB032DE5
:10132000E8DCAAE7184601F0D9FA072DCDE900015B
:10133000A3DD6B4603CB206061609EE7184601F099
:101340005FFB032D0090B1DC97E700BF30B4141EA3
:1013500007DB456808300A462044291B30BCFFF7EC
:1013600071BF30BC704700BF00B5013A85B00F2A8D
:1013700000F28880DFE802F01623303D4A56595CBF
:101380005F626571748083080091012308220DEB70
:101390000201FFF7C9FDDDE9020100F0F7FF05B02A
:1013A0005DF804FB00910023012202A9FFF7BCFDB8
:1013B0009DF9080001F0E0F805B05DF804FB00912C
:1013C0000023012202A9FFF7AFFD9DF8080001F0FC
:1013D000D3F805B05DF804FB00910023022202A9B6
:1013E000FFF7A2FDBDF9080001F0C6F805B05DF8F1
:1013F00004FB00910023022202A9FFF795FDBDF82E
:10140000080001F0B9F805B05DF804FB0091002375
:10141000042202A9FFF788FD029801F0ADF805B09B
:101420005DF804FB01230091BEE701230091C8E7AA
:1014300000910123D2E700910123DCE70091012311
:10144000E6E700910023042202A9FFF76DFD029850
:1014500001F09CF805B05DF804FB00910123F2E770
:1014600000910023042202A9FFF75EFD029801F01B
:101470007BF805B05DF804FB0091002386E700913E
:101480000123EFE700208AE7131E09DB10B444684C
:1014900008300A461844E11A5DF8044BFFF764BFB0
:1014A000002001F069B800BF054B1A6810B4146B36
:1014B0000023A4461A4619465DF8044B604700BF56
:1014C0002039002030B585B06C4684E80F0094E8E0
:1014D0000F000A4C089D84E80F00BDF8020001F0DF
:1014E0004BF8074B1A68146B002301461A4628462E
:1014F000A44605B0BDE83040604700BF703800200A
:1015000020390020034B82689A4200D07047C0689F
:1015100002F0B8BCC514020008B502F0B3FCBDE887
:1015200008400FF053BA00BF08B5064E05463268B2
:101530000023146B19461A462846A04714200FF0C2
:10154000AFF9F4E72039002010B5034B03600446DF
:1015500016F016FA204610BDD05B040010B5054BFE
:101560000360044616F00CFA204623F0D1FD204615
:1015700010BD00BFD05B04000A46022301460148AB
:1015800010F05CBDA82B002010B504460EF0FEFE46
:10159000034638B100200CB144F820301B6A0130FA
:1015A000002BF8D110BD00BF044608B518F036FD79
:1015B00003F0FAFE204604F0E7FD00BF08B50A4834
:1015C000FBF706F801200FF035FB40F20443984288
:1015D00000D808BD01200FF02DFBBDE80840A0F5A4
:1015E000806002F0C1B900BF002500200FF0EEB905
:1015F0000FF0D6BC50B110B5044602F035FC2146C0
:10160000034A0448BDE810400FF03EB8704700BFE1
:10161000010A03002915020050B110B5044602F07A
:1016200023FC2146034A0448BDE810400FF02CB8C3
:10163000704700BF19150200A914020089B280B2D8
:101640000FF054B908B5074B074AC3F8D820042057
:1016500004F094FD6FF0004004F038FDBDE8084050
:1016600000F088BD0025002005150200074B10B5CD
:101670001C6800F0DDFF4FF0805213691269013BD6
:10168000234418445242104010BD00BF20390020AE
:10169000024B1B7803B17047FFF76EBF7043002009
:1016A000024B186800B1406A704700BF243B00201D
:1016B000014B1B6858627047243B00202DE9F04F16
:1016C000DFF8DC80D8F8003085B0002B52D00EF067
:1016D0005DFE0346002857D000241B6A0134002B0E
:1016E000FBD14FEA840A50460FF004FB0190FFF74C
:1016F0004BFFA04239D1002C2FDD019BA3F104093F
:10170000CA4459F8047F7E6A2EB30436D8F80030F4
:1017100034689F4227D03868D7F808B018F0D2FC58
:10172000D8F800207568ABEB00009742044407D05E
:101730003868D7F808B018F0C5FCABEB00000544DA
:10174000A54205D954F8040B02F0B8F8AC42F9D31D
:10175000B668002EDAD1CA45D3D1019805B0BDE8EC
:10176000F04F0FF0EDBA7568EAE74FF44B70FFF7F2
:101770001BFFC0E701200FF0BDFA0390039805B0EE
:10178000BDE8F04F0FF0DCBA0FF0B4FA0190FFF7AC
:10179000FBFE0028E1D04FF44B70FFF705FFDCE7BC
:1017A000243B002010B5074C20460CF075FC204669
:1017B000054A064923F0AEFC0548BDE8104014F088
:1017C000CDBD00BF0025002040200020D51702001D
:1017D00070380020684B2DE9F04703F13C020446C5
:1017E00000F59650C4E900321030644F644E04F0A6
:1017F00017FF002504F5176004F0CEFA04F5146015
:10180000C4F84079A4F846590EF09CFC04F6181070
:10181000C4F81879A4F81E590EF094FC04F6E400FC
:1018200013F036F9574BC4F8D43804F6D4000FF04F
:10183000D3FB04F50B6011F077FE04F68C0011F079
:1018400073FE04F61C0004F0FDFD04F2BC7006F00B
:101850005DFC04F5F26005F03BFC04F5E86004F083
:10186000F1FEC4F8286704F5E56016F089F8C4F8BD
:10187000106704F5E26016F083F804F5D56017F000
:10188000D1FE04F55170A4F84A53C4F844730EF025
:1018900059FC3D4BC4F8043304F5417013F0F4FADD
:1018A0003A4BC4F8F8302833C4F8003104F1F80991
:1018B00004F53D7804F53F7600E02E46351F2846B6
:1018C00015F07AF8A845F8D1DFF8C8A0243E04F551
:1018D0008A7846F81CAC3C3D304613F075FB05F1A8
:1018E0000C0015F069F8A845A6F13C06F1D10025D9
:1018F0004846C4F8F870A4F8FE500EF023FC04F13A
:10190000D00012F0FDFC04F1980011F089F904F107
:101910007C00A4F88250E7670EF014FC04F1640028
:10192000A4F86A5067660EF00DFC04F14C00A4F8B0
:101930005250E7640EF006FC264604F13400658739
:1019400067630EF0FFFB124B46F80C3F04F12000DA
:1019500015F0C4F804F11C0015F0C0F8304665829B
:10196000E7600EF0EFFB201D658167600EF0EAFB7B
:101970002046BDE8F08700BF4C72040014740400D8
:10198000D05B0400A0770400648204009880040007
:10199000D06D0400688004002DE9F84F684B40F8D2
:1019A000043C0446A0F104083C3308F5965023603B
:1019B000103004F035FE634F634E002504F66C10C2
:1019C00004F0EAF904F63C10C4F83C79A4F8425952
:1019D0000EF0B8FB04F61410C4F81479A4F81A59E0
:1019E0000EF0B0FB04F50E6013F052F8574BC4F83C
:1019F000D03804F50D600FF0EFFA04F6AC0011F0EA
:101A000093FD04F6880011F08FFD04F6180004F031
:101A100019FD04F5F76006F079FB04F28C7005F00F
:101A200057FB04F23C7004F00DFEC4F8246704F286
:101A3000247015F0A5FFC4F80C6704F20C7015F0C3
:101A40009FFF04F2A46017F0EDFD04F55070A4F8B8
:101A50004653C4F840730EF075FB3D4BC4F8003399
:101A600004F5407013F010FA3A4BC4F8F430283300
:101A7000C4F8FC3004F1F40904F53C7A04F53E7630
:101A800000E02E46351F284614F096FFAA45F8D1EF
:101A9000DFF8C8A0243E04F5887B46F81CAC3C3D2A
:101AA000304613F091FA05F10C0014F085FFAB45B8
:101AB000A6F13C06F1D100254846C4F8F470A4F81C
:101AC000FA500EF03FFB04F1CC0012F019FC04F1C7
:101AD000940011F0A5F804F17800A4F87E50A767EF
:101AE0000EF030FB04F16000A4F8665027660EF09B
:101AF00029FB04F14800A4F84E50A7640EF022FB25
:101B0000264604F13000E58627630EF01BFB124BDE
:101B100046F8083F04F11C0014F0E0FF04F118003F
:101B200014F0DCFF3046E581A7600EF00BFB204689
:101B3000E58027600EF006FB4046BDE8F88F00BF49
:101B40004C72040014740400D05B0400A0770400FD
:101B50006482040098800400D06D04006880040052
:101B60002DE9F84F694B40F8043C0446A0F1040805
:101B70003C3308F596502360103004F051FD644F5B
:101B8000644E002504F66C1004F006F904F63C10CF
:101B9000C4F83C79A4F842590EF0D4FA04F61410B3
:101BA000C4F81479A4F81A590EF0CCFA04F50E60B2
:101BB00012F06EFF584BC4F8D03804F50D600FF0EA
:101BC0000BFA04F6AC0011F0AFFC04F6880011F03B
:101BD000ABFC04F6180004F035FC04F5F76006F0E1
:101BE00095FA04F28C7005F073FA04F23C7004F07C
:101BF00029FDC4F8246704F2247015F0C1FEC4F86E
:101C00000C6704F20C7015F0BBFE04F2A46017F030
:101C100009FD04F55070A4F84653C4F840730EF063
:101C200091FA3E4BC4F8003304F5407013F02CF9E0
:101C30003B4BC4F8F4302833C4F8FC3004F1F40909
:101C400004F53C7A04F53E7600E02E46351F284622
:101C500014F0B2FEAA45F8D1DFF8CCA0243E04F57A
:101C6000887B46F81CAC3C3D304613F0ADF905F1DD
:101C70000C0014F0A1FEAB45A6F13C06F1D1002505
:101C80004846C4F8F470A4F8FA500EF05BFA04F178
:101C9000CC0012F035FB04F1940010F0C1FF04F108
:101CA0007800A4F87E50A7670EF04CFA04F16000AB
:101CB000A4F8665027660EF045FA04F14800A4F82F
:101CC0004E50A7640EF03EFA264604F13000E58639
:101CD00027630EF037FA134B46F8083F04F11C0057
:101CE00014F0FCFE04F1180014F0F8FE3046E58113
:101CF000A7600EF027FA2046E58027600EF022FA52
:101D0000404623F005FA4046BDE8F88F4C720400C7
:101D100014740400D05B0400A07704006482040003
:101D200098800400D06D040068800400694B2DE9A0
:101D3000F04703F13C02044600F59650C4E9003236
:101D40001030654F654E04F06BFC002504F51760FC
:101D500004F022F804F51460C4F84079A4F8465958
:101D60000EF0F0F904F61810C4F81879A4F81E590A
:101D70000EF0E8F904F6E40012F08AFE584BC4F8BD
:101D8000D43804F6D4000FF027F904F50B6011F0F5
:101D9000CBFB04F68C0011F0C7FB04F61C0004F02A
:101DA00051FB04F2BC7006F0B1F904F5F26005F0E5
:101DB0008FF904F5E86004F045FCC4F8286704F5E1
:101DC000E56015F0DDFDC4F8106704F5E26015F07C
:101DD000D7FD04F5D56017F025FC04F55170A4F883
:101DE0004A53C4F844730EF0ADF93E4BC4F80433C3
:101DF00004F5417013F048F83B4BC4F8F830283331
:101E0000C4F8003104F1F80904F53D7804F53F7693
:101E100000E02E46351F284614F0CEFDA845F8D127
:101E2000DFF8CCA0243E04F58A7846F81CAC3C3D93
:101E3000304613F0C9F805F10C0014F0BDFDA845BB
:101E4000A6F13C06F1D100254846C4F8F870A4F884
:101E5000FE500EF077F904F1D00012F051FA04F1BF
:101E6000980010F0DDFE04F17C00A4F88250E767D2
:101E70000EF068F904F16400A4F86A5067660EF089
:101E800061F904F14C00A4F85250E7640EF05AF9DD
:101E9000264604F13400658767630EF053F9134B4F
:101EA00046F80C3F04F1200014F018FE04F11C0069
:101EB00014F014FE30466582E7600EF043F9201DF1
:101EC000658167600EF03EF9204623F021F9204637
:101ED000BDE8F0874C72040014740400D05B040069
:101EE000A07704006482040098800400D06D040090
:101EF000688004002DE9F0414FF0000C8CB04FF0E9
:101F0000100E1FFA81F887B2CDE900CE05461C46B7
:101F10003946174B164602A842460EF059FF02A951
:101F2000144812F04FF902A80EF06EFF0F2DA4B264
:101F300001D1C02C0FD1282023F0F1F839460546F5
:101F4000CDE9006442460A4B0EF042FF294609489B
:101F500012F0BEF828B9304601F086FF0CB0BDE89B
:101F6000F08128460EF050FF284623F0D1F8F2E722
:101F7000C5140200D025002008B510F053FE08BD9E
:101F800008B510F05FFE20F0404008BDFFF744BBED
:101F9000FFF754BB04F0EEB8704700BFC117FFF75E
:101FA00027BB00BF00B585B0D3B28AB281B2684604
:101FB00014F0B4F905B05DF804FB00BF002B08BFB6
:101FC0001023FFF797BF00BF014B5888704700BF31
:101FD00070380020014B9868704700BF70380020AF
:101FE00008B504F081F84FF0FF31BDE8084000F07B
:101FF0009DB800BF00B583B00E49684604F0B8FC38
:10200000BDF80430A3F51943033B032B10D8DFE8D8
:1020100003F002020D0D0023074A52F823004FF08F
:10202000FF3103B05DF804EB00F080B80123F3E763
:102030000223F1E7402C00204420002004F050B897
:102040000821014800F074B860000010704700BF1C
:10205000084619B189880630FFF71ABB704700BFE0
:1020600008B512F0F5FA08BD704700BF704700BF11
:10207000014820F06040704700000220012001F07C
:10208000BDBC00BF08B5022001F0B8FC40F293309F
:10209000BDE80840FFF788BA014B1860704700BFE1
:1020A000D4380020704700BF0020704780880A3075
:1020B00080087047063070478088704783888B425D
:1020C00026BF063040180020704700BF032070472D
:1020D00040680B308008704780887047704700BFA9
:1020E000704700BF70B50C1E064603DB3CB90D4DB2
:1020F000284670BD23F0AAF80446002CF7D0E01D56
:1021000001F0AEFD054608B1074B0360AC8026B177
:1021100031462246A81D23F039F82C440023A37130
:10212000284670BDD85C04001C5C0400FFF7DABFD1
:1021300070B50D1E12DD064605F1080001F090FD98
:10214000044608B1094B0360656004F108002A46A3
:10215000314636B123F01AF8204670BD044C2046B3
:1021600070BD23F037F8204670BD00BF4C5C040002
:10217000CC5C0400014B1860704700BF5020002069
:10218000034A044B116803FB00F04840106070479D
:1021900050200020CB5725CA30B40E4D2A68044683
:1021A00021460020930983EAD273534083EA121335
:1021B00083EA92035208534042EAC37202F00103D9
:1021C000490843EA4000EDD18442E9D32A6030BC9B
:1021D000704700BF5020002000487047D85C0400C2
:1021E00000B583B002AB0022ADF8042003F8040D63
:1021F00001211846FFF776FF03B05DF804FB00BF2E
:102200002DE9F0410D4688B11C4B39B198422BD0D5
:102210009D4204460FD12046BDE8F081984221D06E
:102220008688174D0446311D042707E0144CF9B188
:10223000124B9D42EFD0A688AF88F1190020FFF71E
:1022400051FF04F10608831D0446414618463246F4
:1022500022F09CFF3A463044A91D22F097FF204609
:10226000BDE8F081064CD6E70C462046BDE8F0817B
:10227000042725463E460821E0E700BFD85C04005D
:102280002C5D0400884212D030B48B8882880630DE
:102290009A4228BF1A460531034613F8015B11F82C
:1022A000014FA54205D009D3012030BC7047002062
:1022B00070471C1A9442F0D90020F6E74FF0FF3027
:1022C000F3E700BF80887047002A1ADD10B48488C5
:1022D0000029BCBF631823EAE371631A934206DC4A
:1022E000002B03DC08485DF8044B70471A46A142F6
:1022F0003ABF06304018002011465DF8044BFFF746
:10230000F1BE0148704700BFD85C040078B371B3D8
:102310002DE9F047858822EAE272AA4223D200F131
:10232000060818EB0204A5EB02058F881BD0BD42FE
:1023300019D391F806A001F1060902E0AF42344634
:1023400011D82378534505F1FF3504F10106F5D185
:102350003A464946204622F00AFF0028EED1A4EB77
:102360000800BDE8F0874FF0FF30BDE8F0874FF080
:10237000FF30704708B5FFF7C9FF013018BF0120D3
:1023800008BD00BF80F00100704700BF0A1E38B5CD
:1023900011D138B302460B4604460D4622F01AFC12
:1023A000002841D10C2001F05BFC08B11F4B0360F9
:1023B000C0E9014538BDC2F30A54A4F2FF331D2B16
:1023C00012D8142B054618DC0028E3D1A4F2F3340C
:1023D00012FA04F4DED1D002C3F11F0340F0004032
:1023E000D8401AE0012038BD1E2BD3D10028D1D10E
:1023F0000F4B9A42CED10F4838BDA4F2134410FAC5
:1024000004F4C7D1D002C3F11F0140F00040C3F172
:102410003403C84025FA03F31843002AB8BF4042EA
:10242000400040F0010038BD0E2038BD7C5C040047
:102430000000D0C1010000802DE9F04182B00630DB
:1024400001A9F9F7DDFE0022002306460F4622F01F
:102450008FFB60BB27F00045304629464FF0FF3226
:102460001F4B34464FF0010822F0B4FB38B94FF04F
:10247000FF321B4B3046294622F0A2FBF0B118F088
:10248000FF0F1FD100224FF48013204629464FF042
:10249000010822F09FFB38B92046294600224FF45C
:1024A000801322F06FFBB0B118F0FF0F0AD1304655
:1024B0003946FFF76BFF02B0BDE8F081804618F0A7
:1024C000FF0FDFD0074F002630463946FFF75EFF8B
:1024D00002B0BDE8F081804618F0FF0FE7D0F1E7C9
:1024E000FFFFEF7F0000F87F08B522F06FF8BDE82E
:1024F0000840FFF74BBF00BF01448879400040F01F
:102500000100704720B1002902DB8288914201DB83
:102510000F48704710B582B0FFF7EEFF0E28044653
:102520000DD0C3070ED502A800236410ADF8043007
:10253000012100F8044DFFF7D5FD02B010BD04489D
:1025400002B010BD40F27130FFF72EF8EBE700BF8C
:10255000D85C040020B1002902DB8288914201DBB3
:102560000E207047FFF7C8BF08B522F041F8BDE85C
:102570000840FFF70BBF00BF4300B0EB630F01D073
:10258000FFF7B2BF43F00100704700BFB0F1804FCA
:1025900008B503D2400040F0010008BD22F006F863
:1025A000BDE80840FFF7F2BE002814BF42200A2011
:1025B000704700BF08B5F9F7DFFFBDE80840FFF737
:1025C000E5BE00BF01FB00F0704700BF90FBF1F0DB
:1025D000704700BF10B50C2001F042FB044608B163
:1025E00002F0ACFC204610BD00897047043002F0B8
:1025F00041BC00BF03460A460430198902F01ABCE8
:10260000043002F047BC00BF03894268994234BFDE
:1026100052F8210000207047043002F00BBC00BFCC
:10262000043002F045BC00BF043002F065BC00BFBE
:10263000024B1B68588CC000704700BF2039002037
:10264000704700BF0020704738B51C4B1B688BB12A
:102650005C6AACB1236898422DD08BB1002300E0B6
:1026600072B1023354F823208242F9D101339B0026
:10267000E05838BD124B1C6844F21022944216D028
:102680000D460446FFF7DEFF78B103689C4210D088
:102690005BB1002300E042B1023350F82320A24294
:1026A000F9D101339B00C05838BD284638BD5B685E
:1026B000CEE70423F7E70423DAE700BF2039002040
:1026C000E0540400406870474160704710B508202E
:1026D00001F0C6FA044608B102F038FC204610BDED
:1026E00070B50C1E054616460EDB83889C420BDA3D
:1026F00005EB8404E36823B10B2140F2863002F03D
:1027000069FCE660284670BD0A2140F2863002F07E
:1027100061FCEDE7FEF748BF18B1024B984208BFD5
:1027200000207047D85C0400003018BF01207047BB
:1027300010B5142001F094FA044608B102F00EFC22
:10274000204610BD10B5044602F012FC002806DB3E
:10275000238AE268984202D252F8200010BD00207D
:1027600010BD00BF2E4B1B682DE9F047DF6ABA6829
:102770003B68824203F1FF3107F1040703D857F8A1
:102780002120824230D2002945DD5B1057F82320FA
:10279000904226D0B0F804904FF0010C00F10508EB
:1027A0000DE034BF03F1010C03F1FF318C4532DC45
:1027B0000CEB01035B1057F82320824211D0948860
:1027C0004C4528BF4C46063226464546144614F86A
:1027D00001AB15F801EFF245E3D1A4EB020E76450B
:1027E000F5D21846BDE8F087002914DD5B1057F8D4
:1027F00023209042F5D0012403E057F823208242A1
:10280000EFD090428CBF5C1C03F1FF310B19A14249
:102810004FEA6303F1DA00231846BDE8F08700BFF2
:1028200020390020034B1B680131DB6A53F821106B
:10283000FFF788BF20390020F8B504460F4616463A
:1028400002F096FB011E04F10C0505DB324628461A
:10285000BDE8F84002F0EEBA3A462189201D02F0A8
:10286000E9FA3246218A2846BDE8F84002F0E2BA89
:10287000034B1B680131DB6A53F82110FFF7DCBF03
:1028800020390020014B1868704700BF1C39002018
:10289000704700BF820708B508D130B1036823F044
:1028A0000103DA78F92A13D1987808BD0028FCD002
:1028B000C3070FD40E280DD042280DD00A280BD004
:1028C000062805D040F22130FEF76EFE042008BD38
:1028D000042008BD022008BD012008BD0E281FD01D
:1028E00010B5044670B915E0FFF7D4FF0346022B7C
:1028F000204612D0032B0DD1FFF79EFD0E28044673
:1029000008D03CB1A3072046EED000F00FF821F02C
:102910005DFE10BD0020044910BDD4E9010110BDC9
:1029200000200149704700BF0000F87FC10703463F
:1029300051D4820704D59B0914BF012000207047A1
:1029400000284AD02DE9F041FFF7C8FF21F00045EB
:102950000F464FF0FF322946274B064604464FF0FC
:10296000010822F037F940B94FF0FF32224B3046D0
:10297000294622F025F900B9804618F0FF0F2ED124
:1029800000224FF48013204629464FF0010822F020
:1029900021F940B92046294600224FF4801322F045
:1029A000F1F800B9804618F0FF0F18D130463946CB
:1029B0001EF0BAFE0022114B1FF0E4F800220023A3
:1029C00004460D4622F0DEF860B92046294622F082
:1029D0003FF9BDE8F08140107047002070470020AB
:1029E000BDE8F081204629460022044B21F0A2FCDC
:1029F00004460D46E9E700BFFFFFEF7F0000F0410E
:102A0000FFF794BF38B50D46FFF790FF0446284600
:102A1000FFF78CFF00F01F0004FA00F04300B0EB5A
:102A2000630F03D0BDE83840FFF75EBD43F00100FF
:102A300038BD00BF38B50D46FFF778FF044628467D
:102A4000FFF774FF00F01F0044FA00F04300B0EB02
:102A5000630F03D0BDE83840FFF746BD43F00100E7
:102A600038BD00BF38B50D46FFF760FF0446284665
:102A7000FFF75CFF60404300B0EB630F03D0BDE89D
:102A80003840FFF731BD43F0010038BD38B50D4681
:102A9000FFF74CFF04462846FFF748FF204343005A
:102AA000B0EB630F03D0BDE83840FFF71DBD43F026
:102AB000010038BD08B5FFF739FFC0434300B0EB54
:102AC000630F03D0BDE80840FFF70EBD43F00100DF
:102AD00008BD00BF38B50D46FFF728FF044628465D
:102AE000FFF724FF20404300B0EB630F03D0BDE8A5
:102AF0003840FFF7F9BC43F0010038BD38B50D464A
:102B0000FFF714FF04462846FFF710FF00F01F00F0
:102B100024FA00F0B0F1804F03D2400040F00100F1
:102B200038BD21F043FDBDE83840FFF72FBC00BFA2
:102B30000E2816D008B50346C0B19B0708D0FFF792
:102B4000F5FE07EE900AF8EEE77A17EE900A08BD58
:102B5000FFF7C4FE22F09CF807EE900A17EE900AE9
:102B600008BDDFED057A17EE900A7047DFED027AB7
:102B700017EE900A08BD00BF0000C07F70B50E467A
:102B8000FFF7ACFE044630460D46FFF7A7FE0246AF
:102B90000B462046294621F0CDFBBDE87040FFF7EB
:102BA000F5BB00BF70B50E46FFF798FE04463046F1
:102BB0000D46FFF793FE02460B462046294621F0BC
:102BC000B7FBBDE87040FFF7E1BB00BF01F00103B8
:102BD000184203D0C3130133012B12D9D0B50C46D0
:102BE000FFF77CFE064620460F46FFF777FE0246BB
:102BF0000B463046394621F053FDBDE8D040FFF783
:102C0000C5BBCB130133012BE8D84310481000FBA0
:102C100003F04300B0EB630F02D143F001007047B3
:102C2000FFF762BC032912D0D0B50C46FFF756FE61
:102C3000064620460F46FFF751FE02460B46304639
:102C4000394621F057FEBDE8D040FFF79FBB7047E3
:102C5000F8B50C46C107034603D5E20701D5620863
:102C600011D11846FFF73AFE064620460F46FFF7F9
:102C700035FE0B460246394630461EF083FFBDE85E
:102C8000F840FFF783BBFFF751FE05462046FFF7EC
:102C90004DFE95FBF0F303FB10504300B0EB630FC8
:102CA00003D0BDE8F840FFF71FBC43F00100F8BDBA
:102CB0002DE9F0410C468046FFF710FE06462046FF
:102CC0000F46FFF70BFE04460D46FAF7D9F92246E8
:102CD0002B4621F04DFF28BB002200233046394609
:102CE00021F06EFF80B9002200233046394621F0E2
:102CF0003FFF20B3204629460022002321F042FF57
:102D000028BB4046BDE8F081304639461EF09AFFA8
:102D100022462B4621F0C4FCFAF7C6FCBDE8F04180
:102D2000FFF734BB2946204621F06AFF39460246A8
:102D3000304622F015F8BDE8F041FFF727BB3046DA
:102D400039461EF07FFFBDE8F041FFF71FBB0C20A6
:102D500000F086FF08B1034B0360034B0022C0E97B
:102D60000123CFE77C5C04000000F07FC2072DE95F
:102D7000F8430C460BD5CB0709D540104C108442C4
:102D800041DB3DD1640044F00100BDE8F883FFF76A
:102D9000A5FD064620460F46FFF7A0FD04460D465A
:102DA00002460B463046394621F00AFF90B92246CA
:102DB0002B463046394621F0DBFE28B130463946F5
:102DC000BDE8F843FFF7E2BA22462B4634463D46BB
:102DD00016461F46F9F7D0FB2246804689462B4609
:102DE0003046394621F0A4FA42464B4621F058FCC1
:102DF00022462B4621F09EFABDE8F843FFF7C6BAFB
:102E0000234604461846001BFFF7C6F92044440039
:102E1000B0EB640F02D144F00100B6E7BDE8F8431F
:102E2000FFF762BB08B5FFF759FD1EF00BFFBDE8C9
:102E30000840FFF7ABBA00BF08B5FFF74FFD1EF023
:102E40007FFFBDE80840FFF7A1BA00BF08B5FFF754
:102E500045FDFAF715F9BDE80840FFF797BA00BF3E
:102E600008B5FFF73BFDFAF78BF8BDE80840FFF720
:102E70008DBA00BF08B5FFF731FD1EF055FCBDE867
:102E80000840FFF783BA00BF08B5FFF727FD054BE1
:102E9000002221F04FFAFAF7F3F8BDE80840FFF7F7
:102EA00075BA00BF0000E03F0E280BD00E2909D0F4
:102EB0008842F8B5044618D001F00102104216D03D
:102EC0000020F8BD00207047A288A888A31D90426A
:102ED00028BF1046691D1A4612F8014B11F8015F10
:102EE000A542EDD1D41A8442F6D90120F8BD0D4691
:102EF000FFF7D0FC06462846FFF7CCFC8642DFD120
:102F000044EA05039B07DBD1032EDDD0022ED7D187
:102F10002046FFF7E3FC064628460F46FFF7DEFC97
:102F20000B4602463946304621F022FE4FF001039F
:102F300000B90346D8B2F8BD08B5FFF7B5FF0028C1
:102F400014BF42200A2008BD08B5FFF7ADFF0028D6
:102F50000CBF42200A2008BD0E281AD00E29F8B551
:102F60000C4614D00628054615D042283FD00A2822
:102F70001CD00629034600F09080422C11D00A2C68
:102F800037D09C4210D004F001031D4211D0002024
:102F9000F8BD00207047062906D0422C4FF00003F0
:102FA000EDD10322934204D10120F8BD0123062C68
:102FB000E3D12846FFF76EFC06462046FFF76AFC81
:102FC000032E22D003282FD0012E14D0012821D087
:102FD0008642DCD145EA04039B07D8D1032847D0B9
:102FE000022828D0601BB0FA80F04009F8BD032306
:102FF000DDE70122D6E7062D33D0422D4FF0020641
:1030000034D00A2DE2D10125E0E7022813D00328AD
:10301000DCD1DFE7062C4FF0020020D0422C23D079
:103020000A2CD5D10124D3E7022E04D0012EAED133
:10303000062DE2D1ABE72846FFF750FC06462046B6
:103040000F46FFF74BFC02460B463046394621F04F
:103050008FFD4FF0010400B90446E0B2F8BD002432
:10306000B6E702260025B1E70324B1E70325ADE763
:10307000AC4299D0AB88A288A81D9A4228BF1A46B4
:103080000534034613F8011B14F8015F8D427FF4E9
:103090007EAF191A9142F5D986E7002282E700BF78
:1030A000FFF75ABF08B5FFF757FF002814BF4220AB
:1030B0000A2008BD08B5FFF74FFF00280CBF4220CB
:1030C0000A2008BDF8B5078945687FB10E46043D62
:1030D000002402E00134A74208D0314655F8040F1D
:1030E000FFF73AFF0028F5D02046F8BD4FF0FF303B
:1030F000F8BD00BF10B500220446FFF7E3FF011E34
:1031000004DB201D01F0D4FE012010BD002010BD05
:1031100038B58307044608D148B1FFF7BBFB032845
:1031200012D0022814D0012038BD0A2801D1002075
:1031300038BD0028FBD00E28F9D00628F7D010F1B2
:10314000FF3018BF012038BD0C4B9C42EBD1EEE79D
:103150002046FFF7C3FB02460B4604460D4621F00E
:1031600039FD0028E3D1204629460022002321F022
:10317000FFFCB0FA80F0400938BD00BFD85C040005
:10318000422805D00A2801D0FFF7C2BF00207047AF
:10319000012070470E2857D00E2955D0F8B50C469F
:1031A0000546FFF777FB06462046FFF773FB032E25
:1031B0002FD0A5422BD02846FFF790FB064620468D
:1031C0000F46FFF78BFB324604460D463B46304622
:1031D000394621F0FFFCA0BB22462B46204629465B
:1031E00021F0F8FC68BB22462B463046394621F0D8
:1031F000C9FC18BB22462B463046394621F0E0FC7C
:10320000003018BF0120F8BDD01A81420DD2002035
:10321000F8BD0328CDD1A542F9D0AA88A188AB1D5D
:10322000914228BF114605341A4612F8015B14F882
:10323000010F8542E8D028BF0120E4D24FF0FF30D3
:10324000F8BD6FF00100F8BD6FF00100704700BFDE
:1032500038B501F0010313EA000404D08842ACBF82
:103260000020012038BDFFF795FF831C14BFC00F5D
:10327000204638BD10B501F00104204203D0884239
:1032800007DC422010BDFFF785FF831C01D000281A
:10329000F7DD0A2010BD00BF10B501F00104204287
:1032A00003D0884207DA422010BDFFF773FF831C6A
:1032B00001D00028F7DB0A2010BD00BF10B501F0D7
:1032C0000104204203D0884205DB422010BDFFF7F5
:1032D00061FF0028F9DA0A2010BD00BF10B501F027
:1032E0000104204203D0884205DD422010BDFFF7D3
:1032F00051FF0028F9DC0A2010BD00BFF0B591B0E5
:103300000446FFF7C7FA03283DD002280FD005284E
:1033100048D0002C4CD00A2C42D00E2C45D0422C48
:1033200055D02C4B2C48062C08BF18462CE0E30740
:103330002CD40E2C39D02046FFF7D0FA21F00045CE
:103340000F464FF0FF322946244B064621F042FC3F
:1033500038B9304629464FF0FF32204B21F01CFC93
:1033600040B332463B463046394621F033FCE0B9A3
:10337000304639466A46F8F7EBFF68464FF0FF31B2
:10338000FEF7B0FE00E0204611B0F0BD69466010C7
:103390000CF062FD68464FF0FF31FEF7A3FEF3E745
:1033A0000F48F1E70F4811B0F0BD0F4811B0F0BD64
:1033B0000E48E9E7002330463946002221F0E2FBBF
:1033C0000B4C0C4B002814BF20461846DCE70A487B
:1033D000DAE700BF2C5D0400505D0400FFFFEF7FC3
:1033E000445D0400605D0400105D0400BC5C0400EA
:1033F0001C5D0400005D0400385D040010B5044647
:10340000FFF748FA04280ED164B1A3070AD1236854
:10341000074A23F001035B69934203D02046BDE8CD
:103420001040184710BD2046BDE81040FFF766BFAA
:10343000FD33020008B5FFF72DFA052810D8DFE8A4
:1034400000F0030507090B0D084808BD084808BD32
:10345000084808BD084808BD084808BD084808BD18
:1034600040F22230FEF7A0F8002008BDF05C040016
:10347000AC5C0400745D0400945D0400845D040091
:10348000E05C0400062808D008B5FFF703FABDE8A1
:10349000084000F57570FEF787B840F2DD30FEF7A2
:1034A00083B800BF4FF46470FEF77EB810B5FEF726
:1034B000F7F80446102000F07FFC226902602061CA
:1034C00010BD00BF38B5FEF7EBF80469054634B10E
:1034D00023682B612046BDE8384000F0ADBB40F2C8
:1034E0005330FEF761F8F3E7F0B585B00746FEF715
:1034F000D7F8046906468CB194E80F006D46306138
:1035000085E80F00204600F097FB084B77611B68A9
:10351000284631469B6B984705B0F0BD3846FFF70B
:103520006DFF40F2E730FEF73FF8E5E72039002075
:1035300010B5FEF7B5F8446912239C42436101D0EF
:10354000204610BD40F25330FEF72EF8204610BD45
:1035500008B5FEF7A5F84369122B05D0FFF7E8FF81
:10356000BDE80840FFF7C0BF08BD00BF79B110B487
:10357000084B094C014410F8012B04FB03F388426B
:1035800083EA0203F7D118465DF8044B7047014BFC
:1035900018467047C59D1C819301000138B5046829
:1035A00034F00304054612D0A30F15D12846E36971
:1035B000984705462DB140F6BE239D4205D9002C03
:1035C00003DB40F24930FDF7EFFF284638BD40F2FB
:1035D0005130FDF7E9FFE9E7C4F39905EAE700BFD9
:1035E000F8B54FF480400DF085FB194C194B1A4D7E
:1035F0001A4E002787611A4F8760D3E901122768A6
:10360000C76000F10807276000F5805401310634D7
:103610003460596043F6F8742968446022449A6023
:1036200079B188420DD30A6872B1904203D20BE09F
:10363000984203D31A461368002BF9D10360106037
:10364000F8BD01602860F8BD13460A46F6E700BFE2
:1036500010390020F4380020E0380020E83800203D
:10366000F83F008038B5144B9A881B6892B1551EFC
:1036700053F8251088421AD0023A03EB82032A46F7
:1036800002E0216881420BD0013A511C1C46A3F193
:103690000403F6D14FF45270BDE83840FDF784BF03
:1036A000954204D0044801F06FFB206038BD024809
:1036B000BDE8384001F068BBEC3800201821014813
:1036C000FEF736BDF4380020036823F001031888A4
:1036D0008008704730B338B5C5680446A5B155E9D0
:1036E00001326868A96862605A0F032AC4E90201BE
:1036F00005D040F24930FDF757FF55F8043C43F040
:10370000004345F8043C38BD50F8043C5A0F032AE6
:1037100009D143F0004344F8043C0020BDE83840A0
:10372000FDF7C6BF704740F24930FDF73DFF54F842
:10373000043CEEE738B550F8043CDB070546A0F141
:1037400004041CD4104B1B6873B103F108029442AB
:10375000F9D359680A449442F5D255F8043C43F031
:10376000010345F8043C38BD40F24A30FDF71CFF28
:1037700055F8043C43F0010345F8043C38BD40F2E1
:103780004F30FDF711FFDDE7E0380020830709D156
:1037900040B1030F06D00168114B194202D1CB781A
:1037A000F92B00D070470F4B10B504461B688BB146
:1037B00003F108029442F9D3586802449442F5D2C6
:1037C000094841F00101216022468188BDE810408E
:1037D00001F0C2BA40F24A30FDF7E6FE2168EFE799
:1037E00003000040E0380020D838002000294DD0E8
:1037F0002DE9F84F0F468046DFF89CB0DFF89CA01B
:10380000DFF88C90061F002502E00135AF423BD067
:1038100056F8044FA307F8D1002CF6D0230FF4D0AC
:10382000206810EA0B0FF0D1C378F92BEDD1DAF84C
:10383000003053B103F108018C4203D35A680A44A3
:10384000944207D31B68002BF4D140F24A30FDF7B5
:10385000ABFE2068B9F8041040F001002060224659
:103860000B4801F079FAB9F80430642BCDD90C205B
:103870000DF040FA0135074A08EB85037D1BC0E9CE
:103880000135116801601060BDE8F88F704700BF16
:10389000D8380020E438002003000040E038002041
:1038A00038B505684DB104462846FFF743FFA188A7
:1038B0002846BDE83840FFF799BF38BD830709D1D6
:1038C00040B1030F06D00168234B194202D1CB78D7
:1038D000F92B00D07047214B2DE9F04104461B68BD
:1038E000002B33D003F108029442F8D35868024405
:1038F0009442F4D221F0030341F001019B6921605D
:103900000BB120469847164D164C2F46AB8883B90D
:1039100023681846C3B1D3E90026D3F80880226093
:103920000DF00EFA41463046FFF760FFAB88002BE2
:10393000EED0384601F028FA036823F003039B69B0
:10394000002BE3D09847E1E7BDE8F08140F24A3030
:10395000FDF72AFE2168CDE703000040E038002093
:10396000D8380020E4380020F8B505460DF0C2F93B
:103970000446A5F10800830760602ED11B4A1C4F46
:10398000556891681B4EC31C23F00043014423F08B
:103990000303013543F00043C2E901513A68A360D3
:1039A000E26004F10803144A31683B6003EB9000C5
:1039B000106079B18C420DD30A68A2B1944203D24F
:1039C00011E09C4203D31A461368002BF9D12360FF
:1039D0001460F8BD21603460F8BD4FF45270FDF7FB
:1039E000E3FD6068CAE713460A46F0E7F4380020B2
:1039F00010390020E0380020E83800202DE9F04F91
:103A0000834B1B780646980783B005D54FF4527058
:103A1000FDF7CAFD7E4B1B787E4A146895887C4A68
:103A200043F0020313706DB104EB850554F8040BE9
:103A300020F0010310F0010F18BF1868FFF73EFFD8
:103A4000A542F3D1744C3046FDF738FE23688BB1A4
:103A5000724B1B685E8D01F0CBFA256805EB86057D
:103A6000861B07D00024013455F8040BFFF726FF0E
:103A7000A642F8D16A4A6B4B16781D683EB1002405
:103A8000013455F8040BFFF719FFA642F8D1664937
:103A9000664A0B68176801330B60654B00221A6099
:103AA000002F00F0B180CDE90022904691467B685E
:103AB000019A07F108059B0805EB83061A44B542F5
:103AC000019248D22B6813F001017DD11A0F062A0A
:103AD0007AD0AE4240F28880AA4601E0DAF800309F
:103AE000002B4FEA13720FDBD90714D4062A12D029
:103AF0005A0009D4DB78F92B40F2493001D0FDF7A8
:103B000053FD504601F01AF95046FFF747FD0AEB06
:103B1000800A5645E2D8AAEB05044FEAA40CE0451A
:103B20004FEA8C024FF0FF01284642F0004BB8BF2D
:103B3000E046E14421F04EFB042CC5F800B04CDD1A
:103B400000236B60009B002B49D0009B00955D60BB
:103B50005546AE42B6D83F68002FA8D135490198E6
:103B60000B684FEA890202EB091780004FEA8804CC
:103B70007F009BB12E4B1D684FEA590975B12B6828
:103B8000C3F39906B14506D236E02B68C3F3990317
:103B90001E44B14531D36D68002DF6D122494B69E1
:103BA000C1E903246BB193420BD8B84201D3FFF7AC
:103BB00017FD174A137823F00203137003B0BDE812
:103BC000F08F194B5A61F0E723F001032B60284670
:103BD000FFF7E4FC05EB8005BBE75546B9E7144B5E
:103BE00000951D605546B4E74FF00043B8F1000F53
:103BF0002B60AEDA8846ACE733469944A9EB06035E
:103C000005EB83030B60C9E73C4638463A46C5E7F7
:103C100071430020EC3800201C390020203900209E
:103C2000724300200C390020F4380020E0380020D6
:103C300010390020E838002050F8043C5A0F032ABD
:103C400010B5044605D040F24930FDF7ADFC54F8FC
:103C5000043C43F0004344F8043C204610BD00BF40
:103C60002DE9F84F42F6F823C71C98424FEA970710
:103C70007CDC444BDFF810A15B68C3F30803002B26
:103C80005ED19AF8003018075AD143F001038AF840
:103C90000030FDF705FD10B14368002B6DD0DFF853
:103CA000ECB0DFF8EC900026DBF80040002C4ED0A2
:103CB0004FF0000803E0A0461C46002B47D040F21E
:103CC00051301EB9D9F80030A34248D3A10701D121
:103CD000230F01D1FDF768FC2568002D40F24B3021
:103CE00001DBFDF761FCC5F39905ED1B002D636851
:103CF000E1DB0AD0AA0042F0004244F8272004EB9E
:103D00008707012D1CBF7B603B46B8F1000F31D007
:103D1000C8F80430002222604BB15B683BB19A07BF
:103D200001D11B0F03D14FF45470FDF73DFC9AF8FD
:103D3000003023F001038AF800302046BDE8F88FF8
:103D400040F29230FDF730FC9AF800309DE736B132
:103D5000012E08D01520FDF727FC0136A4E700202E
:103D6000FFF74CFEF9E7FFF73BFCF6E71620FDF7FF
:103D70001BFC7EE7CBF80030CCE740F24E30FDF77D
:103D800013FC8CE700ED00E07143002010390020A7
:103D9000E8380020033010B520F00304201DFFF7A1
:103DA0005FFFE31D23F0804323F0030343F08043D0
:103DB00040F8043B10BD00BF08B538B1FFF7EAFF7B
:103DC00050F8043C43F0005340F8043C08BD00BFE9
:103DD000F8B5214B5B68C3F3080306460F46002B7A
:103DE00034D1FDF75DFC1D4D1D4AF31B9B102B705C
:103DF00004461760A8B10C20FFF7CCFF50F8043C34
:103E00006268026043F00053A26840F8043CE36833
:103E1000C0E90123E0600023A6602B7063602046A8
:103E2000F8BD1820FFF7B6FF0E4A50F8043C1268A0
:103E3000026043F00053122240F8043C0023426128
:103E4000C0E903330446FDF733FCE4E740F2923067
:103E5000FDF7AAFBC5E700BF00ED00E072430020BC
:103E60000C3900201C390020830702D108B1030F50
:103E700000D17047024B02469988184600F06CBF8B
:103E8000EC3800208207034602D108B11B0F00D195
:103E90007047FFF7E7BB00BF0430FFF701BD00BF6D
:103EA00003460C309988FFF7A1BC00BF4068FFF7BC
:103EB0006DBC00BF10B504460430FFF7F1FC04F1FF
:103EC0000C00BDE81040FFF7EBBC00BF50F8043B0E
:103ED00023F00103198804398908FFF787BC00BF64
:103EE00003207047808880000F308008704700BF33
:103EF00002207047052070470349044A0023C1E9A6
:103F00000033C2E900337047EC380020D838002075
:103F1000704700BF02207047406812F00DBF00BF1D
:103F2000704700BF10B50446034B4160084623604C
:103F300012F0E4FE204610BDA45D040010B5044656
:103F400082B0406812F0C6FE88B16168684612F01F
:103F500055FA694601A812F0CDFC01A812F05EFAEC
:103F6000606001A812F034FA684612F031FA02B02B
:103F700010BD00BF38B505460820FFF771FE0446A6
:103F800028B1044B45602846236012F0B7FE204656
:103F900038BD00BFA45D0400FFF7ECBFA0F1200313
:103FA0005E2B10D810B582B00446684612F00EF9A8
:103FB00004EB8400009BA0381844052102B0BDE842
:103FC0001040FEF7B5B80020704700BF10B584B0B0
:103FD0000C46416803A812F011FA0023624203A9BB
:103FE000CDE9003303480FF099F903A812F0F0F976
:103FF00004B010BD582D002030B585B00C46416886
:1040000003A8154612F0FAF90023624203A90093AF
:10401000019504480FF082F903A812F0D9F905B010
:1040200030BD00BF582D002043689B8801FB03F181
:10403000FFF7CCBF70B584B00E46416802A81546A4
:1040400012F0DCF902A903A812F0D0F900246FF0F5
:10405000FE0033462A4603A9CDE9000405480FF0C7
:1040600027FA03A812F0B4F902A812F0B1F904B0CB
:1040700070BD00BF582D002010B5044682B0FFF778
:104080005DFF616801A812F0B9F901A812F0DEF92C
:1040900001A812F09DF902B010BD00BFF0B50746AF
:1040A00083B00C4615461E46FFF748FF796801A805
:1040B00012F0A4F9F3B22AB221B201A812F0D0F999
:1040C00001A812F085F903B0F0BD00BF30B583B090
:1040D0000C461546416801A812F090F921B22AB2A7
:1040E00001A812F0D3F9044601A812F071F924EAEC
:1040F000E47003B030BD00BF43685888704700BF0C
:1041000043689888704700BF002B14BFFF2300232B
:10411000FFF7C4BF08B5FFF7D9FF0028D4BF0020C0
:10412000012008BD43689B8801FB03F1FFF764BFD2
:104130000A4610230321FDF7DDBE00BF082870B535
:1041400004460D461AD0A0F10903012B07D92A46CF
:10415000214610230D20BDE87040FDF7CBBE0F4E69
:10416000D6F8540903689B6A98470528EFDCD6F80F
:104170005409036808215B6A9847E8E7074ED6F8B8
:10418000540903689B6A98470228E0DCD6F8540972
:10419000036804215B6A9847D9E700BF0025002027
:1041A00038B5074C0546D4F854090DF0F5F8D4F8A5
:1041B00054090DF051F9401BB0FA80F0400938BDA8
:1041C0000025002070B50D46044600F05BFA50B1A2
:1041D0000368DB6A98472A46204610230321BDE87E
:1041E0007040FDF787BE70BD70B50D46044600F007
:1041F00049FA50B10368DB6A98472A4620461023E3
:104200000221BDE87040FDF775BE70BD08B500F035
:1042100039FA28B10368DB6A9847003018BF0120DB
:1042200008BD00BF2DE9F843204CD4F854090DF027
:10423000B3F820F0CBF98046D4F8540989460DF044
:10424000B3F820F0C3F90646D4F854090F460DF030
:10425000B3F820F0BBF9424604460D464B464046B3
:10426000494620F01DFA3246804689463B46304694
:10427000394620F015FA02460B464046494620F0E2
:1042800059F8224606460F462B462046294620F07E
:1042900007FA02460B463046394620F04BF81DF02F
:1042A00035FE20F0ADFCBDE8F88300BF00250020FE
:1042B000032814D8DFE800F00E090402FFF7B2BFAC
:1042C000084BD3F854090DF077B8064BD3F85409CE
:1042D0000DF06AB8034BD3F854090DF05DB8002017
:1042E000704700BF00250020014804F0A3B900BFBB
:1042F0001C2D0020024BD3F858090DF08DBA00BFD9
:1043000000250020014802F0C3BE00BF402E00205F
:1043100040B1012804D1064BD3F854090DF086B8FA
:1043200000207047024BD3F854090DF05BB800BF72
:104330000025002008B503283FD8DFE800F02F2033
:1043400011021F4BD3F858090DF00EF920F03EF979
:1043500000221C4B20F0CEFABDE80840FEF716B84C
:10436000174BD3F858090DF0AFF920F02FF9154B82
:10437000002220F0BFFABDE80840FEF707B8104B56
:10438000D3F858090DF098F920F020F90D4B0022D0
:1043900020F0B0FABDE80840FDF7F8BF084BD3F8AD
:1043A00058090DF081F920F011F9064B002220F098
:1043B000A1FABDE80840FDF7E9BF00200021CBE7E6
:1043C0000025002000408F40024BD3F858090DF023
:1043D00009B900BF00250020034BD3F854391A68EF
:1043E0000146526A1846104700250020012808B5EA
:1043F00005D0022811D0032808D0002008BD0A48A3
:104400000FF066F9003018BF012008BD074810F012
:1044100027F9003018BF012008BD05480FF058F9F2
:10442000003018BF012008BD8C2D0020D42D0020A5
:10443000B02D00200AB2FF2301B2014812F010B8DB
:104440002C2D002070B5FF2A82B005460E4604DCF4
:10445000002A14460ADC002300E0FF230C4832B295
:1044600029B202B0BDE8704011F0FABFFF2A0CD0AB
:10447000084803F0C1FF0128E3B2EFD0012105484D
:10448000019303F0C7FE019BE8E71346E6E700BF90
:104490002C2D00201C2D00200AB2002301B201485F
:1044A00011F0DEBF2C2D00200AB201B2014811F03C
:1044B000EDBF00BF2C2D002001480EF08FBE00BFC5
:1044C000582D0020C1B2014803F0A4BE1C2D0020CD
:1044D00008B5024803F090FF08BD00BF1C2D002066
:1044E00001480DF0CBB900BF1C2D0020014601484A
:1044F00004F0C2B81C2D002010B9034803F028BEF8
:10450000014803F03DBF00BF1C2D002030B583B033
:104510000C4901A80DF0B6F901A811F07FFF04467F
:1045200001A811F055FF0820FFF79AFB054610B1CE
:104530002146FFF7F7FC204612F0FEFB284603B0A9
:1045400030BD00BF1C2D00202DE9F0410668B3F5F9
:10455000807F28BF4FF480730446D6F800800D4654
:10456000002116461F46C0474FF496700CF018FD08
:10457000227D094B09481F2A98BF184672B6217D33
:10458000074C01F01F0141EA075133462A46A04774
:1045900062B6BDE8F08100BF000500500008005081
:1045A0000D23002008B1436803B9704710B50446D5
:1045B000084600F067F8626804F108014FF4807360
:1045C000BDE81040FFF7C0BF08B1436803B97047AA
:1045D00070B504461546084600F054F82B4662684C
:1045E00004F10801BDE87040FFF7AEBF704700BF9F
:1045F00010B4054C0A4610230146B4F820055DF8B6
:10460000044BFDF777BC00BF0025002008B5034828
:1046100014F0CEF9003018BF012008BD182A002080
:1046200080F30801014801F0A9BA00BF702E0020F4
:10463000014801F0AFBA00BF702E002001460148CA
:1046400001F0B2BA702E002008B5064803F088FCCD
:1046500050EA010301D1002008BD0348BDE808402D
:1046600001F078BB782E0020702E002007EE900A13
:10467000F8EEE77A024817EE901A03F051BC00BF3B
:10468000782E00206E2856D00BDC682855D014DD1B
:104690006B283AD02DDC692849D06A2837D12948BF
:1046A000704773284BD011DD78282CD017DC742884
:1046B0003FD077282BD124487047652833D01EDDA2
:1046C00066282ED0672822D12048704770282CD029
:1046D00025DB712821D0722819D11D48704740F27E
:1046E000E933984217D040F2EA3398420FD1194883
:1046F00070476C280DD06D2809D117487047642881
:1047000005D1164870471648704716487047002074
:104710007047154870471548704715487047154849
:104720007047154870471548704715487047154839
:104730007047154870471548704715487047154829
:10474000704700BFE0280020E829002098280020BA
:10475000A0290020382B00202829002050280020E4
:10476000002A0020F828002010290020202B0020FB
:10477000882900205829002080280020682800204F
:1047800070290020C8280020D029002040290020BE
:10479000B0280020B8290020FFF774BF10B5FFF73C
:1047A00071FF20B10368BDE810405B68184710BD79
:1047B00010B5FFF767FF20B10368BDE810401B6824
:1047C000184710BD10B5FFF75DFF20B10368BDE8C5
:1047D00010405B69184710BD10B5FFF753FF20B1BB
:1047E0000368BDE81040DB68184710BD10B5FFF73F
:1047F00049FF20B10368BDE810409B6B184710BD0E
:1048000070B50446FFF73EFF68B103680D461646D3
:1048100003215B6D98473246294620461023BDE8A8
:104820007040FDF767BB70BD014B9868704700BFD3
:104830007038002008B5FFF725FF78B1C388042938
:104840000CBF43F4807323F48073C3800368114664
:104850001B6D9847024B984200D008BD002008BD50
:1048600011FCFFFF10B5FFF70DFF48B103681C698D
:104870004FF4FA62A44640F2DC53BDE810406047B2
:1048800010BD00BF704700BF10B5FFF7FBFE20B1A1
:104890000368BDE810401B6B184710BD08B5FFF753
:1048A000F1FE014B186008BD18390020026870B590
:1048B0000D1E0446D66802DD0A4A12782AB920463F
:1048C00033460021BDE87040184752110121914044
:1048D000B047236804499B6B91FBF5F12046BDE886
:1048E000704018476E23002040420F00114B124ABF
:1048F0001B78FF2808DC002812DB107073B198B118
:1049000040110121814003E0FF2111703BB1802162
:104910000A4B186810B10A4B1B783BB170477047BF
:1049200000211170002BF9D00021F1E70368DB684A
:10493000184700BF734300206E2300201839002061
:1049400074430020014B1878704700BF6E2300208D
:1049500070B50E4D2B680C46ABB10D4E014622468C
:10496000184601233370FFF7A1FF002C0ADD204613
:104970000BF096FF286818B103680021DB689847A0
:104980000023337070BD034B2B60E6E7183900201D
:10499000734300207837002010B559B101290CBFAE
:1049A00002210021FFF76EFE48B10368BDE8104008
:1049B0005B6C18470121FFF765FE0028F5D110BD9B
:1049C00010B5FFF75FFE0368BDE810405B6D184748
:1049D00001460020FDF7ACBB704700BF70B50C4D21
:1049E0002C6882B014B1204602B070BD2C2020F09B
:1049F00096FB084B002603F1180203F130010096E4
:104A0000044614F0C5FB20462C6002B070BD00BF08
:104A1000143900208829002010B50446FFF7DEFF76
:104A2000036821461B69BDE81040184770B50C4665
:104A300082B0F0B1054639B16A6863689A4203D022
:104A400040F28D30FCF7B0FDFFF7C8FF03686A68DD
:104A50005E6905F1080134B1154604F108030095BB
:104A6000B04702B070BD254623460095B04702B05E
:104A700070BD39B1FFF7B2FF036865685E69002158
:104A80000A46EAE740F28D30FCF78EFDF2E700BF00
:104A900010B50446FFF7A2FF036821469B68BDE8F6
:104AA0001040184770B505460C46FFF797FF03689E
:104AB0002A462146DB68BDE8704018472DE9F043DF
:104AC000134C236883B007460E4615462BB11A686F
:104AD0001846136A9847002323603846FFF7D2FD33
:104AE00007463046FFF7CEFD80462846FFF7CAFD51
:104AF00081462C2020F013FB00264B4642463946C7
:104B00000096054614F044FB256003B0BDE8F08331
:104B10001439002030B583B00446FFF7B3FD90F997
:104B200014503C2020F0FBFA032300932946A2B244
:104B3000012309F0B9F903B030BD00BF10B5FFF78C
:104B4000A1FD074C0146204601F0ECF8054B197811
:104B5000204681F00101BDE8104001F037B800BFE8
:104B6000702E0020744300200146034B034881F05F
:104B700001021A7001F02AB874430020702E002040
:104B8000F0B5044683B0002017460E46FDF7D0FA74
:104B90006100054600F1080289B2009733460348D8
:104BA00013F0DAF8284603B0F0BD00BF282C00202F
:104BB00010B582B00C4640004B68009281B204F1FF
:104BC0000802024813F064F802B010BD282C00203F
:104BD0000023C0E901337047704700BF0023C0E9DC
:104BE0000133C0E903337047704700BF2DE9F04738
:104BF000C4888C4205460E462FD24FEA8408D0F86E
:104C00000090002C39D03F2C35DDB4F5007F3DDB22
:104C100004F580774FF6FE724FF6FF73974288BF18
:104C20001F46B742B8BF3746B8000CF063F882465B
:104C30001CB14246494620F0A9FA3A1B92000021D5
:104C40000AEB080020F0C6FA48460CF079F8C5F8DF
:104C500000A0EF80AE80BDE8F08782889142F9D253
:104C60000068521A00EB81009200002120F0B2FA95
:104C7000AE80BDE8F0876700D3E704290F46B8BFD0
:104C80000427B8000CF036F88246D6E7034B08EB51
:104C90000407A3FB07377F08C3E700BFABAAAAAA94
:104CA000704700BF704700BF704700BF704700BF2C
:104CB000704700BF0B6823F0010370B51B89042BFC
:104CC0000C46054602D13DB9204670BD40F2853004
:104CD000FCF76AFC002DF7D0E81C8000FEF7C0FF4F
:104CE000064608B1074B0360A368B360AAB2B5805B
:104CF0009200002106F10C00344620F06BFA2046A9
:104D000070BD00BFD45D040038B502690A4B9A42F9
:104D1000054603D04FF46270FCF746FC2888FEF786
:104D20009FFF044600B105602A880021043A201D37
:104D300020F050FA204638BDA54C0200036823F04D
:104D400001031B69184700BF036823F001031B69B7
:104D5000184700BF704700BF4FF6FE7399420AD84C
:104D600083888B4270B5054616460C4604D92B68DD
:104D700043F8246070BD70470131FFF737FF2B689F
:104D800043F8246070BD00BF83884BB1013B9BB2E8
:104D900002688380002152F8230042F823107047F4
:104DA00018467047C38870B54BB33F2B0FDDB3F582
:104DB000007F2CDB03F580744FF6FE72944223D8FB
:104DC000A4B28C4238BF0C46A34207D370BD5C002E
:104DD000A4B28C4238BF0C46A342F7D20546A000CD
:104DE000FEF7D8FFEB880646E3B9E21A920006EB1D
:104DF0008300002120F0EEF92E60EC8070BD0429C4
:104E000038BF04210C46E7E74FF6FF74E4E7084A91
:104E100003EB8304A2FB0424C4F34F048C4238BF89
:104E20000C46D9E79A00296820F0B0F9EB88DCE756
:104E3000ABAAAAAA30B5C3888B4283B005460C46FC
:104E400009D9036843F82120AB889C4224BF013470
:104E5000AC8003B030BD4FF6FE739942F9D80131F2
:104E600089B20192FFF79EFF2B68019A43F8242034
:104E7000EAE700BF38B5C3888B4204468DB201D241
:104E8000AB4201D9A58038BD2946FFF78BFFA5802D
:104E900038BD00BF83884BB1013B9BB20268838061
:104EA000002152F8230042F823107047184670473B
:104EB000F8B583888B421DD905684A1C8F00934240
:104EC000044655F8216005EB070007D8013B9BB26B
:104ED0000022A38045F823203046F8BD5A1A02F17B
:104EE0008042013A391D2944920020F05AF9A388E2
:104EF0002568EBE70026EFE783888B421CD970B565
:104F00000E461546591CC28889B28A4204460FD9FA
:104F1000701C216880009B1B061F9A0008443144C6
:104F200020F03FF9A388226801339551A38070BD1A
:104F3000FFF738FFA388EBE7FFF77CBF024A026068
:104F40000022C0E901227047645E0400024A026048
:104F500000224260704700BF345E0400034A0260D2
:104F60000022C0E90122C0E903227047045E040068
:104F70002DE9F041068945681EB32B68994224D07B
:104F80002A46002003E052F8044F8C4217D001302B
:104F9000B042F8D1B1F804808F1D002404E0013440
:104FA000A6420ED055F8043F9A889045F7D1991D36
:104FB0004246384620F0DBF80028F0D12046BDE814
:104FC000F0814FF0FF30BDE8F0810020F7E700BF2F
:104FD000704700BFFCF7E8BA014B1B6818697047BF
:104FE00020390020014B1B68986970472039002048
:104FF000014B1B68188C704720390020014B1B683F
:10500000D86B7047203900200268F8B544F21023AD
:105010009A4200D0FEE74368194A1968194F914235
:105020003B6014D00646188C174D8000FEF7C4FE76
:105030003B6828601A8C0021920020F0CBF83C6875
:10504000124B226829689A420D6006D0FEE740F2B2
:105050009F30BDE8F840FCF7A7BAB36822699A42CE
:10506000F4D1FCF7EFFA3A680023156B04F1400025
:105070001A461946A847BDE8F840FCF7B7BA00BF82
:10508000718E3B92203900201C390020708E3B929B
:105090000148FFF7B9BF00BFE054040048B110F069
:1050A000030207D1036823F00103D978F92903D05B
:1050B00010467047002070471889A0F10600B0FA2A
:1050C00080F04009704700BF70B505460C20FEF720
:1050D000C7FD044620B1154B03600023C0E901332E
:1050E0003DB1AB0705D12B6823F00103DA78F92A2B
:1050F00001D0204670BD0E4A9342FAD12E89002E6F
:10510000F7D02046FEF7B0FE63899E4203D93146B0
:10511000201DFFF747FEB20069682681606820F015
:1051200035F82046FEF7AEFE204670BD645E0400F2
:10513000045E040038B50D46044608B1830714D058
:1051400040F29B30FCF730FA29462046FFF710FF6B
:10515000051E08DB2946201DFFF7AAFE294604F19B
:105160000C00FFF7A5FE422038BD036823F00103C1
:10517000DA78F92AE4D1024A9342E5D0E0E700BFA9
:10518000045E040010B5104882B00DF0A3FA90B18F
:105190000246002301A80C490DF03EFA0198B0F92F
:1051A00002100430FCF7C2FF044601A811F096FC7F
:1051B000204602B010BD01460448FCF7B7FF044684
:1051C000204602B010BD00BFA82B0020646D040073
:1051D00030B5034683B00E4CB0F904200D4601A84B
:1051E000991D11F0F3FC01A9002220460CF0FAFFF2
:1051F00001A811F073FC2A46102301210C20FCF7B2
:1052000079FE204600210DF075F903B030BD00BFD6
:10521000A82B002098B100B5014683B0B1F9042055
:1052200001A8063111F0D2FC01A9022204480CF0B9
:105230002FFF01A811F052FC03B05DF804FB70478A
:10524000A82B0020014628B14268034802230831F8
:105250000CF0F4BE704700BFA82B0020F8B5051E67
:1052600021DD022729460020FCF762FF044600F1F9
:105270000806FEF7F9FD3B46314662680D480DF021
:1052800055F9854209D001463046FCF751FF0546E5
:105290002046FEF7F7FD2846F8BD20462546FEF7D6
:1052A000F1FD2846F8BD03480DF014FA0027054625
:1052B000D8E700BFA82B002070B50D46144606465F
:1052C000FFF7E0F990B12846FFF7DCF970B13046FE
:1052D000FFF7D8F906462846FFF7D4F931460246CB
:1052E00005480CF0EDFE054B01221A7021460248DC
:1052F000BDE870400CF0D6BEA82B002075430020FE
:1053000038B50C460546FFF7BDF9A0B12046FFF7BA
:10531000B9F980B1094B012228461A70FFF7B2F99A
:1053200005462046FFF7AEF929460246BDE838405B
:1053300003480CF0C5BE6FF47A7038BD7543002089
:10534000A82B0020014601480CF0ACBEA82B002081
:1053500038B5094A094B02F170042046A2F1180140
:1053600000251D700CF0ACFE20464FF4E131BDE885
:1053700038400CF097BE00BF382B0020754300204A
:10538000014601480DF072B9A82B002001460148E2
:105390000DF086B9A82B0020024B1B7803B1704793
:1053A00009F00CB875430020024B1B7803B170471D
:1053B00009F004B87543002010B582B0B0F904209C
:1053C000811D684611F002FC6A46022301A80949C2
:1053D0000CF01EFF0198B0F902100430FCF7A6FE95
:1053E000044601A811F07AFB684611F077FB2046CD
:1053F00002B010BDA82B002000B5831D83B0B0F90A
:10540000042069B9194601A811F0E0FB01A90C4874
:1054100003F01AFF01A811F061FB03B05DF804FB73
:10542000194601A811F0D2FB01A90122044803F09A
:1054300073FF01A811F052FB03B05DF804FB00BF3D
:1054400074370020014803F099BC00BF7437002076
:10545000792810B50C4609D10748A4F10101B1FA29
:1054600081F14909BDE8104013F042BAFFF70AF98B
:105470000028F2D110BD00BF182A002070B50E46DA
:10548000FDF72CFA044630460D46FDF727FA024692
:105490000B46204629461CF007FBBDE87040FCF790
:1054A00075BF00BF08B5FDF719FA1CF09FF8BDE8FD
:1054B0000840FCF76BBF00BF08B5FDF70FFA1CF002
:1054C00051F8BDE80840FCF761BF00BF08B5FDF723
:1054D00005FA1BF0FBFFBDE80840FCF757BF00BF13
:1054E00008B5FDF7FBF9F7F7B7FBBDE80840FCF797
:1054F0004DBF00BF08B5FDF7F1F91CF083FABDE818
:105500000840FCF743BF00BF08B5FDF7E7F91CF002
:10551000D1F9BDE80840FCF739BF00BF08B5FDF779
:10552000DDF91CF0F3FCBDE80840FCF72FBF00BF1D
:1055300008B5FCF743F8FFF7ABFD002008BD00BF3E
:105540002028064B00F01F004FF00102B8BF4FF0BB
:10555000A04302FA00F0C3F80805704700030050AA
:10556000014B1860704700BF24390020014B1868B8
:10557000704700BF28390020014B1868704700BFF2
:105580002C3900202DE9F04707461F4DDFF87C80BD
:105590008946FFF7D5FF202FB8BF4FF0A04507F091
:1055A0001F0605EB86049F20D4F8003743F0030361
:1055B000C4F80037C047012000FA06F6C5F80C65AC
:1055C000B9F1000F0FD0C047D4F8003723F0030320
:1055D0003846C4F80037FFF7B3FF434640F2BD300A
:1055E000BDE8F047184740F2BD30C047D4F8003757
:1055F00023F003033846C4F80037FFF7A1FF434602
:105600000A20BDE8F047184700030050C1200020E1
:105610002DE9F8431F28264CDFF89880D8BF4FF0BB
:10562000A04400F01F0904EB89070125D7F80037D3
:1056300043F00303C7F80037064605FA09F5FFF7FC
:105640007FFF9F20C0470A20C4F80C55C047304652
:10565000FFF776FFD7F8003723F00303C7F80037CA
:1056600040F28951D4F810351D4201F1FF300ED1BE
:1056700019B906E0012814D01846831E0028F9D174
:1056800001463046FFF75CFF0846BDE8F883431C3F
:105690000146E7D130460121FFF752FF0846BDE839
:1056A000F88330460021FFF74BFF0846BDE8F8833A
:1056B00000030050C12000202DE9F04784B00646C9
:1056C00089460DF103070DF10C0800240025AA46B8
:1056D0003046FFF79DFF04F0010398424FEA54045F
:1056E00000FA05F218BF84F08C0405F1010542EAC6
:1056F0000A0218BFE4B2082D5FFA82FAE8D107F86F
:1057000001AF4745E2D19DF905209DF8043043EAF9
:10571000022307EE903AFAEECE7AC9ED007A3CB950
:105720009DF80630FF2B07D0204604B0BDE8F08777
:10573000002004B0BDE8F0879DF80700A0F18000CC
:10574000B0FA80F0400904B0BDE8F0872DE9F843D5
:105750001F28224C224FD8BF4FF0A04400F01F0951
:1057600004EB89060125D6F8003743F00303C6F899
:105770000037804605FA09F5FFF7E2FE42F68E1083
:10578000B84741F2C740C4F80C55B8474046FFF748
:10579000D7FED6F8003723F00303C6F800376A2097
:1057A000B84740F6B832D4F810150D4202F1FF3375
:1057B00007D0591C1A46F6D1D4F810350020BDE8A0
:1057C000F8831AB113B1023B5A1CFBD1D4F810353F
:1057D0001D4214BF01200020BDE8F88300030050E3
:1057E000C1200020F8B50446FFF7B0FF07460028A7
:1057F0004AD0CC260025EA1F18BF012206F001017D
:1058000001352046FFF7BEFE082D4FEA5606F2D1BD
:105810004E260025EA1F18BF012206F001010135BE
:105820002046FFF7AFFE082D4FEA5606F2D1FF26BD
:105830000025EA1F18BF012206F0010101352046AC
:10584000FFF7A0FE082D4FEA5606F2D1802600256C
:10585000EA1F18BF012206F0010101352046FFF7BB
:1058600091FE082D4FEA5606F2D17F260025EA1F49
:1058700018BF012206F0010101352046FFF782FE24
:10588000082D4FEA5606F2D13846F8BD70B50646E7
:10589000FFF75CFF18B3CC250024E21F18BF0122DC
:1058A00005F0010101343046FFF76CFE082C4FEA89
:1058B0005505F2D144250024E21F18BF012205F04E
:1058C000010101343046FFF75DFE082C4FEA550513
:1058D000F2D13046FFF79CFE80F00100C0B270BDEF
:1058E0002DE9F04182B0064600F032FC18B9664B53
:1058F0001A68002A34D03046FEF7C4FE047D032522
:105900002046FFF76FFF034600283FD02046FFF7F1
:10591000BDFF00284BD1013DF2D15C4B5C4A1868B9
:105920005C4B643E166002221A6030B15A4B1B6811
:105930002A461E6B29462B46B047584B5848202C08
:10594000B8BF4FF0A04304F01F0403EB8404D4F865
:10595000003723F00303C4F8003702B0BDE8F0813C
:1059600050484FF40074C0F88040BFF34F8FBFF32E
:105970006F8F4FF080454C4A0121296003251A6042
:105980005160C2F8085511600460B4E73F4A4049CD
:105990001068404A643E0E60012111600028CCD09E
:1059A0003D4A12681946156B1A46A847C5E71425E3
:1059B00004E000200AF074FF013D1FD02046FFF7ED
:1059C00027FE0028F5D14FF003082046FFF7BEFE62
:1059D000F8B9B8F10108F8D12C4B2D4A18682D4BB5
:1059E000643E166003221A600028A6D02A4B1B686A
:1059F00042461D6B41464346A8479EE7234B244A37
:105A00001868244B643E166004221A6000288DD169
:105A100093E7CC270025EA1F18BF012207F00101F8
:105A200001352046FFF7AEFD082D4FEA5707F2D1AA
:105A3000BE270025EA1F18BF012207F0010101352A
:105A40002046FFF79FFD082D4FEA5707F2D101A925
:105A50002046FFF731FE0028BBD0104B0C4A0D4901
:105A60001660202CB8BF4FF0A04304F01F0403EBD6
:105A700084030024D3F8002701980C6022F003026D
:105A8000C3F8002769E700BF30390020243900201F
:105A90002C39002028390020203900200003005034
:105AA000000080FF00E100E000900040704700BF70
:105AB000704700BF024B1B6803EB4000704700BFFC
:105AC00020390020704700BF704700BF704700BFFB
:105AD0000048704716FCFFFF704700BF10B5044632
:105AE000D0F8FC08036801211B6898470121D4F80D
:105AF000FC0813F0FBF8D4F84818D4F8F40811F0B7
:105B00001DFDD4F8F818D4F8F408002211F0DAFCDE
:105B1000012111F0E7F9012384F8703810BD00BFAE
:105B200038B50446D0F8FC0803680025294684F8F7
:105B300070581B6898472946D4F8FC08BDE83840DF
:105B400013F0D4B810B50446D0F8480811F0ACF9F9
:105B500010B194F870386BB1D4F8480811F0A4F97A
:105B600010B994F8703803B910BD2046BDE8104054
:105B7000FFF7D6BF2046FFF7B1FFEDE7FF2906D8B4
:105B800008B58900083002F097F9002008BD6FF4CD
:105B90007A70704708B5083002F0A4F90028B8BF41
:105BA0000330801008BD00BFD0F8F03880F87218BC
:105BB0005BB1D0F8782819B91146184612F0EEBB3F
:105BC00011461846012212F0BDBB7047D0F8F038DC
:105BD00080F873185BB1D0F8742819B911461846CB
:105BE00012F0DCBB11461846002212F0ABBB704726
:105BF00070B5044682B038201FF091FA04F1080510
:105C000013232A46064600931849194B12F0B8F997
:105C10000021C4F8F068304612F09AFAD4F8F0087F
:105C200012F066F981B2284602F06CF94FF4004197
:105C3000284602F071F994F872182046FFF7B4FF75
:105C400094F873182046FFF7C1FFD4F8EC380BB175
:105C500002B070BD284640F2FF33002204F67C01FA
:105C600002F0E8F8C4F8EC0802B070BD0010024081
:105C700000442C47044B186810B1D0F8F03803B139
:105C80007047FFF7B5BF00BF3439002010B5044698
:105C900089B3D0F8F03823B3C388214A43F0010315
:105CA0000221C380C2F88410BFF34F8FBFF36F8F00
:105CB000D0F8F00812F040FBD4F87818D4F8F008C7
:105CC00012F06CFBD4F87418D4F8F00812F066FBEC
:105CD000D4F8F00810B103689B6998470023C4F812
:105CE000F03894F87038DBB284F871382046FFF74A
:105CF00017FF002010BDC388DA0705D5D0F8F028BB
:105D000023F00103C38042B194F87138002BF0D026
:105D10002046FFF7E3FE002010BDFFF769FFF3E721
:105D200000E100E070B50446D0F8F00894F873582C
:105D3000002384F873380E4618B1D4F8741812F0A2
:105D40002DFBC4F8746829462046BDE87040FFF773
:105D50003DBF00BF70B500F108040CF073FF0646AC
:105D6000204602F0FDF80546204602F0FFF86DB12E
:105D700005F5B5550C35B5420CD830B100F5B2502B
:105D80000830B0428CBF0020012070BD003018BF29
:105D9000012070BD012070BD70B50446D0F8F00838
:105DA0001B4B236048B1D4F8781812F0F7FAD4F8F6
:105DB0007418D4F8F00812F0F1FA164BC4F8083948
:105DC00003F18402A833C4F82029C4F82839124EFC
:105DD000002504F6381010F0EFFD04F51260C4F849
:105DE0002069A4F826590AF0ADF904F6041002F06F
:105DF00093FF04F67C0002F087FC04F1080001F038
:105E0000F5FD20462660E5800AF09CF9204670BD2D
:105E10009C5E04008C6A04001474040010B50446EF
:105E2000FFF7BAFF20461FF073F9204610BD00BFF0
:105E30002DE9F04F654D056085B0002506464560AB
:105E400004468B4692461F46DDF838900AF00AF960
:105E50005F4B46F8083B40F2FF3203235D49304672
:105E600001F07EFD04F67C08012284F8705884F865
:105E7000722884F8732840F6C2314AF64442C4F8C6
:105E800074B8C4F878A884F87158404602F074FCDD
:105E90000F9BC4F8FC384146C4F8EC58C4F8F058DD
:105EA000C4F8F478C4F8F89804F6041002F032FF4D
:105EB00031462B2204F6081003F0E2FC464A116832
:105EC000002900F08180E288DFF824A142F400522A
:105ED0004046E280012102F013FF49460022384685
:105EE00011F0F0FA03683D495B6AC4F84808984726
:105EF00000220721D4F84808DFF8E09010F0D8FF1E
:105F00002046FFF7EBFD0AF09DF8074644201FF0FE
:105F100006F9D4F848183A4605461C3104F50768D6
:105F200010F0F0F841462846C4F854580FF040FFEE
:105F3000D4F8540803685B69984707464C201FF063
:105F4000EEF80A2202233946CDE90032244A012321
:105F500005460FF065FED4F85408C4F84C580368A1
:105F60005B699847074660201FF0D9F81D4A0192E7
:105F7000152202924FF08342394605461A4B009291
:105F80001A4A0FF09BFBC4F8585844201FF0C7F87A
:105F9000D4F84C1807462C31252210F0B3F804F53C
:105FA0000665C4F8507854201FF0B9F853460746E8
:105FB0004A46314602F072FB45F8047B4545F2D172
:105FC000204605B0BDE8F08F14607CE7147404002F
:105FD0009C5E040000442C473439002000E02B462E
:105FE0000AD7A33D00000C42000082420000AA42F2
:105FF00000007F4300487047D45E0400BFF34F8F1A
:106000000549064BCA6802F4E0621343CB60BFF354
:106010004F8F00BFFDE700BF00ED00E00400FA0570
:1060200012DF7047704700BF08460AF0BBBF00BFD1
:1060300013F0FEBF08460AF0B1BF00BF14F006B867
:10604000024A034901601060704700BF44390020D4
:10605000FC5E040030B583B002AB002103F8011DE3
:1060600005461846FFF7DCFF9DF80730012B1BD0D3
:10607000134A1448012313600424C2F80011D2F813
:106080000031002BFBD0D2F80835013C43EA002058
:10609000F3D1012353602B680B4A9B69934209D1CA
:1060A0000AF080FF03B030BD2B68074A9B690548A2
:1060B0009342F5D001462846984703B030BD00BF53
:1060C00000D00040ED5EBC0B29600200034B1B6852
:1060D0000BB10AF069BF1846704700BF4439002071
:1060E0004FF08053586E704770B4174E174C0FCE58
:1060F00089B001AD0FC596E8070003C5002104F87B
:10610000051F4FF080532A705E6E0520012501EBBC
:10611000810208AB1A44B6FBF0F300FB1363B3FB38
:10612000F5F31A44013112F81C2C04F8012D05294D
:10613000A6EB030600EB800005EB8505E7D10348DD
:1061400009B070BC704700BFB85E04003839002049
:1061500000B583B002A8002300F8013DFFF760FFFF
:106160009DF80700A0F10100B0FA80F0400903B0EB
:106170005DF804FB08B5FFF741FF00BF014B186055
:10618000704700BF403900202DE9804889B0DFF812
:106190007092079013F042FF914A9249924D00236A
:1061A000C1F8103509F10404C2F810354846C2F8A8
:1061B00014351C21C2F81835C2F81C35C2F8203538
:1061C000C2F82435C2F828354FF0A043032201F568
:1061D000E071844243F8212009D010F8011F1F29E3
:1061E00086BF01F01F012B464FF0A043EFE77F4B26
:1061F0007D4D1C1D1A464FF0A0411523032003F5C9
:10620000E073944241F8230009D012F8013F1F2B9C
:1062100086BF03F01F0329464FF0A041EFE7734804
:10622000714D15234FF0A041012404FA03F382427B
:10623000C1F80C3509D010F8013F1F2B86BF03F0C1
:106240001F0329464FF0A041EFE7694B694A1B68DD
:1062500012680693DFF890A10592002303934FF094
:10626000010B059B002B00F0AF80039A934240F393
:10627000A98000230493604B01931B244FF0A04896
:1062800000230293019B03F1040E029B272B6FDC7A
:10629000039B49F63F42052B49F6404C40F69F735D
:1062A000ACBF4FF47A6C1346019E504F49F6404202
:1062B000654604200441E407CC464FF01C010FD58D
:1062C0001F2943D84FF0A0440BFA01F1C4F80C1574
:1062D00080B134781CF8011F01380441E407EFD481
:1062E0001F2937D84FF0A0440BFA01F1C4F8081564
:1062F0000028EED15DB139781F2986BF01F01F015A
:1063000050464FF0A0400BFA01F1C0F808150021EB
:1063100002E00131914212D09942D8F80405F8D137
:1063200038781F2886BF00F01F0054464FF0A04465
:1063300001310BFA00F09142C4F80C05ECD176451E
:1063400007F101070AD016F8014FB2E701F01F016B
:106350005446B9E701F01F015446C5E7029B0133DB
:10636000302B029309D0019B1C78029B272B8FDDD9
:106370004FF0FF334FF0000C96E7049B591C0429A3
:106380002AD0012926D0049B012B14BF01230A2304
:106390001A48079A92FBF3F380FB0320DA17C2EB4B
:1063A000A00202EB8202A3EB4203303305225BB270
:1063B0006FF09F0012FB0303069A0491D11801911C
:1063C000D45C5DE7FFF71AFE0B4B0193059B04932A
:1063D0001B2453E76423DBE7039B0133039340E76C
:1063E000046000400060004000030050E45E0400D0
:1063F0001021002040390020DC5E040067666666DC
:10640000EC5E040008B50846FBF7CEF808BD00BFF7
:106410004FF0FF30704700BF054B186828B1036884
:10642000044ADB69934202D1704713F0FFBD18475D
:106430004439002025600200704700BF00487047C3
:1064400016FCFFFF10B5074B03F108024833044662
:10645000026040F83C3F0CF003FD204601F058FE7E
:10646000204610BD1C5F0400A0F13C00FFF7EABF0E
:10647000094B10B503F1080248330446026040F8A6
:106480003C3F0CF0EDFC204601F042FE20461EF0A1
:106490003FFE204610BD00BF1C5F0400A0F13C0081
:1064A000FFF7E6BF30B583B001241D4600940446D3
:1064B00001F06CFF2A46214604F13C000CF0FAFC86
:1064C000044B204603F1080248332260E36303B023
:1064D00030BD00BF1C5F0400F8B54FF400620646F3
:1064E0004263044656F8640B03680025DF693146B1
:1064F0000B23B847294684F88B5084F8805084F8E1
:10650000755084F89050102204F181001DF0F6FEC1
:1065100029466064102204F176001DF0EFFE656BE1
:106520002368E06405F50065E5631A68676C126B23
:10653000184690472844874203D3E56C636CAB420E
:1065400001D30020F8BD20680368DB6A98478542C4
:10655000F7D230460E2203491EF009FEB0FA80F051
:106560004009F8BD805F040010B50446C0E901236E
:106570000160042308314FF480720C3008F064FA93
:106580000022012104F124000AF0CAFA04F1980063
:1065900010F03EFB0023C4E91433A3632362236499
:1065A0006363E3636364A365E36484F85C3084F845
:1065B0005D302366C4F89430204610BD30B5036AC0
:1065C000DB078DB0044602D4FFF786FF90B12D2281
:1065D000002168461EF0FEFD2068616B03686A4674
:1065E0001D6A0B23A8472068E16C03686A461D6A90
:1065F0000123A847236A23F0010323620DB030BDB5
:1066000038B500F12404054620460AF093FA2846DE
:10661000FFF7D4FF2046BDE838400AF0C3BA00BFF8
:1066200010B50446983010F059FA204610BD00BF4E
:10663000C1600020704700BF014B1880704700BF49
:106640006443002010B5044B036000230446C3805C
:1066500009F078FD204610BD1474040010B5064BF7
:10666000036000230446C38009F06CFD20461EF041
:106670004FFD204610BD00BF1474040082B070B5F9
:106680000C4684B005464968206802AC03C40399EF
:1066900008AC481084E80C00CB0745BF2A58029B81
:1066A000029CD4580AAB2E1893E803008DE803002F
:1066B00008AB0CCB3046A04704B0BDE8704002B038
:1066C000704700BF10B5006A84B0026800230093D1
:1066D000146AE0210DF10F02A04704B010BD00BF05
:1066E0002DE9F843154D05600025044645601F4619
:1066F00089469046BDF8206009F0B4FC104820603F
:10670000C4E90898A7622A4604F12C0001210AF086
:1067100007FAE388256143F480430020002143F019
:1067200004036561A561C4E91001E563A4F848505C
:10673000A680E3802046BDE8F88300BF14740400FF
:10674000E45F0400C3885B0700D47047FFF7BABF5B
:1067500030B5C3885B0783B004460D4601D5FFF70B
:10676000B1FF206A2A6801685388002400940C6AEB
:106770000432E021A04703B030BD00BF70B506462B
:10678000486AD0F80C33B0F812435B6884B000F567
:1067900043700D469847B0FA80F0C4F300244009D6
:1067A000A04215D003A801220C2110F0EBF8EB88D1
:1067B0005B071DD4286A039A0368002100919C6A34
:1067C00004320C23E021A04740B103A810F0F4F8F4
:1067D000304610F0D1F8304604B070BD03A9304601
:1067E00010F0E2F803A810F0E7F8304604B070BDEE
:1067F0002846FFF767FFDDE770B50C4682B0064616
:10680000684610F0B9F8E38843F00103E3800125FE
:1068100001200AF0C3FB214601A8FFF7AFFF01A941
:10682000684610F0D1F801A810F0C6F8009B5A880D
:10683000691CE2B11A79202A1DD1E2885B7992069F
:1068400001D5392B1FD0312B11D00221684610F011
:1068500039F9E38823F00103E3806946304610F0FC
:10686000A3F8684610F0A8F8304602B070BD132DAA
:106870000CDC0D46CCE7132AE7D059790E480AF014
:1068800019FBC11CE2E701210D46C1E701220221EB
:1068900001A810F077F8019B3822202119715A7154
:1068A000E38823F00103E38001A9304610F07CF86F
:1068B00001A810F081F8D4E7945F0400F0B5164603
:1068C00083B00D461F46044610F056F8314601A825
:1068D00010F06AF801A92846FFF73AFF00B92FB96E
:1068E00001A810F069F8204603B0F0BD01A810F02F
:1068F00063F8294601A8FFF77FFF01A9204610F0A1
:1069000063F801A810F058F8204603B0F0BD00BFAE
:1069100070B582B01646044601220D466846022133
:1069200010F030F8204610F027F8009B10225E711E
:106930001A71694601A810F037F801A92846FFF737
:1069400007FF064601A810F037F856B9294601A8F6
:10695000FFF752FF01A9204610F036F801A810F009
:106960002BF8684610F028F8204602B070BD00BF32
:1069700030B5CB889B0783B00C46054606D5A0688A
:10698000A38928602846AB8003B030BD68460FF06D
:10699000F3FF012201A82146FFF7BAFF01A96846CB
:1069A00010F012F801A810F007F8009BB3F80730B8
:1069B000A381022201A82146FFF7AAFF01A9684688
:1069C00010F002F801A80FF0F7FF009BB3F80730B2
:1069D0002381022B03D1E38843F02003E3800322C9
:1069E000214601A8FFF794FF01A968460FF0ECFFCC
:1069F00001A80FF0E1FF009AA189B2F80720E3880F
:106A0000628149F60412914243F0020016BF23F05E
:106A1000040343F0060343F00203E080E38068468A
:106A20000FF0CAFFABE700BF70B584B006460C4656
:106A300001A8012204210FF0A5FF019A08230125D6
:106A400084F001041221D47111715371957101A95F
:106A50000DEB03000FF0A8FF2B46314602AA03A856
:106A6000FFF72CFF03A80FF0A7FF02A80FF0A4FF69
:106A700001A80FF0A1FF04B070BD00BF70B50121E7
:106A800084B00546FFF7D0FF0021012009F06EFB1E
:106A900001A8012204210FF075FF019B08220124A7
:106AA0001226072001A91E715871DA719C710DEB35
:106AB00002000FF079FF234602AA294603A8FFF738
:106AC000FDFE03A80FF078FF02A80FF075FF0A2063
:106AD0000AF064FA686A032100F5437012F024F9A1
:106AE0004FF0804301A8C3F800450FF065FF04B0E4
:106AF00070BD00BFC388DB0700D5704730B50446C2
:106B0000406AD0F80C33B0F812535B6883B000F5DC
:106B100043709847B0FA80F0C5F300254009A842B9
:106B200013D068460FF028FF01A82146FFF726FE84
:106B300001A968460FF048FF01A80FF03DFF009B38
:106B40005A8822B968460FF037FF03B030BD1A7972
:106B5000112AF7D15A79092AF4D19A79012AF1D167
:106B6000DB79032BEED12046FFF788FFEAE700BF71
:106B7000C38870B513F0010403D0114B00221A60D2
:106B800070BD0546406AD0F80C33B0F812635B68FC
:106B900000F543709847B0FA80F0C6F3002640092C
:106BA000B042EAD0064A13681D2B02DC01331360A1
:106BB00070BD28461460BDE87040FFF79BBF00BF62
:106BC00048390020C38819B923F00103C3807047F6
:106BD00043F00103C380704708B509F08BFF003014
:106BE00018BF012008BD00BF2DE9184804460CF06D
:106BF00019F8D4E91023821A61EB0303002B08BFB4
:106C0000B2F5FA7F06D3E06B0028CCBF002001204C
:106C1000BDE818880020BDE8188800BF2DE9F04FB6
:106C20008BB0054699469DF8503004930C4601916F
:106C300090460CF007F8AB6A002B00F00081064686
:106C40000F460BF0FFFF82468B467CB1894508BF9B
:106C50008045C0F0F280B8EB0A0069EB0B01794A7D
:106C600000238B4208BF824280F0E7802846012142
:106C7000FFF7DAFE049B002B0CBF0120022000214D
:106C800009F074FA08A80CF0AFF8CDE90201A86A7F
:106C900042690368D2F848150591D2F804130691A9
:106CA000D2F80413DB69C2F80813C2680792664A77
:106CB000934240F0BA80654BC360DFF8A4A1002383
:106CC000AAF80030049B002B00F09C80686A032126
:106CD00000F5437012F028F85D4B40221A60A86A54
:106CE000089A03680221DB6B9847A86A03689B6ACD
:106CF0009847DDE90223B8F10D0049F1FF31921BFD
:106D000063EB0703801B61EB070192185B41801A5C
:106D100061EB0301089C002600278046894628E095
:106D20004F4508BF464529D2B8EB060269EB070379
:106D300048480021994208BF904200D20246A86A02
:106D4000036802212244DB6B984730BFA86A0368BE
:106D50009B6C9847041B3619834647F100070BF0DC
:106D600071FFBAF800309BB200213BB1AAF80010C5
:106D70005C46019B002BD3D1364AE0E7686A0021CC
:106D800000F5437011F0D0FF0499002933D0A86AB0
:106D900003681B6B9847A86A43690268D3F8041319
:106DA000D269C3F8081328498A4241D1079AC260C0
:106DB000059AC3F8482500220023194610460CF016
:106DC00023F8AB6A049A5B69002A069AC3F8042385
:106DD0000CBF03200420002109F0C8F90021284637
:106DE000FFF722FE0BF01EFFC5E910010023184635
:106DF0000BB0BDE8F08F159B002BC8D0184611F0E2
:106E000093FFC4E7159B002B3FF460AF1B681598F8
:106E10005B689847159B1598DB8813F4807F0CBF3F
:106E20000321022111F080FF50E70849984744E709
:106E300007999047AB6A5B69BAE7074BD7E7074BFF
:106E4000D5E700BF9F860100316602003966020067
:106E500000E100E0BFBDF0FF09FCFFFF16FCFFFFF3
:106E60006443002070B584B004AB0024002563E9BE
:106E70000245064618460BF0DFFF002501240146B7
:106E8000DDE902233046CDE90045FFF7C7FE04B037
:106E900070BD00BF2DE9F041044682B00E46154694
:106EA00010309846BDF828700FF058FA268065809B
:106EB00018201EF034F908AB054693E803006A4633
:106EC00082E803002E4603CA46F80C8B0023084ACA
:106ED000EB6047F00207736068602046A780A560FA
:106EE000E360C4E90833A9606A6102B0BDE8F081DB
:106EF0007D66020010B5104B1C6890B0CCB10F4AF3
:106F000004920022059204AA034692E8030010228C
:106F10008DE80300029240F2FF31052206A8FFF738
:106F2000B9FF236806A99B682046984706A809F080
:106F30006BFF10B010BD00BF643B0020816F0200EA
:106F400038B50446002009F0DDFD2046FFF7D2FFEA
:106F50002046FFF787FF054604F12C0009F036FEB6
:106F6000284638BD10B504462C3009F02FFE00200D
:106F700009F0C8FD2046BDE81040FFF7BBBF00BFC9
:106F800082B08DE80C00BDF8002040F2FF339A4239
:106F900001D002B07047BDF80230052BF9D102B024
:106FA000FFF7E0BF4CDF704710B5044B03600023D0
:106FB0000446C38009F0C6F8204610BD14740400CE
:106FC00010B5064B036000230446C38009F0BAF8ED
:106FD00020461EF09DF8204610BD00BF147404002A
:106FE00070B5094B03600025044645600E4609F064
:106FF00039F84FF47A73054A2561E360A680A560ED
:107000002260204670BD00BF1474040008600400B4
:1070100010B5C38843F48043C38086B004460BF0A8
:1070200001FEA2680023994208BF904202D20020CC
:1070300006B010BD00230193FFF78AF808BB134B7D
:1070400001221A60D3F80021002AFBD00022C3F8E5
:107050000021D3F80825019201215960002AB8BF08
:107060000332921022820BF0DDFDE368A188184400
:107070000123A0601A4602A80FF050F9002006B0C4
:1070800010BD01A8FFF78EFF019AE7E700C000409E
:1070900010B50446FFF7BCFFB4F91000B4F9123084
:1070A000C01A10BDFFF7B4BF38B504460D46FFF750
:1070B000AFFFE56038BD00BFC06870470020704773
:1070C0000368DB6A184700BFA0F10800FFF7F8BFAC
:1070D000094B10B503F1080248330446026083608F
:1070E00018300FF0FBFC054B236000232046E380A3
:1070F00009F028F8204610BD6C60040014740400E8
:107100000B4B03F10802483310B50446026083605C
:1071100018300FF0E3FC074B23600023E380204688
:1071200009F010F820461DF0F3FF204610BD00BF07
:107130006C60040014740400002070472DE9F041D5
:10714000104D056000254560044617461E468846DA
:10715000BDF8185008F086FF0B48C4F80C8000F109
:1071600008014830A060C4E90476216004F11800E9
:107170000FF04EFD40221823A580A262E380204636
:10718000BDE8F081147404006C6004002DE9F04F38
:10719000032B85B082460D461746194603A8B8BF93
:1071A000032101229B460FF0EDFB4FF014094FF035
:1071B000000801216869FFF705FDE8683A68016881
:1071C0005388CDF800800C6A0432E421A0470646BB
:1071D00000285ED13B681B790C2B38D1EB8813F06B
:1071E000400F14BF6420142009F05AFB2869D0F81E
:1071F0000C33B0F812435B6800F543709847B0FA5F
:1072000080F0C4F300244009A04224D0002211469B
:107210004FF0FF3303A80FF0FDFBE868039A016805
:107220005388CDF800808C6A0432E421A0470646DA
:10723000B8B9039A3968137909798B4230D0E88854
:10724000800619D5202B0CD15379392B09D1012077
:1072500009F026FBCAE70136012009F021FB142EB4
:10726000C4D1B9F10109A4D168694946FFF7AAFC64
:1072700050460FF081FB1FE0002BE8D0202BF0D10F
:1072800053799942E3D0002BE1D0B9F1010990D1B3
:10729000EAE7012009F004FBB9F1010989D1E3E72C
:1072A00001466869FFF78EFC594603A80FF00AFCF7
:1072B00003A950460FF078FB03A80FF07DFB504662
:1072C00005B0BDE8F08F00BF2DE9F0410D4684B058
:1072D0000646486998461746FFF734FAEB88DB06FE
:1072E00011D403AC394620460FF05EFB43462246DC
:1072F00029463046FFF74AFF20460FF05DFB304637
:1073000004B0BDE8F0810122114601A80FF03AFB5C
:107310003A68019B1279032A0CBF062203221A71D4
:1073200001A902A80FF040FB03210A4809F0C2FDA1
:1073300003AC034602AA29462046FFF727FF204652
:107340000FF03AFB02A80FF037FB01A80FF034FB57
:10735000C8E700BF24600400F0B585B004461646B7
:107360000F460122082101A81D460FF00BFB204605
:107370000FF002FB46F02060019E08F0F9F8AD0026
:107380007060284608F0F4F801A9B06002A80FF078
:107390000BFB05F1080302AA394603A8FFF794FF87
:1073A00003A920460FF010FB03A80FF005FB02A86D
:1073B0000FF002FB23685B88082B0FD803A80FF09F
:1073C000DBFA03A920460FF0FFFA03A80FF0F4FA46
:1073D00001A80FF0F1FA204605B0F0BD00222046CA
:1073E0004FF0FF3308210FF02FFB23685988204608
:1073F00008390FF067FB01A80FF0DEFA204605B050
:10740000F0BD00BF30B583B00C46014601A81D4653
:10741000FFF7A2FF01994B885BB12046AA00043117
:107420001DF0B4FE002401A80FF0C6FA204603B0F8
:1074300030BD014CF7E700BF0CFCFFFFA0F10800D6
:10744000FFF7E0BF2DE9F04F804685B068464FEA70
:1074500083090D4693460FF08FFAD8F82810494556
:10746000A8BF49460831012201A80FF08BFA09EBA9
:10747000050A01A84FF0FF330022FF210FF0CAFADE
:1074800055453DD2002601E0AA4539D9D8F8283023
:10749000019FA9EB06049C4245F03060A8BF1C4642
:1074A00008F066F87860204608F062F826F00301DC
:1074B0002246B860594407F10C001DF067FE04F144
:1074C000080101A80FF0FEFA01A902A80FF06CFA5A
:1074D000092302AA414603A8FFF7F6FE03A968465E
:1074E0000FF072FA03A80FF067FA02A80FF064FA1F
:1074F000009B5B8825442644002BC5D1064C00E048
:10750000002401A80FF058FA68460FF055FA2046FB
:1075100005B0BDE8F08F00BF0EFCFFFFA0F1080032
:10752000FFF790BF70B5154682B0012204460E46A3
:10753000684611460FF026FA009B69461D7101A8A6
:107540000FF032FA2946094809F0B4FC01AA0346B3
:1075500031462046FFF7B8FE01A80FF02DFA684625
:107560000FF02AFA204602B070BD00BF246004006C
:1075700010B5C3889B0784B0044609D5636A002010
:107580009AB262F30F001B0C63F31F4004B010BDEE
:1075900001A80FF0F1F9072202A82146FFF7C2FF68
:1075A00002A901A80FF010FA02A80FF005FA019B3A
:1075B0005A88B2B90622214602A8FFF7B3FF02A9F2
:1075C00001A80FF001FA02A80FF0F6F9019B5A8802
:1075D0001AB901A80FF0F0F9D0E75B7984F82630EA
:1075E000F7E7B3F8050007F0D5FF0622A08421468F
:1075F00002A8FFF797FF02A901A80FF0E5F902A87A
:107600000FF0DAF9019B5A88002AE2D05B79A28C4C
:1076100084F8263002FB03F3B3F5F83F05DD4FF4A1
:10762000F83393FBF2F284F8262002A86169FFF791
:107630009FF9BDF80830012BE38814D023F0100324
:1076400043F028034022E380A262BDF80C2002F53B
:10765000CD427B3292B2012A98BF43F0400343F0FF
:107660000203E380B5E7402243F01803E380A262FF
:10767000EBE700BF2DE9F04788B006460D461746F8
:107680000821012201A80FF07DF902A80FF074F97A
:1076900003A80FF071F904A80FF06EF93046FFF758
:1076A00067FFB48C96F826300590B90001EB050908
:1076B00004FB03F3994500F2D680B9FBF4F7B5FB60
:1076C000F4F304FB07F7B9EB070204FB03FA08BF66
:1076D0003F1B554500F0C180A21A04FB1353B2FBB7
:1076E000F4F104FB1124002B40F08F80002C7DD19D
:1076F000F3881B073ED5BA455ED8544607AD03E074
:10770000B38C1C44BC4257D844F04060DDF8048080
:1077100007F02EFFC8F80400204607F029FF01A952
:10772000C8F8080006A80FF03FF9012306AA314661
:107730002846FFF7C9FD294602A80FF045F928465B
:107740000FF03AF906A80FF037F9029B5B88002B7F
:10775000D6D1464C04A80FF02FF903A80FF02CF94E
:1077600002A80FF029F901A80FF026F9204608B069
:10777000BDE8F0874AF04060019C07F0F9FE6060C8
:10778000384607F0F5FE01A9A06006A80FF00CF935
:10779000012306AA07A83146FFF796FD07A902A80C
:1077A0000FF012F907A80FF007F906A80FF004F977
:1077B000029B5B88002BCCD0039B5B88002B36D1CF
:1077C000049B5C88002CC5D004A907A80FF0ECF836
:1077D000079A316853880C6A9B0849460432304640
:1077E000A04707A80FF0E8F80024B3E707ADA30807
:1077F00028464A463146FFF7AFFD294604A80FF058
:10780000E3F828460FF0D8F872E707AD9B08284642
:1078100052463146FFF7A0FD294603A80FF0D4F8E1
:1078200028460FF0C9F8002C3FF462AFDEE703A949
:1078300007A80FF0B9F8079A316853880C6A9B08BB
:10784000514604323046A04707A80FF0B5F8049B14
:107850005C88002C3FF47EAFB6E7601B384488425A
:107860007FF43AAF44E76FF47A7473E70EFCFFFFDE
:1078700030B5044683B00D46FFF77AFEA28C294648
:107880009208204603B0BDE83040FFF7F3BE00BFCA
:10789000A0F10800FFF7ECBF10B5044682B0FFF777
:1078A00067FEA38C94F8260000FB03F002B010BD25
:1078B000A0F10800FFF7F0BF10B5044682B0FFF753
:1078C00057FEA08C02B010BDA0F10800FFF7F4BF76
:1078D00002460020D3680133D36070470B68C16053
:1078E0001B680846184700BFC068003018BF012059
:1078F000704700BFD0F81808704700BFCB1E012B9F
:1079000005D94B1E012B02D96FF47A7070474B1CBE
:1079100003EBD3735B10C0F81818C0F81C380020B4
:10792000704700BF00F614000068704710B5044BA4
:10793000044640F8083B0FF03FF8204610BD00BF5A
:10794000D860040010B5054B044640F8083B0FF022
:1079500033F820461DF0DCFB204610BDD860040043
:10796000F0B4214C04600226032400F50265C0F83F
:107970001848C0F81C6800244FF07E56C0E9024445
:107980002E6000F628054FF0000CC0F824480127AF
:10799000C5F800C000F503660024002580F82C78A7
:1079A000C6E90045DE1E00F63807012EC7E900458E
:1079B00010D95C1E012C0DD992B207EE902A00F668
:1079C0001402F8EE677A00F501631160F0BCC3EDB4
:1079D000007A70475C1C04EBD4746410C0F818384B
:1079E000C0F81C48E8E700BFEC600400F8B5104B95
:1079F000104E114F03600546AC68A4B16068E26B9D
:107A00000368AA60DB68984723689B68B3422046F6
:107A10000BD140F8087B0EF0CFFF20461DF078FB1D
:107A2000AC68002CEAD12846F8BD9847E4E700BFCF
:107A3000EC60040045790200D860040038B54B685A
:107A40004FF07E520A631A6805460C4618461269C2
:107A500005F61405904795ED006A9FED117AD4ED77
:107A6000067AD4ED075A6063C7EE276A431C03EB1E
:107A7000D37320F002005B100128A36385EE867AA1
:107A8000C4ED096A84ED0A7A02D00023236238BD6E
:107A9000BEEE007A67EE877AC4ED087A38BD00BF83
:107AA00000C07F442DE9F04F2DED048B8DB00C46C6
:107AB000029105900BF0C6F8A468CDE90601002CF0
:107AC00000F09781029B4FF40072D3F81C3892FBB0
:107AD000F3F2029B002A03F11003049306DD002158
:107AE00003EB820243F8041B9A42FBD1CC4EDFED3C
:107AF000CD8A0125A346DBF83470DBF83C300393D4
:107B000047B959460298FFF799FFDBF83470002F08
:107B100000F0A180029BDBED0A7AD3F81C284FF419
:107B2000007AF5EE407A9AFBF2FA0AF1040A03EBC6
:107B30008A02F1EE10FA019209D103F6140292EDD5
:107B4000007ADBED076AC6EE877ACBED0A7A019BF5
:107B50001946049B99427ED99946DBF80820DBF848
:107B60003830528892FBF3F207EE102ADBED0B7AE5
:107B7000DBED0A6A019AB8EEC77AA2EB090437EE88
:107B8000677AA41087EE268ABDEEC88A18EE108A9E
:107B9000A045A8BFA046B8F1000F34D04546CA465C
:107BA00007EE103A01E09BED0E7ADBF8102056F854
:107BB0002730B8EEC77A67EE277AFDEEE77A17EE40
:107BC000900A1044984706EE900ADBED087A9BED88
:107BD000097A9AED006ADBED0C5AF8EEE66A013D8F
:107BE00076EEA77A67EE877AA5EEA76AAAEC016A15
:107BF0009BED0B7ADBED0A7A77EE277ACBED0B7AE9
:107C0000D1D109EB880918EE103A9C4220DDDBF84F
:107C10000C3003B3DBF804100A68013BCBF80C30DE
:107C200008A81368984708A90BF108000EF0CCFECD
:107C300008A80EF0C1FEDBF80820CBED0B8A131D5F
:107C4000CBF8103051880B44CBF81430538813B163
:107C5000019B994581D3DDF80CB0BBF1000F7FF497
:107C60004AAF029B2C46184693F82C18002D40F082
:107C7000848079B1029BDDE9060103F6380283F8BE
:107C80002C48C2E900010123022240F6D63108A89F
:107C90000EF044FB01224FF4007108A80EF072FEB2
:107CA0000299089C9FED607A01F5016201F502637B
:107CB00092ED008AD3ED007AD1F818386288D1F8B5
:107CC0001C1892FBF1F268EE277A032B04F10404EE
:107CD000C7EE879A00F08480012BF6EE008A28EE2A
:107CE000289A00F0978068EE688AB0EE498A9FED86
:107CF0004F9A551E7AB3B8EEC99A4D4E049FDDF8DF
:107D0000088001E0D8F81838F7EC017AD8F8242870
:107D100056F82330B0EE497AA7EEA97A2046013D05
:107D2000B4EE687AF1EE10FAF0EE477A48BFF0EE62
:107D3000687AF4EE487AF1EE10FAC8BFF0EE487AAD
:107D4000FDEEE77A17EE901A11439847D8F81C38E1
:107D50001C446B1CD6D1029BD86803681B689847EB
:107D600008A905980EF020FE08A80EF025FE05983B
:107D70000DB0BDEC048BBDE8F08F03F62803D3ED06
:107D8000007AF5EE407AF1EE10FA0ED04FF4007260
:107D9000D0F81C3892FBF3F2002A06DD049B03EBBB
:107DA0008202E3EC017A9A42FBD100297FF472AFA0
:107DB0000299DDE906450846012301F5036280F8D2
:107DC0002C3801F63801C2E9004500240025C1E93C
:107DD00000451A4640F6D63108A80EF09FFA59E73A
:107DE000B6EE009A28EE099ADFED0E8ABDEEC99A2A
:107DF0007FE7029BD86803681B68984701224FF40D
:107E0000007105980EF0BEFD05980DB0BDEC048B19
:107E1000BDE8F08FBDEEC99ADFED028A69E700BFC9
:107E2000C82000200000000000C07F4400000000C7
:107E3000EC20002070B506462DED028B402008EEA8
:107E4000103A0D4608EE902A1DF069F940220446CA
:107E500000211DF0BFF92046164B40F8083B0EF0FC
:107E60008BFDB8EEC88AF5EE408AF1EE10FA656037
:107E700084ED068A05D12B6828469B69984708EE51
:107E8000900A0023002221463046C4ED078AE262B0
:107E9000C4E903336361FFF7D1FD2B68B2685B6807
:107EA000E2632846B46021469847BDEC028B204629
:107EB00070BD00BFD8600400B1F5806F0DD207EE31
:107EC000901ADFED076AF8EEE77A00F5026387EEB5
:107ED000A67A002083ED007A70476FF47A707047BD
:107EE00000C07F4400F50260D0ED007A9FED047A77
:107EF00067EE877AFDEEE77A17EE900A704700BFCB
:107F000000C07F4407EE901AF8EE677A00F5016032
:107F1000C0ED007A00207047C0F824180020704798
:107F200007EE901AF5EEC07AF1EE10FA10D49FED3C
:107F30000A7AF4EEC77AF1EE10FA09DC9FED077ABF
:107F400077EEC77A00F62800C0ED007A002070476F
:107F50006FF47A70704700BF000080440000004456
:107F600000F50360D0E90001704700BF00F638005B
:107F7000D0E90001704700BF29DF704728DF704754
:107F800012DF7047022802D1014B01221A7070479C
:107F90007643002000207047C0687047D0E9023067
:107FA00000FB03F0704700BF10B544680846111984
:107FB0009A001DF0EBF8002010BD00BF2DE9F04144
:107FC00082B002AD4FF0000805F8018D44682846E4
:107FD0001E460C441546FFF7D3FF9DF80730A3B1AA
:107FE0001C4F87F8008002E00A200AF0F7FE3246B4
:107FF00029462046FFF7C0FF0028F5D13B78002B2B
:10800000FCD0002002B0BDE8F081134A0123C2F881
:108010000435D2F80034002BFBD076B129460E4A45
:1080200005EB8605641A631851F8040B1860D2F842
:108030000034002BFBD0A942F5D1074A0023C2F837
:108040000435D2F80034002BFBD0002002B0BDE88C
:10805000F08100BF7643002000E00140026805493E
:10806000D2688A4204D1D0E9022000FB02F07047B6
:10807000104700BF9D7F020070B582B002AB0022A6
:1080800003F8012D4468054618460C44FFF778FFB5
:108090009DF8073093B1164E327002E00A200AF0C4
:1080A0009DFEE868B4FBF0F0FFF768FF0028F5D10B
:1080B0003378002BFCD0002002B070BD0D4A0223A3
:1080C000C2F80435D2F80034002BFBD00949C2F8BD
:1080D0000845D1F80034002BFBD00023054AC1F835
:1080E0000435D2F80034002BFBD0002002B070BD64
:1080F0007643002000E0014030B4034D0560C0E944
:108100000112C36030BC704718610400704700BFA3
:1081100010B5C388044A026023F400530446C380A8
:1081200009F0C0FB204610BD3C61040010B5C388B7
:10813000064A026023F400530446C38009F0B2FBF0
:1081400020461CF0E5FF204610BD00BF3C61040046
:10815000F8B5C37D03B9F8BD0446006A0368DB6A5D
:108160009847206A03681B6B9847E369DA68002A1E
:108170001FDD6FF02F051A4F2D1B04F13002002672
:1081800012F9013B03F5A273A81847F82360E369CD
:10819000D9688142F4DC00290BDD00255B6953F8C6
:1081A000250003685B689847E369DA680135AA42ED
:1081B000F4DC9A68002A0BDD00251B6953F82500C2
:1081C00003685B689847E3699A680135AA42F4DC62
:1081D000E388002223F00203E380E275F8BD00BFCC
:1081E0000060004008B5034649B9094A12780AB947
:1081F000002008BD1B68DB6A9847002008BD0268A4
:108200000349C37D0B70136B9847002008BD00BF66
:10821000774300202DE9F84FC37DD0F81CB0044609
:108220000F4613B1C388DB0748D5DBF80C30002BB1
:1082300040DD0123DFF8D890DFF8D880314EDFF839
:10824000D8E09C4604F1300504F1350100209A1C69
:108250002B700A70DBF814201258127D03F5A27AF5
:1082600049EA022248F82A20226A11F901AB526930
:1082700000F5A27B0AF1A20A5A4446F83A2011F905
:10828000012C15F901ABA23206EBC2020EEB8A0AF1
:10829000C2F804A011F9012C0CFA02F2C6F8042568
:1082A000D4F81CB0DBF80C209A4200F1040003F172
:1082B0000103CCDCE38823F00103E3809BF8083062
:1082C000217B114D206ABA1E012A9CBF0133DBB20B
:1082D0006375C3EB03139B000C4A92FBF3F202FBA2
:1082E00001F1A5FB0131C90BC4E909210368002193
:1082F000DB6B9847236A5B690122DA60A775BDE8EA
:10830000F88F00BF00F00140818080800024F400DD
:1083100003000100006000403060004038B50546B1
:10832000817DFFF777FFEB699A68002A0CDD002456
:108330001B6953F82400036800219B689847EB6988
:108340009A680134A242F3DCDA68002A0CDD0024CA
:108350005B6953F82400036800219B689847EB6928
:10836000DA680134A242F3DC286A03685B6A984742
:10837000286A03689B6A98470123EB7538BD00BFE4
:10838000C37D03B17047FFF7C9BF00BFF8B51546FD
:1083900004460E46526829689DF8187009F0AEFA36
:1083A0000021124BE5612662A77523602176E175F5
:1083B0002175E162EB680E4A052B146001DD204651
:1083C000F8BD336830469B6B9847206A03684FF4CA
:1083D0007A51DB6C9847236A064ADA60E37D002B0A
:1083E000EDD12046FFF79AFF2046F8BD3C6104001E
:1083F0004C3900201D860200807D70472DE9F04732
:10840000C269037D916805698B42044680F28F80C2
:10841000126952F82300036800211B689847236AF9
:108420005B6901225A60237D607DE169134493FBFF
:10843000F0F200FB1233D8B220758A68934280F2C2
:108440008B80CE688A69002E02EB430238DD063548
:108450000023267E107821895778032E03D8DFE881
:1084600006F002463F4C07FB0151085CA17D266ADD
:1084700011F0FD0F776903F1010302D1002843D009
:10848000FF20A16A03F5A87601FB00F147F826104A
:1084900000293DD0E11891F92F10890001F18041A8
:1084A00001F5C041D1F8100520F48010C1F8100585
:1084B000E169D1E90260984202EB4602C9DC207D05
:1084C0000B6953F82000036801211B689847236A51
:1084D0005A690123D360226A52691360BDE8F087AC
:1084E0006689F71BC04301FB0751085CBEE700FB30
:1084F00001116818F943405CB8E76689013E301AFB
:1085000001FB0051C85DB1E703F5A87147F82100F0
:10851000E11891F92F10890001F1804101F5C04166
:10852000D1F8100540F48010C1F81005C0E7D0E97B
:1085300008315B69C288D3F84435890042F00302F0
:10854000C3EB0323B3FBF1F3C3F1FF03C362C280A8
:10855000817DFFF75FFE62E7D4E9080203689200BD
:10856000DB6B00219847E369DA68002A26DD4FF0CB
:1085700000086FF02F05274F46462D1B04F13009E8
:1085800019F9013B03F5A27305EB090A47F82360CB
:10859000D4E908230AF5A87152699B0042F82130FA
:1085A000E3695B6953F80800036801211B68984779
:1085B000E369DA68524508F10408E1DC1B691868D0
:1085C000036800211B689847E36994F930101B6920
:1085D00010481B68104A1B7D01F5A2711B0243F075
:1085E000011340F8213094F9303094F935109B0094
:1085F000A23103F1804303F5C24342F8313094F9CC
:108600003510236AA2315B6902EBC1024433536027
:108610005DE700BF0060004000F00140024B1868B9
:1086200008B1FFF7EBBE70474C39002010300DF059
:108630000DBF00BF10B5837D04469BB1012B04D054
:10864000E3889B0709D5E06A10BD03212046FFF7A8
:10865000E1FDE38823F00203E380192008F020F90C
:10866000E06A10BD0221FFF7D5FDE288A37D22F06C
:108670000202E280E2E700BF10B5044609F0F6F816
:1086800040B9217B636A044A03FB01F3A2FB032385
:10869000DB0BA36210BD00BF8180808070B52DED23
:1086A000028B08EE103A04460D4616460DF070F99E
:1086B000FDEEC87A0A4B84ED138A324623602146C8
:1086C00017EE903A6564A6642846FFF7B3FB0146AF
:1086D000206520460DF0FAF8BDEC028B204670BDF7
:1086E0007C610400016170470069003018BF0120FF
:1086F000704700BF03207047C06B07EE900AF8EE8A
:10870000E77A17EE900A7047104B03F108023C33EA
:1087100010B504460260836030300EF04DF904F16C
:108720002C000EF049F904F128000EF045F904F18F
:1087300024000EF041F9064BA360002304F1080069
:10874000E38107F0FFFC204610BD00BFA0610400DC
:1087500014740400A0F10800FFF7D6BF10B504465A
:10876000FFF7D2FF20461CF0D3FC204610BD00BF0F
:10877000A0F10800FFF7F2BFF0B504460025274B33
:108780002748A18183B02060A36004F10800E5813F
:10879000174607F067FC234B23603433A3602A4657
:1087A00004F11400012108F0BBF904F128060122AC
:1087B0004FF4007104F124000EF0E4F830460EF09E
:1087C000DBF804F12C000EF0D7F8294604F1300054
:1087D00001220EF0D7F800234FF400712366012226
:1087E000A1642561C4E90D55E56401A80EF0CAF83D
:1087F00001A930460EF0E8F801A80EF0DDF80A4AAB
:108800002264AF424FF000032046C4E91655C8BFAA
:10881000E763A4F8443003B0F0BD00BF1474040053
:1088200034780400A861040000C07F44436B1BB18E
:10883000C38943F00403C381704700BFC3895B074A
:1088400070B50446456B5FD4E16A2B46081D002BCA
:1088500066D0503363634A88024493421DD3D1EDFE
:10886000037A6063F5EEC07AF1EE10FA0EDB0026B3
:10887000AD1B18BF0125666304F1300104F12C0023
:108880000EF0A2F8C4E91666284670BD04F1140083
:1088900008F0ACF90028EADC636B93ED027ADFEDB7
:1088A000227A19685A686265B5EEC07AF1EE10FA5C
:1088B00048BFB1EE477AC7EE276A00202165E06520
:1088C00003F13C0504F16401D4ED0F7AF8EEE77A88
:1088D00067EEA67AFDEEE77AF8EEE76AC4ED167A5F
:1088E000DA699861012AB8BF012207EE902AB8EE32
:1088F000E77ADA61C6EE877A14339D42E1EC017AB9
:10890000EED10025284670BD0023436300F13001FD
:108910002C300EF059F8E16A636B081D002B98D1DA
:108920006063034697E700BF00007A4438B50D4600
:108930000446FDF79FF92B685A884F2A25D9D3EDB5
:10894000017AF5EEC07AF1EE10FA1ED404F11400AB
:1089500008F0F0F811F062FB294604F12C000EF04B
:1089600033F82046FFF76AFF11F04AFBE38913F062
:10897000010501D0002038BD2069026843F00103E1
:10898000E38113689847284638BD6FF47A7038BD84
:108990002DE9F04F2DED068B8846D1E9161C8DB0E0
:1089A00008F124039FEDB78ADFEDB7AA9FEDB7AAC0
:1089B00002900493002762468A4231D0B8F80E3004
:1089C00013F004032CD107938A423FDBB8F80E3032
:1089D0009B0740F11D81079B002BEDD0002F00F07D
:1089E0004581D8ED107AB8F84420B6EE007A67EEEB
:1089F000877A4F45FCEEE77A17EE903A43EA020396
:108A00009BB203D227F8023B4F45FBD3049902984F
:108A10000DF0CAFF02980DB0BDEC068BBDE8F08FDB
:108A20004046FFF70BFFD8F85810B8F80E30002971
:108A300040F08C80002840F08D805A0700F18C8037
:108A4000D8F85C2001238A420793BFDA002F00F098
:108A5000E28008AB019308F16403039308F1700B03
:108A6000D8ED146A98ED0F7AD8ED108AD8ED157A02
:108A7000D8F83430039C019D66EE886AB8EEC77A58
:108A800068EEA78A86EE879A68EEAA8AF0EE4A9A7E
:108A9000E8EECA9A9E69D869F4EC017A07EE106A8A
:108AA000B8EEC77A013867EE277A8642FDEEE77A9C
:108AB00003F11403E5EC017A08BF45F8041CA34553
:108AC000E8D1DDE908540A9BAC42A8BF2C469C4281
:108AD000A8BF1C4613469C4255DD4F4596D0D8EDA5
:108AE000187AD8F83430FDEEE77AD3E9032017EE90
:108AF000901A904707EE900AB8EE677AF0EE696A2E
:108B0000E8EE876AD8F85C20B8F84410D8ED187AF7
:108B1000BCEEE67A79EE277A17EE100AF4EEC87A00
:108B2000531C0843F1EE10FA27F8020B1A46C8ED61
:108B3000187AC8F85C30CEDD77EEC87AF4EEC87AE1
:108B4000F1EE10FAF8DCC8ED187AC4E713F004026D
:108B500071D008B1C8F8387023F00402A8F80E20CC
:108B600001230522B8F80C10C8F84C2008A81A46B2
:108B70000DF0D4FB08F1140008F014F8012307935A
:108B8000D8E9161220E7AB424FF00004BA46CDF800
:108B9000149008D0651C032D2C4630D0019951F853
:108BA0002550AB42F6D14FEA840909EB0406D8F808
:108BB0003470B10007EB010EDEE906C6651C0691B4
:108BC000B44505EB850107EB81014046E3DADEF8A9
:108BD0001460002E48D0B047D8F83470069BD8F8FF
:108BE0005C203B441E461346D6F818C04C4407EBA5
:108BF00084070CF10101032DB9612C46CED1D8F8C0
:108C00005810DDF81490994257463FF729AFE2E635
:108C1000002F7FF4E0AED8F8387087B1D8F8243050
:108C20000024181DC8F838405B888A4200EB03090D
:108C3000FFF60FAFCFE60792D8F85C20C4E608AC89
:108C40000122D8F8481020460DF09CFE21460498D9
:108C50000DF0BAFE20460DF0AFFED8F824301F1DEF
:108C6000D8E916123846DFE7651CBFE708A80DF003
:108C700083FE08A904980DF0A7FE08A80DF09CFE3D
:108C8000C4E600BF000080440000803A00000044B9
:108C9000F0B50C4601F1280685B0314607460DF0C7
:108CA00083FEA36B6D4633B128462146FFF770FE65
:108CB00028460DF081FE0023A36304F12401304611
:108CC0000DF082FE21462846FFF762FE28460DF091
:108CD00073FE206903681B689847E36C002B02DD74
:108CE000013BE36413B1384605B0F0BDA1892846C5
:108CF000012302220DF012FB384605B0F0BD00BF83
:108D0000C38919B923F00203C381704743F00203FA
:108D1000C381704701607047704700BF002928DD9C
:108D20000378303B092B26D870B404466426002013
:108D30004FF47A754A1E032A05D8DFE802F01315AE
:108D4000100205FB03000129114606D014F8013F6B
:108D5000303B092BEED94FF0FF3070BC704706FB5B
:108D60000300F0E71844EEE703EB830300EB430056
:108D7000E9E7002070474FF0FF3070470068FFF7C9
:108D800055BD00BF38B5041E0CDB00290ADB4800C6
:108D900001300D4607F098F8641B20440028B8BF46
:108DA000404238BD4FF0FF3038BD00BF2DE9F04FD5
:108DB00087B00C46084601210592FFF7AFFF04215A
:108DC0000390601CFFF7AAFF04210746601DFFF710
:108DD000A5FF0421064604F10900FFF79FFF0221C9
:108DE000824604F10D00FFF799FF0421029004F17F
:108DF0001200FFF793FF0421814604F11A00FFF7E8
:108E00008DFF0421804604F11E00FFF787FF022139
:108E1000049004F12200FFF781FF0421019004F186
:108E20002400FFF77BFF0421834604F12800FFF7AD
:108E300075FF0421054604F12C00FFF76FFF014682
:108E40003046FFF79FFF0421064604F13000FFF78C
:108E500065FF01464846FFF795FF0421814604F16E
:108E60003400FFF75BFF01463846FFF78BFF042114
:108E7000074604F13800FFF751FF01464046FFF76F
:108E800081FF0421804604F13C00FFF747FF0146C3
:108E90005046FFF777FF0421824604F14000FFF7B8
:108EA0003DFF01465846FFF76DFF0421834604F15C
:108EB0004400FFF733FF01462846FFF763FF711CAC
:108EC00018D0B9F1FF3F15D07A1C13D0B8F1FF3F8D
:108ED00010D0BAF1FF3F0DD0BBF1FF3F0AD0431CC9
:108EE00008D0039B059A042B0AD8DFE803F07A77B1
:108EF00074710700002007B0BDE8F08F6E4BD3609F
:108F000007EE906A07EE10AA049BD361F8EEE77AA9
:108F1000F8EEC76A029BC2ED007AC2ED026A122B1C
:108F200013D8DFE803F07A7D0A12128F8612776A6F
:108F3000776A776A776A776A610007EE909AF8EE47
:108F4000E77A5E4BC2ED087A536140F2FF339F42ED
:108F5000A8BF1F469845A8BF984627EAE77728EAA2
:108F6000E87807EE907A07EE108AF8EEE77A9FED40
:108F7000546ADFED544A544B9362B8EEC77A87EED9
:108F8000865A24231363019B022BC7EE065A86EEF2
:108F9000A47A07EE900AF8EEE77A82ED015AC2ED64
:108FA0000D5A67EE277A78D0032B03D0012B66D0B9
:108FB0000120A0E707EE10BAFDEEE77AB8EEC77A17
:108FC000424BC2ED117A82ED127AD363012092E70F
:108FD0003F4BD36094E73F4BD36091E73E4BD36068
:108FE0008EE73E4BD3608BE707EE909AF8EEE77A78
:108FF0003B4BC2ED087A5361A7E73A4B5361029BA2
:10900000083B092BA1D8DFE803F0363632322E2E8A
:109010002A2A2626344B5361F1E7344B536194E7F7
:1090200007EE909AF8EEE77A314BC2ED087A536179
:109030008BE707EE909AF8EEE77A2E4BC2ED087AAE
:10904000536182E707EE909AF8EEE77A2A4BC2ED79
:10905000087A536179E7294B1B68136275E7284B3F
:109060001B68136271E7274B1B6813626DE7264B81
:109070001B68136269E7254B1B68136265E707EEFF
:1090800010BAFDEEE77AB8EEC77A214BC2ED117A3D
:10909000019882ED127AD3632DE707EE10BAFDEE48
:1090A000E77AB8EEC77A1B4BC2ED117A82ED127ADD
:1090B000D36301201FE700BF91610300859B02007D
:1090C00000C07F4400401C46819D0200D19B0200ED
:1090D000AD610300616103008D61030075610300F0
:1090E0001D9B0200D99C02007D9C0200ED9A0200AB
:1090F000F19A0200419C0200059C020064200020BD
:1091000060200020542000205C20002058200020F7
:10911000399D02005D9D020038B50C460546364972
:1091200020460DF08BFD002837D1344920460DF044
:1091300085FD60BB324920460DF080FD98BB31496A
:1091400020460DF07BFDA0BB2F4920460DF076FD9B
:10915000A0BB2E4920460DF071FDA0BB2C49204636
:109160000DF06CFDA0BB2B4920460DF067FDA0BBA8
:10917000294920460DF062FDA0BB284920460DF08C
:109180005DFDA0BB214628460DF03AFD03E02449D1
:1091900028460DF035FD284638BD224928460DF0F9
:1091A0002FFD284638BD204928460DF029FD2846C8
:1091B00038BD1E4928460DF023FDECE71C49284622
:1091C0000DF01EFDE7E71B4928460DF019FDE2E70B
:1091D000194928460DF014FDDDE7184928460DF021
:1091E0000FFDD8E7164928460DF00AFDD3E71549CB
:1091F00028460DF005FDCEE77C39002070390020AF
:109200007439002054390020683900207839002052
:1092100088390020803900208C3900206C390020EA
:1092200094390020503900209839002064390020FA
:10923000843900209C3900205C39002058390020F6
:1092400060390020903900202DE9F04182B00646B7
:1092500068460C460DF0D4FC694601A8FFF75CFF98
:1092600001A920460DF0DAFC01A80DF037FC684694
:109270000DF034FC2568274BB5F90220541CA3FBE4
:109280000413E41A03EB5404A40904EBC40304EB31
:10929000C303013B9A4202D002B0BDE8F08104EB67
:1092A00084073F013946012268460DF06BFB009BA5
:1092B0000433F4B12C1D1F44C4F1490801E04934C2
:1092C0002B461A462146304603F15005FFF76EFD46
:1092D00008EB040338B1BD420BD0002BEFDD94F84E
:1092E00048302C2BEBD068460DF066FB02B0BDE891
:1092F000F0813468694601A80DF056FB01A92046AB
:10930000FFF714FB01A80DF057FB68460DF054FB66
:10931000C2E700BF3970E0C030B5036883B00446CF
:109320000D469889114607F02FF9294601A80DF03E
:1093300067FC01A92046FFF787FF01A80DF0CEFBCF
:1093400007F0A4FA03B030BDF8B5664F664D674C20
:10935000674E684938460DF0F5FB2A4621463846E7
:109360001BF0D8FE644F654930460DF0EBFB2A46F2
:10937000214630461BF0CEFE614E624938460DF064
:10938000E1FB2A46214638461BF0C4FE5E4F5F498A
:1093900030460DF0D7FB2A46214630461BF0BAFE78
:1093A0005B4E5C4938460DF0CDFB2A4621463846D7
:1093B0001BF0B0FE584F594930460DF0C3FB2A460A
:1093C000214630461BF0A6FE554E564938460DF054
:1093D000B9FB2A46214638461BF09CFE524F5349A2
:1093E00030460DF0AFFB2A46214630461BF092FE78
:1093F0004F4E504938460DF0A5FB2A4621463846C7
:109400001BF088FE4C4F4D4930460DF09BFB2A4621
:10941000214630461BF07EFE494E4A4938460DF043
:1094200091FB2A46214638461BF074FE464F4749B9
:1094300030460DF087FB2A46214630461BF06AFE77
:10944000434E444938460DF07DFB2A4621463846B6
:109450001BF060FE404F414930460DF073FB2A4639
:10946000214630461BF056FE3D4E3E4938460DF033
:1094700069FB2A46214638461BF04CFE3A4F3B49D1
:1094800030460DF05FFB2A46214630461BF042FE77
:10949000374E384938460DF055FB2A4621463846A6
:1094A0001BF038FE344F354930460DF04BFB2A4651
:1094B000214630461BF02EFE314E324938460DF023
:1094C00041FB2A46214638461BF024FE30462E49F1
:1094D0000DF038FB2A4621463046BDE8F8401BF027
:1094E00019BE00BF7C39002040200020DD6A030047
:1094F00050390020F8610400703900200062040037
:1095000094390020706304007439002078630400EB
:109510009839002054640400543900205C6404002D
:10952000643900203865040068390020446504006F
:1095300084390020D865040078390020DC650400F7
:109540009C39002070660400883900207866040089
:109550005C3900200C670400803900201467040087
:1095600058390020A86704008C390020B067040037
:1095700060390020446804006C3900204C68040005
:109580009039002098680400A06804006FF47D7092
:10959000704700BF6FF47D70704700BF10B503685F
:1095A00004465B6C9847236820465B68BDE8104022
:1095B000184700BF6FF47D70704700BF6FF47D7077
:1095C000704700BF6FF47D70704700BFC08800F027
:1095D0000500003018BF0120704700BFC08800F0B0
:1095E0000A00003018BF0120704700BFC08810F08B
:1095F000030018BF01207047C08800F00C00003045
:1096000018BF0120704700BFC088C0F3802070479A
:109610006FF47D70704700BF6FF47D70704700BFBE
:1096200003684FF47A729B6B02FB01F1184700BF8D
:109630006FF47D70704700BF6FF47D70704700BF9E
:1096400008B50368DB6B9847024BA3FB0030800929
:1096500008BD00BFD34D62106FF47D70704700BF2E
:109660006FF47D70704700BF01610020704700BF3C
:109670006FF47D70704700BF6FF47D70704700BF5E
:1096800038B503689B6904460D46984778B123684E
:1096900020465B689847B5FA85F35B09984206D186
:1096A000236829461B6820469847002038BD01489A
:1096B00038BD00BF12FCFFFF0A717047704700BF42
:1096C000704700BF806B704703684FF47A729B6BE2
:1096D00002FB01F1184700BF406B70470120704743
:1096E000C06A003018BF0120704700BFA0F1200001
:1096F000FFF7F6BF10B504461BF00AFD204610BD6B
:109700002DE91848C38B426D9907044607D56AB105
:10971000BDE8188823F002039BB2E383626D002A40
:10972000C4BF43F00203E383BDE8188809F07AFA66
:10973000636CB0EB030B61F1000CBCF1000F08BFD0
:10974000BBF1650FE38BE5D29A07E1D4E6E700BFF2
:10975000A0F11800FFF7D4BF0B4B10B503F10801BF
:1097600003F18C02B0330446016082610362303041
:109770000DF022F9054BA361002304F11800E383E7
:1097800006F0E0FC204610BD846A04001474040056
:1097900038B50C4B03F1080103F18C02B0330446D9
:1097A00040F8181C0260836018300DF005F9064B74
:1097B000236000232046E380A4F1180506F0C2FCD4
:1097C000284638BD846A04001474040002680849FD
:1097D000D26B8A4208B505D1406B064BA3FB003023
:1097E000800908BD9047034BA3FB0030800908BDEA
:1097F000D9960200D34D62100120704738B50E4B48
:1098000003F1080103F18C02B033044640F8181C40
:109810000260836018300DF0CFF8084B23600023FE
:10982000E380A4F11805204606F08CFC28461BF0C6
:109830006FFC284638BD00BF846A0400147404001D
:109840000D4B03F1080103F18C02B03310B504464F
:1098500001608261036230300DF0AEF8074BA36106
:109860000023E38304F1180006F06CFC20461BF093
:109870004FFC204610BD00BF846A0400147404002D
:1098800070B504461A4D02811A4B2560022200254C
:109890004FF48070E0802271A36104F118002575F7
:1098A000C4E90355E5610E4606F0DCFB124BA662E7
:1098B00003F1080103F18C02B0332160A26123623D
:1098C00004F1300001224FF400710DF05BF8E38BDE
:1098D000226B65630021043243F480438020A0633F
:1098E000E56265646565E2642165E383204670BDD9
:1098F000186A040014740400846A040038B504462D
:109900000D4610F08BFB226B131D5088002D3BD0B1
:1099100019182748E26BE36CA0FB020299424FEA58
:10992000121029D9520907EE902AB8EEE77A07EE0D
:10993000900ADFED205AF8EEE76AB7EE006AD4ED40
:10994000147AF4EEC77AF1EE10FA4CBF94F8542072
:1099500000221A70D4ED147AE36C77EE867A013324
:10996000F4EEE67AF1EE10FAC8BFF0EE657A8B42BB
:10997000C4ED147AE364E2D3D4E90D23C4E90F23E0
:10998000BDE8384010F03CBBD4E91121521A07EE73
:10999000902A9FED097AF8EE677A67EE877AFDEEF6
:1099A000E77A17EE902A8242D4BF99181918B0E7C7
:1099B000A38B2EBA0000000078C2B93C10B5044653
:1099C00009F030F9636B606403B1A36B6365002138
:1099D0002046FFF793FFE38BDB0700D510BDFCF7B4
:1099E00049F904F120018023064AA06AFEF722FA11
:1099F000E38B0168E06243F001030A68E383BDE89A
:109A00001040104700442C47B1F5806F0DD8B1F5D8
:109A1000007F08B5C8BFC1F580618029A8BF80213B
:109A20008163FFF7CBFF002008BD6FF47A707047A9
:109A300008B5144BA3FB01231A09162303FB02F3F9
:109A400003F1160207EE902A06EE903AB8EE677A16
:109A500007EE901AF8EE666AF8EE677A37EEC77A84
:109A600077EEE67AB0EEC77AF0EEE77AF4EEC77AF0
:109A7000F1EE10FA58BF13464363FFF79FFF002033
:109A800008BD00BFA38B2EBA70B50C4682B0054648
:109A90000CF072FFE38B9B0716D504F130063146BC
:109AA00028460CF091FF01212046FFF727FF0122F5
:109AB0004FF4007101A80CF065FF01A930460CF0CD
:109AC00083FF01A80CF078FF236B0433E36409F0F3
:109AD000A9F8E36AA0641A681846136898472846EC
:109AE00002B070BDA1F12001FFF7CEBF704700BFEB
:109AF000436B91ED036AD3ED007AD1ED026A91EDEB
:109B0000017A36EE676AF8EEE66AB8EEC77AC6EE14
:109B1000265AE7EE257AC0ED147A704738B5426BC5
:109B20004B682DED028B04460D4692ED008A23B35F
:109B300007EE903AB8EEE77A17EE100A18F046FAF8
:109B4000636BD5ED037A93ED007ADFED0D6A77EE66
:109B5000C77A07EE100A67EE877A002387EEA67AA7
:109B600077EE087ABDEC028BF5EEC07AF1EE10FAD2
:109B700054BFC4ED147A236538BDB7EE007ADBE735
:109B80009A99F93FD1ED017ADFED0F6A9FED0F7AD7
:109B9000F8EEE77A38B567EEA67A0446C7EE877A1C
:109BA0000D4617EE900A17F037FE636B95ED037ABA
:109BB000D3ED007A06EE900A37EE677AE6EE877A02
:109BC000C4ED147A38BD00BFD00F494000003443C3
:109BD000D1ED017AF8EEE77A38B5044617EE900A2F
:109BE0000D4617F019FE636B95ED037AD3ED007AFD
:109BF00006EE900A37EE677AE6EE877AC4ED147ABD
:109C000038BD00BFD1ED017A9FED0C7AF8EEE77A0E
:109C100038B567EE877A044617EE900A0D4617F0BE
:109C2000FBFD636B95ED037AD3ED007A06EE900AA7
:109C3000E6EE877AC4ED147A38BD00BF34FA8E3C64
:109C4000D1ED017A9FED0C7AF8EEE77A38B567EE40
:109C5000877A044617EE900A0D4617F091FD636B64
:109C600095ED037AD3ED007A06EE900AE6EE877A58
:109C7000C4ED147A38BD00BF34FA8E3C2DE9F041B2
:109C8000D1F80C804F68D8F8046097FBF6F407EE23
:109C9000904AF8EEE77A436B2DED028B054617EEFE
:109CA000901A4FF0804093ED008A18F009FAD8F826
:109CB000003007EE900A06FB147428EE277A03EBB7
:109CC0008404BDEC028BD4ED007A67EE877AC5ED93
:109CD000147ABDE8F08100BF2DE9F041D1E90134EB
:109CE000D1F80C80426BD8F80470013CE41A94FB64
:109CF000F7F507EE905AF8EEE77A2DED028B06465F
:109D000017EE901A4FF0804092ED008A18F0D8F9C3
:109D1000D8F8003007EE900A07FB154428EE277AA2
:109D200003EB8404BDEC028BD4ED007A67EE877AF6
:109D3000C6ED147ABDE8F0814B684BB1DB0790EDBE
:109D4000147AD1ED037A04D567EE877AC0ED147AE0
:109D50007047C7EE276AC0ED146A70474B684BB175
:109D6000DB0790ED157AD1ED037A04D567EE877A9B
:109D7000C0ED157A7047C7EE276AC0ED156A7047C7
:109D8000436B91ED036AD3ED017AD1ED026A91ED57
:109D9000017A36EE676AF8EEE66AB8EEC77AC6EE82
:109DA000265AE7EE257AC0ED157A704702207047F3
:109DB00001EB810100EB41001430704782B070B5B7
:109DC0000C4684B005464968206802AC03C4039978
:109DD00008AC481084E80C00CB0745BF2A58029B0A
:109DE000029CD4580AAB2E1893E803008DE80300B8
:109DF00008AB0CCB3046A04704B0BDE8704002B0C1
:109E0000704700BF2DE9F04103681B4E1B690F88A6
:109E1000B34204460D4626D11E300388BB4201D012
:109E2000BDE8F0816B89012BFAD9A989A06861820C
:109E30000368DB699847A06803681B6A9847236832
:109E40001B692546B34225F8120F0FD104F11E06F7
:109E5000204601F013FB2A46014602233046BDE8A6
:109E6000F04100F035B901219847D6E7012120469D
:109E700098470646ECE700BFB19D020010B50446C6
:109E8000806807F089FAA081A06807F08DFAE08168
:109E9000A06807F091FA208210BD00BF82B070B5B3
:109EA00004A981E80C00044601F0FAFA18B9BDE8EB
:109EB000704002B070472046FFF7E0FF23680C4A6D
:109EC0001B69934204F10C060DD104F114052046E0
:109ED00001F0D4FA324601462846BDE87040062318
:109EE00002B000F009B90021204698470546EEE788
:109EF000B19D02002DE9F041044682B00E461546A0
:109F000010309846BDF828700CF028FA268065803D
:109F100018201BF004F908AB054693E803006A46D5
:109F200082E803002E4603CA46F80C8B0023084A39
:109F3000EB6047F00207736068602046A780A56069
:109F4000E360C4E90833A9606A6102B0BDE8F0814A
:109F5000BD9D020070B5044686B0FFF78FFFA06874
:109F600003681B6A9847144A144B608204932820A4
:109F70000023166805931BF0D2F806AB054613E9DB
:109F80000300C0228DE803002346029205212846E3
:109F90000122FFF7AFFF336830465B6829469847D8
:109FA00008B906B070BD284606F02EFF284606B058
:109FB000BDE870401BF0ACB8643B00209D9E0200E1
:109FC00070B5044684B0154601F09AF91E4B236023
:109FD000A56004F1140000F075F8002504F11E00DE
:109FE00000F070F820461949C4E9035501F0A6F9BC
:109FF000204640F2537101F0B5F9092606222946A0
:10A0000004F10C032046CDE9012600924CF64B22C8
:10A0100001F0B8F902220521CDE901212046009284
:10A0200004F112034FF62432012101F0ABF920466E
:10A0300001F036FA28B1064B1B6813B12046FFF732
:10A0400089FF204604B070BD186C0400FC6D04004C
:10A05000643B0020024B1B680BB1FFF77BBF7047CE
:10A06000643B002010B5114B1C6890B0C4B1C9B955
:10A070000F4ACDE9042104AA034692E80300102206
:10A080008DE8030002920521012206A8FFF732FFA6
:10A09000236806A99B682046984706A806F0B4FEE8
:10A0A00010B010BDFFF756FF10B010BD643B00208C
:10A0B0009D9E02000021FFF7D5BF00BFACDF7047B7
:10A0C000AEDF70470022028102604260704700BF2D
:10A0D00010B582B00C4601920188ADF800302046E0
:10A0E00000236A46ADF80230FFF7E8FFB0FA80F0CF
:10A0F000400902B010BD00BFF0B54FF6FF7487B045
:10A10000A142ADF8063032D00389DB07054616467A
:10A110000C4600880FD4BDF8063002AAADF808300E
:10A120000146002320460396ADF80A30FFF7C6FF2C
:10A13000184607B0F0BD02AA012300270DF1060C56
:10A14000ADF808001146204605968DF80A30ADF8A6
:10A150000C70CDF810C0FFF7B3FF0028E8D00499C9
:10A16000BDF806300988994201D02888D6E700203A
:10A1700007B0F0BDF0B54FF6FF7487B0A142ADF85F
:10A18000063031D003899B07054616460C460088E9
:10A190000FD4BDF8061002AA0023ADF8081001463E
:10A1A00020460396ADF80A30FFF788FF184607B03F
:10A1B000F0BD02AA4FF0020C0023ADF808000DF12B
:10A1C00006071146204605968DF80AC0ADF80C30FA
:10A1D0000497FFF775FF50B10499BDF80600098890
:10A1E000884201D12888D7E7002007B0F0BD0120C0
:10A1F00007B0F0BD72DF704773DF704774DF7047E0
:10A2000076DF704777DF704778DF70477ADF704717
:10A210008FDF704769DF70471321FFF7F1BF00BF81
:10A220000B68034A0146D2560320FFF7EBBF00BF7D
:10A23000D86C0400094B10B5044640F8143B0CF0F0
:10A240004DFC04F110000CF049FC054B2360002389
:10A250002046E38005F076FF204610BDD06D040057
:10A26000147404002DE91848C3885A0708D41B0742
:10A2700001D4BDE818880420BDE8184810F02CBEB1
:10A28000044608F0CFFCA369B0EB030B61F1000CAE
:10A29000BCF1000F08BFBBF5FA6F01D2E388E6E717
:10A2A0000021044811F030FCE38823F004039BB242
:10A2B000E380DCE719A2020010B54FF47A731E4C5C
:10A2C00003FB01F1A4FB01318AB000284FEA5121C0
:10A2D0004FF000030CBF042001201F29CDE90433F7
:10A2E000CDE907338DF8100009931CDC2023069379
:10A2F0000AAB1F2123F8241D1046104900911A466D
:10A3000001240023CDF80A30CDF80630ADF80E3028
:10A310008DF8254010F000FF04AA69460848FFF7B1
:10A3200069FF0AB010BDB1F5804FCABF4FF480433A
:10A3300006910693DCE700BF5917B7D1AC3900206E
:10A340006F230020F0B5224C95B0246801944FF69D
:10A35000AA650024CDF80A4006460F46ADF80E4027
:10A36000ADF80C30ADF80850DBB105AD9446214690
:10A3700028463C22CDF810C01AF02CFF01AA02A8F2
:10A38000062101230F908DF817100A9239462A46AC
:10A390003046ADF824308DF84030FFF78DFF15B012
:10A3A000F0BD05AD194628463C2204931AF012FF71
:10A3B0000621012201AB8DF81710ADF82420394693
:10A3C0002A4630460A93FFF777FF15B0F0BD00BF6D
:10A3D0004C6C040010B5664C002943D123789806D4
:10A3E00038D4D9062FD41A0725D458071DD4990775
:10A3F00013D4DA070BD45B0603D410F031FB002032
:10A4000010BD5C4B01211878FFF7F6FEF5E713F05D
:10A41000BFFE23785B06F0D5F3E7574B4FF40032CD
:10A420001A602378DA07E6D5F1E7534A0121516033
:10A430009907DED5F1E7504B4FF000721A60237890
:10A440005807D4D5F1E74C4B01221A6023781A073C
:10A45000CBD5F0E7484B4FF400621A602378D90659
:10A46000C1D5F0E710F0F6FA0023237013F0A8FE30
:10A47000237810B943F0010323703F4A1268920316
:10A4800048BF43F002033C4A48BF23705268D007DC
:10A4900048BF43F00403384A48BF23701268910153
:10A4A00048BF43F00803344A48BF23701268D207FC
:10A4B00048BF43F01003304A48BF237012681005AC
:10A4C0002C4A48BF43F02003107848BF2370FFF7A1
:10A4D00095FEB0B1D90719D49A071CD4580726D4D1
:10A4E00019072FD4DA0639D49C0688D5224B4FF4AD
:10A4F0000062C3F88020BFF34F8FBFF36F8F00203F
:10A5000010BD43F04003D9072370E5D513F020FEBA
:10A5100023789A07E2D5184B4FF40032C3F8802015
:10A52000BFF34F8FBFF36F8F23785807D8D5124BE7
:10A530000122C3F88420BFF34F8FBFF36F8F2378BE
:10A540001907CFD50C4B4FF00072C3F88020BFF332
:10A550004F8FBFF36F8F2378DA06C5D5064B0122E4
:10A56000C3F88020BFF34F8FBFF36F8F2378BBE713
:10A57000784300206F23002000E100E00B4B10B572
:10A58000044640F8143B0CF0A9FA04F110000CF05A
:10A59000A5FA074B23600023E380204605F0D2FD97
:10A5A00020461AF0B5FD204610BD00BFD06D040056
:10A5B0001474040038B500250E4B03600446456052
:10A5C00005F050FD0C4B2360A56004F110000CF069
:10A5D0001FFB04F114000CF01BFB0123074AE5608C
:10A5E00084F8203084F82130146014F02DF82046CF
:10A5F00038BD00BF14740400D06D0400E43900209D
:10A60000072914D810B50B4C0B482160214611F0D6
:10A610007BFA0A4B1978FF2907D02368084A0120E2
:10A62000D256FFF7EFFD002010BD002010BD6FF4E3
:10A630007A7070477020002021A202006F23002052
:10A64000D86C040090F8202022B9C3689B0701D47D
:10A6500000F002B8012070472DE91848044604298B
:10A6600021D8DFE801F0322505030D008369D3B15D
:10A6700008F0D8FAE368A061C3F34000BDE8188889
:10A68000836983B108F0CEFAA369B0EB030B61F1E3
:10A69000000CBCF1000F08BFBBF5FA6F03D301211A
:10A6A0002046FFF7CFFFE068C0F34000BDE8188800
:10A6B000C3880A2243F00403C380C26004F052FF3F
:10A6C000E068C0F34000BDE818880223C3600120A1
:10A6D000BDE8188810B5044682B012F067FC204629
:10A6E00012F072FC2378023B062B18D8DFE803F047
:10A6F0000B19271717170400237A012B03D1144ACB
:10A700001368013B1360134B186840B190F8203078
:10A710002BB9C3689B0702D40321FFF79DFF02B04A
:10A7200010BD0C4B1B68002BF9D093F82020002A99
:10A73000F5D1DA689207F2D40222DA60EFE702A9D3
:10A74000012301F8043D608812F01EFB02B010BD29
:10A75000E0390020E4390020014B1878FFF74EBDA6
:10A760006F23002010B5044684B0012302224FF469
:10A770007A7168460BF0D2FD94F821300BB904B021
:10A7800010BD11F03BF90028F9D1034B01211878D5
:10A79000FFF732FD04B010BD6F23002010B5038811
:10A7A000103B86B0462B33D8DFE803F043583232F3
:10A7B000325F32323224323232323232323A323252
:10A7C0003232323232323232323232323232323269
:10A7D0003232323232323234323232323232323257
:10A7E0003232323232323232323232323232323249
:10A7F00032323400037A5BB92D4B186840B190F8BF
:10A8000020302BB9C3689B0702D40221FFF724FF35
:10A8100006B010BD13218088FFF7F2FC06B010BD12
:10A8200006A9002321F8103D8088FFF7F1FC06B04F
:10A8300010BD81884FF6FF73994206D01D4B1E4A0A
:10A840001B680320D256FFF7DDFC01231A464FF4A4
:10A850007A7102A80BF062FD06B010BD144B1868A7
:10A860000028D5D0FFF77EFFD2E700F108010622CD
:10A8700068460CF0ABF9694601A80CF0C1F90C4B25
:10A880001C686CB101A902A80CF0BAF902A904F184
:10A8900010000CF0C3F9012302A8E3600CF01EF9CC
:10A8A00001A80CF01BF968460CF018F906B010BDB1
:10A8B000E439002070200020D86C040008B511F0A5
:10A8C0009DF8003018BF012008BD00BFF0B58BB067
:10A8D0000C4615461E46BDF8407001F02DF9234682
:10A8E00000950DF10E0204A901F032F9044688B971
:10A8F0000A4D2878FFF782FCBDF80E30023B39463E
:10A9000030469BB20DF11202FFF71CFD28780121A1
:10A91000FFF772FC20460BB0F0BD00BF6F23002094
:10A9200010B40968BDF80440019404315DF8044B8B
:10A93000FFF7CCBF2DE9F04188B00C4615461E4606
:10A940009DF83870BDF83C8001F0F6F82346CDE95B
:10A9500000560DF10A0203A901F076F9044688B900
:10A960000A4D2878FFF74AFCBDF80A30023B414601
:10A9700038469BB20DF10E02FFF7E4FC2878012166
:10A98000FFF73AFC204608B0BDE8F0816F230020B5
:10A99000F0B5A9B06A220D460DA82849284E1AF034
:10A9A000F5FB0DA903A80BF029FD03A906A80BF0E0
:10A9B0001DFD05F13C0701226FF0FE0306A9CDE95C
:10A9C000003238460523642208F072FD06A80BF019
:10A9D000FFFC0FCE06AC0FC496E8070003C422703C
:10A9E0000522114606AB04A80BF02CFE002404A996
:10A9F00005A80BF0FBFC384605A9CDE90044234629
:10AA0000224608F08BFC05A80BF0E2FC2B682146DF
:10AA10005B6A284698470534052005F041FFFF2C66
:10AA2000F4D14FF47A7005F03BFF04A80BF0D0FC92
:10AA300003A80BF0CDFC29B0F0BD00BF506C0400A2
:10AA4000BC6C04002DE9F84F4FF0805308460F46C8
:10AA5000D3F864A0FDF7EAFD10374FF0040B4FF078
:10AA600005084FF00109BAFBF8F308FB13A3B3FB89
:10AA7000F9F35D1C002DAAEB030A08EB880809EB2B
:10AA800089090DDD0FFA8BF60024C4F1040212B21D
:10AA90000134FF23314638460BF0E2FCA542F4D1E5
:10AAA0001BF1FF3BDFD2BDE8F88F00BFA54B2DE9BE
:10AAB000F04F1E68A44D33690446002743F0080395
:10AAC00095B03361287884F82070A7610E469346CC
:10AAD000FFF794FB39463C2205A81AF07BFB0623BE
:10AAE0004FF0020C05AAC82101208DF8173006F19D
:10AAF0003C038DF814C00393FFF7DEFB0121287897
:10AB0000FFF77AFB039808F069FB31462046FFF710
:10AB10003FFF31462046FFF795FF3D46029706F17D
:10AB2000100804F110074FF0FF0994F82020E368A3
:10AB300012B9980740F1D58013F0010A31D15907B5
:10AB400066D49A0740F1C38013F0080A00F0A98088
:10AB50007E4904A80BF016FD04A905A80BF046FCDD
:10AB60000023CDE900331A4605A9039808F0D6FB67
:10AB700005A80BF02DFC43F6982005F091FE04A8E3
:10AB80000BF026FC642005F08BFE40F68D25FBF7CC
:10AB9000F1FA94F82020E368002ACAD013F0010AE1
:10ABA000CDD06B4904A80BF0EDFC04A905A80BF06F
:10ABB0001DFC0023CDE900331A4605A9039808F0CF
:10ABC000ADFB05A80BF004FC029B002B40F08F802E
:10ABD000A9F10409B9F1280F40F38F80B9F1FF0FF3
:10ABE000029BA8BF00230293DBF800305846DB69C4
:10ABF000984728B1E36823F0010343F00403E360BE
:10AC000004A80BF0E5FBE36859074FF0000598D561
:10AC10003368FF215B6A304698472369B3F90230F5
:10AC2000002B76DD002521E0E3689A076FD4FFF75B
:10AC300013FD00286DD14FF4487005F031FE304609
:10AC4000FDF7F4FC94F8203004212046FBB9E368BA
:10AC50009A075CD4FFF700FD00285AD1C82005F000
:10AC60001FFE2369B3F90230AB4252DD29B23846E8
:10AC70000CF00EF8002301461A4640460BF07EFD0C
:10AC800094F82030042120460135002BCCD0E36815
:10AC900003F00202002A3AD1642005F001FE0125EA
:10ACA00043E72C4904A80BF06DFC04A905A80BF0A0
:10ACB0009DFB5346524605A9CDE900AA039808F02A
:10ACC0002DFB05A80BF084FB04A80BF081FB64208E
:10ACD00005F0E6FD013540F68B239D427FF725AF59
:10ACE00055E704212046FFF7B7FCE36824E709F1A4
:10ACF0000409B9F1280F3FF771AF3046FDF796FC14
:10AD0000029BB9F1000FD8BF534602936CE70025B0
:10AD10001AE7E36894F8205003F00202002DB9D13D
:10AD2000002A7FF411AF04212046FFF795FC00288C
:10AD3000ADD14FF47A7005F0B3FDE36803F0020281
:10AD4000A8E700BF243B00206F230020286D0400EB
:10AD5000E06C0400686D040030B50446806883B080
:10AD600020B10C4908F0A0FD054618B1FBF702FA26
:10AD700003B030BD02AA042302F8015D0549A068B2
:10AD800008F0CCFD28461AF0C3F9FBF7F3F903B03D
:10AD900030BD00BFB06D040090F82000704700BFC8
:10ADA00038B5124B054600241878FFF727FA85F8C6
:10ADB000214010F00BFE98B9EB696BB107F032FF40
:10ADC000EB69C41A61F10005002D08BFB4F5FA7FE4
:10ADD0002CBF0120002038BD07F024FFE861EDE71B
:10ADE0002146034810F090FE204638BD6F23002016
:10ADF00019A2020020B9034B186808B1FFF7D0BFB1
:10AE0000704700BFE43900200238012801D9012031
:10AE1000704710B5074C206850B1C38843F0080351
:10AE2000C38004F09FFB2068BDE81040FFF7B8BF67
:10AE3000012010BDE4390020012808D138B50D4BA0
:10AE40001D6835B12846BDE83840FFF7A9BF01208D
:10AE50007047094B04461878FFF7D0F910F0B6FD9B
:10AE600008B9204638BD2946044810F04DFE284652
:10AE700038BD00BFE43900206F23002019A2020072
:10AE80002DE9704384B011F0A9FF1E4E3060336885
:10AE9000002B02DC04B0BDE870830DF107034FF610
:10AEA000FF70039311F03CFA4FF6FF75A842044679
:10AEB00009D1EFE7039B1B7820465BB111F030FA14
:10AEC000A8420446E6D002AA0121204611F0F8FB70
:10AED0000028EFD007F0A6FE40F2E734804689460E
:10AEE000002511F055FF09E007F09CFEB0EB0802C9
:10AEF00061EB09039D4208BF9442CBD33368002B1A
:10AF0000F2D1C7E7E03900202DE9F04FC488ADB099
:10AF100014F480549DF8DC9002D02DB0BDE8F08F81
:10AF20000DF1B00B1E46369B8360C0E906440192CA
:10AF30000F4605460FF02AFD13F014FA4BF8A04D0A
:10AF40000FF0B4FF13F064F85946012013F08EF9A6
:10AF5000A04B05F1140A19681CA80BF0F3FD1CA9FD
:10AF600050460BF05BFE1CA80BF0B8FD0DF120085D
:10AF7000994906A80BF0E6FD984940460BF0E2FD22
:10AF800006AA51460AA80BF06BFE3A460AA90DA87C
:10AF90000BF066FE42460DA91CA80BF061FE1CA931
:10AFA00050460BF03BFE1CA80BF098FD0DA80BF0D3
:10AFB00095FD0AA80BF092FD40460BF08FFD06A808
:10AFC0000BF08CFD6A690C94101DCDE90A40C4F3A6
:10AFD0000721022767F301018DF829105188ADF888
:10AFE00030105088ADF832000AA9049A4120FFF7CA
:10AFF00011F9584613F084F92046FFF705F90322AA
:10B000004FF0000362F306130721102206948DF817
:10B010001C408DF819108DF818308DF81A2011F099
:10B0200055FE06A811F098FE6D4811F079FE6D4AA4
:10B03000ADF824404FF4C87340460892ADF826306E
:10B04000FFF7E4F82146684810F0CAFEB9F1000F96
:10B0500040F0A98005AC654B1C931CA813F04EFA78
:10B060007C201AF05CF83246AB68294601F014FFE8
:10B07000584B1CA819680BF065FD5D490DA80BF035
:10B0800061FD0DAA1CA920460BF0EAFD0DA80BF0EE
:10B0900025FD1CA80BF022FD402200211CA81AF05F
:10B0A00099F8544B18681D9001238DF8AC3010B1FD
:10B0B0001AF0CCF880B2059BADF87000181D1F90F7
:10B0C000002800F082801AF0C1F883B2019AADF82E
:10B0D000783010680430219010B11AF0B7F880B2BF
:10B0E000454BADF880001868239010B11AF0AEF807
:10B0F00080B2424BADF888001868259010B11AF064
:10B10000A5F880B23E4BADF8900018682790002853
:10B110005DD01AF09BF883B21CA8ADF8983013F0FC
:10B1200095FB502019F0FBFF3246294600F0A0FEA7
:10B130002846FFF7A5FE3C2200210DA81AF04AF888
:10B14000062602230DAA322101208DF834308DF815
:10B150003760FFF7B1F831462846FFF751FA4FF450
:10B16000A036032200234FF4F0210DA8CDE91033BF
:10B17000CDE912338DF84020CDE90E61CDF8348051
:10B1800010F0BAFA1F4B012185F821101878FFF74B
:10B1900033F8EB8843F480532046EB800BF09EFCA1
:10B1A0002DB0BDE8F08F11F019FE032805AC7FF734
:10B1B00052AF22461CAB0DA90DF10E0011F03AFE64
:10B1C000BDF8140011F02CFE45E703467EE7034668
:10B1D000A2E700BF6C200020BC6D0400C06D04001D
:10B1E000D5A6020008001000CC390020F5AD020001
:10B1F000C46D0400A4390020A0390020682000207C
:10B20000A83900206F23002041F20103984216D094
:10B210000DD944F20103984206D044F20203984249
:10B220000AD14820F6F7C0B94920F6F7BDB9012880
:10B2300002D14620F6F7B8B94A20F6F7B5B947204B
:10B24000F6F7B2B9A8DF7047B0DF704762DF70472A
:10B25000704700BF8B79012B05D0022B02D1036808
:10B26000DB6A1847704703689B6A18470368034AFC
:10B270009B68934200D170470631184751B20200D3
:10B2800070B50B88502B044631D01AD8102B26D01D
:10B29000112B14D10368194DDA69AA422BD100256C
:10B2A0002E4605E023681B6998472368068101350F
:10B2B000DB6820469847A84229462046F2DC012058
:10B2C00070BD512B06D0532BF9D103681B6B9847E7
:10B2D000012070BD03685B6A9847012070BD036858
:10B2E000064A9B699342EAD09847012070BD0368E3
:10B2F0001B6A9847F9E790472368D0E751B20200EC
:10B3000010B5064B0360002304460371C38000F0B0
:10B31000CDF9214600F0D8F9204610BD146E040086
:10B3200010B5054B0360044600F0C0F9214600F05B
:10B33000D9F9204610BD00BF146E040010B584B0CA
:10B3400010310DF1FF330DF10F0411F8012D03F849
:10B35000012FA342F9D1011D6846FFF777FF04B022
:10B3600010BD00BF00B583B00379ADF80410821D95
:10B3700001A901208DF80630FFF764FF03B05DF8E6
:10B3800004FB00BF2DE9F04788B00546BDF84060DA
:10B39000BDF84470BDF84840924688461E22002100
:10B3A0000DF10200994619F015FFBB1B18BF0123D0
:10B3B0002A79ADF800A0E107ADF804708DF80C30E3
:10B3C000ADF80660CDF808908DF8022005D59DF8FF
:10B3D0000D3043F002038DF80D30A20705D59DF81E
:10B3E0000D3043F004038DF80D30630705D59DF84B
:10B3F0000D3043F008038DF80D30270705D59DF873
:10B400000D3043F010038DF80D30E60605D59DF89C
:10B410000D3043F020038DF80D30A00605D59DF8C2
:10B420000D3043F040038DF80D30610605D59DF8D1
:10B430000D3043F001038DF80D30E20544BF0123C8
:10B440008DF80F30A30544BF01238DF810302B6811
:10B45000EC881A69012341468DF811308DF81230BD
:10B460008DF813308DF8143028469047694602460F
:10B47000204610F075FB08B0BDE8F08700B58DB030
:10B4800001A810F0E5FA019B23B1BDF808000DB04A
:10B490005DF804FB4FF6FF700DB05DF804FB00BFD4
:10B4A00008B510F0ABFA003018BF012008BD00BF8E
:10B4B00003682DE9F041DB6806460D469046984743
:10B4C000071E1BDD00240BE04388AB421ED083889F
:10B4D000AB4221D0C388AB4224D00134A7420DD067
:10B4E000336821461B69304698470388AB42EBD14D
:10B4F000012388F800302046BDE8F08100234FF09A
:10B50000FF3488F800302046BDE8F081022388F837
:10B5100000302046BDE8F081032388F80030204643
:10B52000BDE8F081042388F800302046BDE8F081B2
:10B5300030B583B00C460DF10702C9880546FFF708
:10B54000B7FF011E08DB9DF807202B68032A05D0F2
:10B550001B680B4A93420ED103B030BD228A022AE7
:10B56000F6D11B6928469847E17CA27C2B6842EA09
:10B5700001220281ECE7A11D2846984703B030BDA7
:10B5800051B20200F0B58BB00C460DF107020989EB
:10B590000746FFF78DFF002819DB9DF80730E68985
:10B5A000012293428DF8082013D09DF80E20A08828
:10B5B000ADF81060002363F3000202A98DF80E209D
:10B5C000ADF80C30ADF812300593FFF73DFE0BB02F
:10B5D000F0BD3A681F4952682089ADF81A6000250D
:10B5E0008A428DF81C308DF81D30ADF81800089592
:10B5F000ADF8245015D12A462F4629469DF80E5005
:10B60000ADF80C1063F30005A088ADF8106002A936
:10B61000ADF8127005928DF80E50FFF715FE0BB0C5
:10B62000F0BD384606A990479DF81C304BB99DF8EF
:10B630001D30BDF81A60BDF82470089A4FF481716E
:10B64000DCE729469DF81D30BDF81A60BDF824706E
:10B65000089AD3E751B2020000B583B009890DF111
:10B660000702FFF725FF03B05DF804FBF8B50E4CA9
:10B6700026689EB13368002B0FDD0746354600244F
:10B6800002E03368A34208DD55F8040F0368394629
:10B690005B69984701340028F3D1F8BD542019F0B4
:10B6A0003EFD20600660F8BDE839002010B5054C6D
:10B6B000206800B110BD542019F031FD0023206036
:10B6C000036010BDE839002008B50368132B05DCC2
:10B6D00000EB830201335160036008BD1420FAF7C8
:10B6E00053FD00BFF0B40668002E0DDD436899429B
:10B6F00026D0041D002204E054F8045F8D4205D0DA
:10B700001A46531CB342F7D1F0BC70470232B24222
:10B7100013DA551C5C1C03EB060C00EB850500EBF3
:10B720008404ACEB020C1946013155F8047B44F853
:10B73000047B6145F8D1B21A13440360F0BC704732
:10B7400001220023E3E700BF02207047013101EB33
:10B75000810100EB4100704782B070B50C4684B0A7
:10B7600005464968206802AC03C4039908AC481038
:10B7700084E80C00CB0745BF2A58029B029CD45892
:10B780000AAB2E1893E803008DE8030008AB0CCB3E
:10B790003046A04704B0BDE8704002B0704700BF1B
:10B7A00082B070B504A981E80C000546BDF81240CE
:10B7B000FFF776FE28B1022C1ED0012C29D0052CD3
:10B7C00003D0BDE8704002B070472C46022304F855
:10B7D000083F2B681D4A1B69934230D105F10A06C8
:10B7E0002846FFF74BFE224601463046BDE8704032
:10B7F000012302B0FEF780BC2C46002104F8081F8C
:10B800002B68124A1B699342E8D02846984706469F
:10B81000E6E72E460D4A06F8084F2B681B6993424F
:10B820000FD105F10A042846FFF728FE32460146EB
:10B830002046BDE87040012302B0FEF75DBC002148
:10B84000E3E70021284698470446ECE74DB702009D
:10B8500082B070B504A981E80C000546BDF812401D
:10B86000FFF71EFE28B1022C1ED0012C1FD0052C84
:10B8700003D0BDE8704002B070472C46022304F8A4
:10B88000093F2B681A4A1B69934226D105F1140619
:10B890002846FFF7F3FD224601463046BDE87040DA
:10B8A000012302B0FEF728BC2C460023E7E72E4612
:10B8B0000F4A06F8094F2B681B69934212D105F114
:10B8C00014042846FFF7DAFD324601462046BDE85B
:10B8D0007040012302B0FEF70FBC012128469847B3
:10B8E0000646D5E72146284698470446E9E700BFC3
:10B8F0004DB702002DE9F041044682B00E461546D0
:10B9000010309846BDF828700AF028FD2680658022
:10B91000182019F004FC08AB054693E803006A46BA
:10B9200082E803002E4603CA46F80C8B0023084A1F
:10B93000EB6047F00207736068602046A780A5604F
:10B94000E360C4E90833A9606A6102B0BDE8F08130
:10B9500059B702002DE9F04385B0BDF838803BB3FC
:10B960000C9C14B30F2902D1B8F1C00F20D10646A8
:10B9700028201C460D46174619F0D1FB0CAB81461A
:10B9800093E803003A468DE8030023462946CDF8A4
:10B9900008804846FFF7AEFF336849465B6830468B
:10B9A000984740B905B0BDE8F0830D9CE407D9D4B1
:10B9B0006FF47A70F6E7484605F026FA484619F023
:10B9C000A7FB0148EEE700BF16FCFFFF2DE9F041A1
:10B9D000324F3E6894B0002E36D00C460546304BB0
:10B9E000002934D1CDE9083108AB93E803004FF0CA
:10B9F000100822468DE803002B460121CDF808806F
:10BA00000AA8FFF777FF33680AA99B683046984772
:10BA10000AA805F0F9F9234B3E68CDE9063406ABD8
:10BA200093E8030022468DE803002B460221CDF85F
:10BA300008800AA8FFF75EFF336830469B680AA9B2
:10BA400098470AA805F0E0F914B0BDE8F081002499
:10BA50000493059404AB93E803004FF010088DE8BD
:10BA6000030022462B463046CDF808800121FFF71F
:10BA700071FF0C4B3E68CDE90A340AAB93E8030032
:10BA800022468DE80300CDF808802B46304602217F
:10BA9000FFF760FF14B0BDE8F08100BF643B0020F9
:10BAA000A1B7020051B80200F0B5044685B0FFF717
:10BAB00027FC20461A4B40F80A3BFEF703FB002701
:10BAC00004F11400FEF7FEFA204616492781FFF71D
:10BAD00035FC01250926204649F68201FFF742FC84
:10BAE000394604F1080320464DF69022CDE901566F
:10BAF0000095FFF747FC2046CDE901560095A319B4
:10BB000029464DF69122FFF73DFC2046FFF7C8FC81
:10BB100018B129462046FFF759FF204605B0F0BD71
:10BB2000506E0400FC6D04000121FFF74FBF00BF01
:10BB30000021FFF74BBF00BF10B5044C206800B1D7
:10BB400010BD012019F0EBFA206010BDEC39002087
:10BB50002DE9F04F89B00025009215809DF948200D
:10BB6000ADF81C50CDE90355CDE905550192002BE8
:10BB700063D01E781C46002E5FD0DFF8C88089464F
:10BB800058F8047B384619F061FB39468346024673
:10BB9000204619F063FB002849D00135042DEFD170
:10BBA00000270EB3112F1FDC07F1FF3803AB264629
:10BBB0009844234D002402E001340E2C2DD055F87A
:10BBC00004AB504619F042FB5146834602463046CC
:10BBD00019F044FB0028EFD15E440137337808F8B0
:10BBE000014F0BB1122FE4D1019A89F80320AA2347
:10BBF000FE2289F80030102389F8012089F80230EC
:10BC00003A4603A909F1040019F0C0FA009B043771
:10BC10001F80002009B0BDE8F08F344608AB3B44DC
:10BC200014F8012B767803F8142C0137B9E75C443B
:10BC30008DF80C5026780127B3E76FF47A70E9E7A6
:10BC400084200020742000202DE9F04184B00026DB
:10BC5000174616809DF92CC00A9A4BB342B3186858
:10BC6000B3F80880D2F800E092880D46596885F84C
:10BC700003C06B4603C36C46A3F80080CDF80AE00E
:10BC8000ADF80E200FCC4FF0AA084FF0FE0E4FF08B
:10BC9000140CAE70686085F8008085F801E0A9603A
:10BCA000EA602B61A7F800C0304604B0BDE8F0811F
:10BCB0006FF47A76F8E700BF0420704701EB81014A
:10BCC00000EB41002630704782B070B50C4684B05E
:10BCD00005464968206802AC03C4039908AC4810C3
:10BCE00084E80C00CB0745BF2A58029B029CD4581D
:10BCF0000AAB2E1893E803008DE8030008AB0CCBC9
:10BD00003046A04704B0BDE8704002B0704700BFA5
:10BD100010B5074B074A036000238260C3810446C5
:10BD2000083004F00FFA2046FFF7FAFA204610BD5B
:10BD30002C6F04001474040010B5084A084940F838
:10BD4000082C00220160C280A0F1080404F0FAF976
:10BD50002046FFF7E5FA204610BD00BF2C6F040017
:10BD60001474040010B5094B094A03600023826073
:10BD7000C3810446083004F0E5F92046FFF7D0FA05
:10BD8000204619F0C5F9204610BD00BF2C6F0400F5
:10BD90001474040010B5094A094940F8082C00221F
:10BDA0000160C280A0F1080404F0CCF92046FFF73E
:10BDB000B7FA204619F0ACF9204610BD2C6F0400EC
:10BDC000147404000368124A1B69934270B5044658
:10BDD0000D460E8816D130300388B34200D070BDB6
:10BDE0002069A18C03684A1CDB68A284984704F18F
:10BDF0001C0350B102884188A2830422E183AB6016
:10BE0000AA8170BD01219847E6E7AB60A88170BDAB
:10BE1000BDBC020082B070B504A981E80C000446E4
:10BE2000FFF73EFB18B9BDE8704002B070472368C9
:10BE30000E4A1B69BDF81000BDF812102083934212
:10BE400061830ED104F126052046FFF717FB04F1AC
:10BE5000180201462846BDE87040042302B0FEF7F0
:10BE60004BB90021204698470546EDE7BDBC0200CE
:10BE70002DE9F043044685B0154600F10809FFF7A7
:10BE80003FFA314BA3600023E360484604F0EAF830
:10BE90002E4B256103F148022360A26004F12605C0
:10BEA00004F14E0628460A35FEF70CF9AE42F9D1E8
:10BEB0000026A0466661266258F8200FE0612746FA
:10BEC000234957F81C0FA061A6842046FFF736FAD5
:10BED000204649F2AF31FFF745FA0425092204F163
:10BEE00018033146CDE901522046009549F275729A
:10BEF000FFF748FA06230293204604F11403CDE924
:10BF0000005545F204420221FFF73CFA4346204621
:10BF1000CDE90155009542F2C4320321FFF732FA10
:10BF200040F209123B46029201214BF64C02204698
:10BF3000CDE90055FFF726FA484603F013FB2046EB
:10BF400005B0BDE8F08300BF147404002C6F04003A
:10BF5000FC6D04002DE9F041044682B00E46154602
:10BF600010309846BDF828700AF0F8F926806580F0
:10BF7000182019F0D4F808AB054693E803006A4688
:10BF800082E803002E4603CA46F80C8B0023084AB9
:10BF9000EB6047F00207736068602046A780A560E9
:10BFA000E360C4E90833A9606A6102B0BDE8F081CA
:10BFB000C9BC02002DE9F04F03683D4D1B694F8954
:10BFC000B1F80090AB428BB006460C4601F10C086C
:10BFD00066D13A3003884B450DD03368B4F80090F1
:10BFE0001B69AB425FD106F1440003884B4519D071
:10BFF0000BB0BDE8F08F032FFADD3D1F25F00305E0
:10C0000008F108084544103434F8022C34F8041CB4
:10C01000012306A804340AF081F9A542F4D10BB03B
:10C02000BDE8F08F032FE3DD043F27F0030708F19D
:10C030000805DFF880B03D4410344FF0000A01E0FD
:10C04000AC42D5D034F8047C34F8022CD6F81080F9
:10C0500005920F2F4FF02800CDE906BA04F1040431
:10C06000EED019F05CF806AB814693E8030010238C
:10C070008DE80300029339463346059A4846FFF798
:10C0800069FFD8F8003049465B6840469847002869
:10C09000D6D0484604F0B8FE484619F039F8CFE744
:10C0A0000221984796E70321304698479DE700BF55
:10C0B000BDBC020015BE020030B591B00446FFF7CA
:10C0C000EFF908B9A38C0BB911B030BD0D4B256940
:10C0D000CDE9043004AB024693E803001023A284A8
:10C0E0008DE8030002931146234606A8FFF732FFAE
:10C0F0002B6806A99B682846984706A804F084FE8A
:10C1000011B030BD15BE0200A0F10800FFF7D4BF8A
:10C110000420704701EB810100EB41005230704771
:10C1200010B5074B074A036000238260C3810446B1
:10C13000083004F007F82046FFF7F2F8204610BD5B
:10C14000986F04001474040010B5084A084940F8B8
:10C15000082C00220160C280A0F1080403F0F2FF65
:10C160002046FFF7DDF8204610BD00BF986F0400A1
:10C170001474040010B5094B094A0360002382605F
:10C18000C3810446083003F0DDFF2046FFF7C8F8FE
:10C19000204618F0BDFF204610BD00BF986F040078
:10C1A0001474040010B5094A094940F8082C00220B
:10C1B0000160C280A0F1080403F0C4FF2046FFF72D
:10C1C000AFF8204618F0A4FF204610BD986F040079
:10C1D000147404002DE9F84F0368BC4F1A690E88E7
:10C1E000BA4204460D4640F042815C300288B242B9
:10C1F00000F0F6801A692E88BA4240F0338104F1CB
:10C2000052000288B24200F0A3801B692E88BB4214
:10C2100040F0E28004F166000388B34258D02368FE
:10C220002E881B69BB4240F0438104F170000388F3
:10C23000B34201D0BDE8F88FB5F80A80B8F1010F1C
:10C24000F8D9A8F1020805F11003C8F34E0803EB72
:10C2500048080E354FF001090C2716E0122B94BF49
:10C2600018221346206915F8011C98BF12FB0372AF
:10C2700003EB430300EBC30388BF0C22DB681044CD
:10C280001B6898470235A845D4D015F8023CA1692F
:10C2900009FA03F21140F5D160690240DED0122B99
:10C2A0009ABF182010FB03720B46206915F8011C79
:10C2B00003EB430300EBC30388BF0C22DB68FF29B9
:10C2C0001044DB6814BF890040F2FF319847D9E77A
:10C2D0006A89002AAED07E4BA3FB023AA2EB0A0386
:10C2E0000AEB530A4FEA9A0ACAEBCA03D21A92B26D
:10C2F000002A9FD11AF0FF0A91D005F10C080723FC
:10C3000013FB0A8A18E018220C2012FB030B206989
:10C3100003EB4303DE0083195844DB68DB6898476E
:10C320002069064408F10708F36849469B6B5844A6
:10C330009847C2453FF473AF98F80030B8F8011041
:10C34000D8F80390122BDED900234FF00C0BDEE758
:10C350006A89032A7FF659AF2646EA6846F8142F01
:10C360001B69BB4240F0AD8004F152082046FFF744
:10C3700085F83246014604234046FDF7A9FE002613
:10C380004FF0010909E006EB4602D20002F10C0170
:10C39000002B7ED10136132E18D0D4E9052309FADB
:10C3A00006F818EA020F08EA0303ECD006EB46028F
:10C3B000D20002F10C01002BECD0206902440136BE
:10C3C000D36808445B699847132EE6D123682E880A
:10C3D0001B69BB423FF41EAF0221204698471BE772
:10C3E0006A89032A7FF606AF2646EA6846F8182FC0
:10C3F0001B69BB4260D104F15C082046FFF73EF8A0
:10C400003246014604234046FDF762FE00264FF007
:10C41000010908E006EB4602D20002F10C0153BB11
:10C420000136132E18D0D4E9052309FA06F818EAC4
:10C43000020F08EA0303EDD006EB4602D20002F138
:10C440000C01002BECD0206902440136D36808446B
:10C450005B699847132EE6D123682E881A69BA4281
:10C460003FF4CDAE0021204690472368C9E6012164
:10C4700090472368BAE6206902440844D3685B68A1
:10C480009847636918EA030FCAD0A36908EA03034F
:10C49000D2E7206902440844D3685B68984763691F
:10C4A00018EA030F3FF476AFA36908EA03037DE7B8
:10C4B000032120469847BAE6012120469847804646
:10C4C0009BE700212046984780464FE715C10200B0
:10C4D000254992242DE9F043044685B0154600F124
:10C4E0000808FEF70DFF364BA3600023E3604046CB
:10C4F00003F0B8FD334B256103F148022360A260CD
:10C5000004F1520504F17A0628460A35FDF7DAFDF2
:10C51000AE42F9D10025C4F84A502046C4E9055579
:10C52000C4F83E502849C4F84250C4F84650C4F8F4
:10C530004D50E561256265622585FEF7FFFE042604
:10C540004FF00509204641F27B21FEF70BFF2946FB
:10C5500004F114032046CDE90169009645F69902DD
:10C56000FEF710FF04F118032046CDE9016900969B
:10C570004BF6FE120121FEF705FF04F11C070E2207
:10C580003B46CDE90022204602964DF622020221CA
:10C59000FEF7F8FE40F20D121423CDE9013203211B
:10C5A00004F12A034FF40D4220460095FEF7EAFEFF
:10C5B000404602F0D7FF204605B0BDE8F08300BF3B
:10C5C00014740400986F0400FC6D04002DE9F0471A
:10C5D000002405468A46A0460C264FF001091CE0BF
:10C5E0004B689847C0B22B19BAF1000F03D193F8EA
:10C5F0003E2082420CD005EB480208F10108B8F158
:10C60000090F83F83E0082F82A4082F82B001ADCDA
:10C610000134132C06F1180615D0AB6909FA04F29F
:10C620001A4204EB440CF3D02B696F6903EBCC0C7A
:10C630003A4233441846DCF80C10D1D04A6990478E
:10C64000C0F38700CFE74046BDE8F08703680D4A96
:10C650001B69934270B504460D460E880FD17030A9
:10C660000388B34200D070BD01212046FFF7AEFF22
:10C670000028F8D02A344000AC60A88170BD0321A6
:10C680009847EDE715C102002DE9F0410446FEF799
:10C6900007FF08B9BDE8F08100212046FFF796FFAB
:10C6A0000028F7D023680D4A1B694000934285B2E9
:10C6B00004F12A070CD104F170062046FEF7DEFED5
:10C6C0002B463A4601463046BDE8F041FDF714BD21
:10C6D0000321204698470646EFE700BF15C1020038
:10C6E000A0F10800FFF7D0BF0320704701EB8101E4
:10C6F00000EB4100283070472DE9F84F03681B4AD2
:10C700001B690C889342834689462CD128300388C4
:10C71000A34201D0BDE8F88F0027BA460BF10B0504
:10C720004FF0010805F801AF3EB20024DBF8080025
:10C7300021B23246103009F0A9FEC4F104030134DD
:10C7400020B12A7808FA03F313432B70052CEDD19E
:10C750000137052FE6D10BF10C03C9F80830A9F811
:10C760000C70BDE8F88F00219847D0E7EDC60200B5
:10C770002DE9F0430368404C1B69B1F80080A342E7
:10C7800083B005460E4601F10C076AD128300388B4
:10C7900043451FD02B68B6F800801B69A34263D1C4
:10C7A00005F13200038843453CD02B6837881B696C
:10C7B000A3425DD105F13C000388BB4202D003B027
:10C7C000BDE8F0837389012B84BFB3896B8203B00A
:10C7D000BDE8F0837389013B042BDBD8A8683C30AB
:10C7E00006F0FCFC7389002BE9D04FF000090FFA2A
:10C7F00089F800243B78A868C4F10402134143F38C
:10C80000000321B2DBB210304246013409F028FEA9
:10C81000052CEFD1738909F101094B4507F1010797
:10C82000E5DCCCE7B6F90A20394668460AF0CEF9CD
:10C83000A8683C3006F0D2FCA868694600F13C04C8
:10C8400001A80AF0DDF96A8A01A9204606F0A8FDD0
:10C8500001A80AF043F968460AF040F903B0BDE8C0
:10C86000F0830021984792E701212846984799E7ED
:10C870000221284698479FE7EDC60200F0B504461E
:10C8800085B01546FEF73CFD234B2360A56004F1FF
:10C890002800FDF717FC04F13200FDF713FC04F14A
:10C8A0003C00FDF70FFC0025782363822046E560FD
:10C8B00025741A492575FEF741FD20464DF61D11D8
:10C8C000FEF750FD052604F10C0740F205123B4629
:10C8D00029462046CDE90162009647F67732FEF7F9
:10C8E00051FD14220421A318CDE901212046009214
:10C8F000012149F2EE32FEF745FD02212046029663
:10C9000004F11203CDE9001140F62D52FEF73AFD75
:10C91000204605B0F0BD00BF04700400FC6D0400AB
:10C920000420704701EB810100EB41001830704793
:10C9300082B070B50C4684B005464968206802ACE8
:10C9400003C4039908AC481084E80C00CB0745BF2A
:10C950002A58029B029CD4580AAB2E1893E8030075
:10C960008DE8030008AB0CCB3046A04704B0BDE80F
:10C97000704002B0704700BFF0B503681C4E1B69E1
:10C980000F88B34285B004460D4629D12C30038868
:10C99000BB420BD023682F881B69B34223D104F11B
:10C9A00036000388BB420ED005B0F0BD6B89012B69
:10C9B000F0D9AB89A382022201230621684609F03F
:10C9C000ADFC05B0F0BD6B89002BEDD02B7BA375C2
:10C9D000012BE9D104220621684609F09FFCE3E718
:10C9E00002219847D3E7032120469847D9E700BFA3
:10C9F00025C9020010B50446806804F055FEA081E8
:10CA0000A06804F059FEE081A06804F05DFEA36810
:10CA100020821A681846536A9847A082A06804F0DA
:10CA200027FE00B910BDA06804F0F6FE608210BDBC
:10CA300070B50446806804F0D5FDA8B10323A37542
:10CA400023680D4A1B69934204F116060FD104F1C5
:10CA500036052046FEF712FD3246014601232846E0
:10CA6000BDE87040FDF748BB0223A375E8E703214A
:10CA7000204698470546ECE725C902002DE9F0411C
:10CA80000446FEF70DFD08B9BDE8F0812046FFF72A
:10CA9000B1FF2368244D1B69AB4204F1140738D160
:10CAA00004F12C062046FEF7E9FC3A460146022333
:10CAB0003046FDF70DFB23681B69AB4204F10C0700
:10CAC00022D104F118062046FEF7D8FC3A4601466A
:10CAD00006233046FDF710FBA06804F0C9FD0028CE
:10CAE000D2D023681B69AB4204F1120616D104F1BF
:10CAF00022052046FEF7C2FC3246014602232846A4
:10CB0000BDE8F041FDF7F8BA0021204698470646F7
:10CB1000D9E70221204698470646C3E7012120466F
:10CB200098470546E5E700BF25C9020070B50446F1
:10CB300005468068A18A03681B6A9847A068036855
:10CB40005B6A984723680C4A1B6925F8140F9342C7
:10CB50000CD104F12C062046FEF790FC2A46014633
:10CB600002233046BDE87040FDF7B2BA02212046EC
:10CB700098470646EFE700BF25C9020082B08DE85E
:10CB80000C00BDF80230012B05D0022B09D0042B7C
:10CB900004D002B0704702B0FFF770BF02B0FFF7D9
:10CBA00047BF02B0FFF7C2BF2DE9F041044682B093
:10CBB0000E46154610309846BDF8287009F0CEFB99
:10CBC00026806580182018F0AAFA08AB054693E87D
:10CBD00003006A4682E803002E4603CA46F80C8B1F
:10CBE0000023084AEB6047F0020773606860204644
:10CBF000A780A560E360C4E90833A9606A6102B058
:10CC0000BDE8F08131C902002DE9F04385B0BDF8DF
:10CC100038803BB30C9C14B30F2902D1B8F1C00F7C
:10CC200020D1064628201C460D46174618F077FAF4
:10CC30000CAB814693E803003A468DE80300234697
:10CC40002946CDF808804846FFF7AEFF33684946CD
:10CC50005B683046984740B905B0BDE8F0830D9C4D
:10CC6000E407D9D46FF47A70F6E7484604F0CCF8BC
:10CC7000484618F04DFA0148EEE700BF16FCFFFFEA
:10CC80002DE9F0411D4F1E4D8AB000260446FFF7E6
:10CC9000B1FECDE908760AAB13E903008DE8030085
:10CCA000C02223462868029206210122FFF7ACFF2A
:10CCB000CDE9067606AB93E803002A684FF010082A
:10CCC0008DE8030023461046CDF808800222062195
:10CCD000FFF79AFFCDE904760DEB080393E8030014
:10CCE0002D68CDF808808DE80300234604222846ED
:10CCF0000621FFF789FF0AB0BDE8F0817DCB020075
:10CD0000643B002070B5044684B01546FEF7F8FA7F
:10CD10002E4BA560236004F1180504F14006284657
:10CD20000A35FDF7CFF9AE42F9D10025A06825619B
:10CD30000368E5605B6A9847A575A0822449204690
:10CD4000FEF7FCFA4FF2D8212046FEF70BFB09262E
:10CD500006232946CDE90136022500934FF611320C
:10CD600004F10C032046FEF70DFB04F1120349F217
:10CD7000157201212046CDE901560095FEF702FB10
:10CD800005232946029343F66C0204F1140320465E
:10CD9000CDE90055FEF7F6FA01230C22CDE9013268
:10CDA0000093204604F116034BF258320321FEF79C
:10CDB000E9FA2046FEF774FB28B1064B1B6813B155
:10CDC0002046FFF75DFF204604B070BD40700400B0
:10CDD000FC6D0400643B0020024B1B680BB1FFF7A5
:10CDE0004FBF7047643B002030B5114B1C6891B0B9
:10CDF000BCB10A46B9B90F49CDE9041204A90346EA
:10CE000003C910258DE803000295062106A8FFF747
:10CE1000CBFE236806A99B682046984706A803F026
:10CE2000F3FF11B030BDFFF72BFF11B030BD00BFD5
:10CE3000643B00207DCB02000021FFF7D5BF00BF7F
:10CE40000120704701EB810100EB41007030704719
:10CE500082B070B50C4684B005464968206802ACC3
:10CE600003C4039908AC481084E80C00CB0745BF05
:10CE70002A58029B029CD4580AAB2E1893E8030050
:10CE80008DE8030008AB0CCB3046A04704B0BDE8EA
:10CE9000704002B0704700BF2DE9F041044686B0F3
:10CEA000002590461F46FEF72BFA2E492160C4E963
:10CEB0000287258284F85450A56504F17000FDF7BF
:10CEC00001F920462849E56525666566A566E5669B
:10CED000FEF734FA20464DF61D11FEF743FA04F131
:10CEE0005C0614220A2733462946CDE9012720464D
:10CEF000009243F61032FEF745FA2820D4F8088055
:10CF000018F00DF90646103009F028FA292333608D
:10CF1000182018F004F9154ACDE90425074604AA9B
:10CF2000034603CA47F80C4BDD607D60586099608A
:10CF3000D8F800200E49F56012205961B360B08026
:10CF4000C6E90855536840463146984718B9204607
:10CF500006B0BDE8F081304603F056FF304618F0C9
:10CF6000D7F8F4E7A070040088700400A9D202008A
:10CF700051CE0200F0B5037CCA78934285B00546D5
:10CF800029D022D99B1A072BCCBF00240124D4B965
:10CF9000314A2B68128804AE214626F8102D284607
:10CFA0001B69984707462846FEF768FA02230146A0
:10CFB00032463846FDF7A0F86B7C85F854400433C0
:10CFC000DBB26B742B7405B0F0BDD31AF82BD4BF51
:10CFD00000240124DBE70A4690F8540001332B7447
:10CFE00052F804CF030105F11404E018576896685D
:10CFF000D26844F803C047608660C26095F8543038
:10D00000012B0FD01ED3032B18D101231A4629213F
:10D01000684609F083F96B7C002204336B7485F851
:10D020005420D0E78B784978AA6D1B0443EA01634A
:10D0300013430222AB6585F85420C4E7013385F819
:10D040005430C0E7B1F801305BBA9BB20122AB6546
:10D0500085F85420B7E700BF74700400F0B503688A
:10D060004F4A1B690E88934297B004460D4615D16E
:10D0700070300388B34201D017B0F0BD6B89002B2C
:10D08000FAD02A7B022A17D00BD8DAB1012AF3D1C1
:10D0900005F10C012046FFF76DFFEDE700219847F1
:10D0A000E7E7EE2A5FD0FF2AE6D16B7B23B1012BA5
:10D0B000E2D1F9F75FF8DFE70123292106A809F09B
:10D0C0002DF9D9E706A802F017FC364B1A684AB9C1
:10D0D000129A3AB19DF84410032903D132481399AA
:10D0E000026019606B7B8DF80530142106A803EBF4
:10D0F000830201FB030316A901EB820252E90E62CF
:10D10000103303CB330E8DF809608DF80630330CE5
:10D11000360A25688DF80D208DF807308DF80860E7
:10D12000130C0026170E120A8DF80C20CDF80E00F5
:10D13000CDF812108DF80A708DF80B308DF8046060
:10D140002B6931462046984705462046FEF796F95A
:10D1500001AA014612232846FCF7CEFF268284F856
:10D160005460A66588E7114B002518688DF81A50A1
:10D170004FF4F773ADF81830FDF70EFE23688DF805
:10D180001A0029461B692046984705462046FEF7A7
:10D1900075F90323014606AA2846FCF7ADFF6BE7A5
:10D1A00045CE0200F0390020F4390020E439002097
:10D1B00010B5ADF5627D01A802F004FA4FF460727B
:10D1C000002102A818F006F80220012300225821AD
:10D1D000039003A80A930DF081FD00220290C32161
:10D1E0009AA80DF07BFD40F6FC7399901A68013205
:10D1F00032D04FF080521C6813691C4420464FF413
:10D20000607202A917F0B3FFB0B940F6FC731C6856
:10D210004FF4607202A9204617F0A9FF48B12146D9
:10D2200001A802F0D1F902AA214601A8E02302F0E8
:10D2300001FA0DF5627D10BD214601A802F0C4F986
:10D24000E023214602AA01A802F0F4F940F6FC739B
:10D250001B680133D9D10EE04FF010224FF08053FC
:10D2600094691B691C4420464FF4607202A917F0B0
:10D270007EFF0028E0D14FF010239C69C8E700BF73
:10D2800040F6FC731A6801320ABF4FF010231A6887
:10D290009A694FF080531B69134493F8A13203B984
:10D2A0007047FFF785BF00BF82B02DE9F04383B020
:10D2B0000AA90546684681E80C0002F083F9BDF82A
:10D2C0002A40022C56D0FF2C4BD0012C04D003B0A6
:10D2D000BDE8F04302B070474C49E86806F0E4FA54
:10D2E0000746002865D001AE384617F011FF4FF011
:10D2F0008052AC6D1169B4FBF1F301FB13438BB9A0
:10D30000116989080ED02168013108BF201D04D0A1
:10D310004AE050F8041B013146D111690133B3EBE7
:10D32000910FF6D32146684605F11402102302F04E
:10D3300081F94FF601722B68ADF804201B690021BA
:10D340002846984704462846FEF798F83246014694
:10D3500002232046FCF7D0FE03B0BDE8F04302B044
:10D3600070472B4B1868FDF7F7FC03B0BDE8F0439E
:10D3700002B070471023684605F11402A96D02F04F
:10D3800059F9FFF715FFE868204906F0C1FB214B6A
:10D39000186810B1012101F067F8F8F7EBFE03B04F
:10D3A000BDE8F04302B070472146684602F00CF930
:10D3B000B8E702AE234606F8044D174C1349E86857
:10D3C000324606F0ABFA2368002B8DD0134AD2F810
:10D3D0000090994588D24FF08058A9F1040309F6CE
:10D3E000FC7101E08B4207D053F8042F0132F9D0D1
:10D3F0004946684602F0E8F8D8F81030226823F071
:10D40000030399449145E8D36EE700BF78700400A8
:10D41000E439002044390020F0390020F43900209C
:10D420000220704701EB810100EB41001030704792
:10D4300082B070B50C4684B005464968206802ACDD
:10D4400003C4039908AC481084E80C00CB0745BF1F
:10D450002A58029B029CD4580AAB2E1893E803006A
:10D460008DE8030008AB0CCB3046A04704B0BDE804
:10D47000704002B0704700BF2DE9F04103681A4EBA
:10D480001B690F88B34204460D4624D11A30038825
:10D49000BB4201D0BDE8F0816B89012BFAD9A98983
:10D4A000E181A068F9F700FEA068F9F705FE23689E
:10D4B0001B692546B34225F80E0F0FD104F11A0659
:10D4C0002046FDF7DBFF2A46014602233046BDE831
:10D4D000F041FCF7FDBD01219847D8E70121204626
:10D4E00098470646ECE700BF25D4020082B070B52D
:10D4F00004A981E80C000446FDF7D2FF18B9BDE885
:10D50000704002B07047A068F9F7C2FD25460D4A89
:10D5100005F80C0F23681B6993420DD104F1100626
:10D520002046FDF7ABFF2A4601463046BDE8704075
:10D53000012302B0FCF7E0BD0021204698470646D3
:10D54000EEE700BF25D402002DE9F041044682B089
:10D550000E46154610309846BDF8287008F0FEFEBD
:10D5600026806580182017F0DAFD08AB054693E8A1
:10D5700003006A4682E803002E4603CA46F80C8B75
:10D580000023084AEB6047F002077360686020469A
:10D59000A780A560E360C4E90833A9606A6102B0AE
:10D5A000BDE8F08131D4020070B5044686B08068D1
:10D5B000F9F76EFD2073A068F9F77EFD144A154B4C
:10D5C000E0810493282000231668059317F0A7FD37
:10D5D00006AB054613E90300C0228DE8030023468D
:10D5E0000292082128460122FFF7AEFF3368304639
:10D5F0005B682946984708B906B070BD284603F015
:10D6000003FC284606B0BDE8704017F081BD00BF9E
:10D61000643B0020EDD4020070B5044684B015468A
:10D62000FDF76EFE1E4B2360A56004F11000FCF7B1
:10D6300049FD002604F11A00FCF744FD2673E6813B
:10D6400020461849FDF77AFE20464FF4C241FDF707
:10D6500089FE01250922314604F10C032046CDE95B
:10D660000152009549F25022FDF78CFE0526022258
:10D670002046CDE901260092294604F10E0341F629
:10D680002532FDF77FFE2046FDF70AFF28B1064B45
:10D690001B6813B12046FFF787FF204604B070BD1A
:10D6A000DC700400FC6D0400643B0020024B1B682E
:10D6B0000BB1FFF779BF7047643B002010B5114BE9
:10D6C0001C6890B0C4B1C9B90F4ACDE9042104AABD
:10D6D000034692E8030010228DE80300029208211D
:10D6E000012206A8FFF730FF236806A99B682046A1
:10D6F000984706A803F088FB10B010BDFFF754FF51
:10D7000010B010BD643B0020EDD402000021FFF7F3
:10D71000D5BF00BF0220704701EB810100EB410043
:10D720002430704790F823200023038480F82230AF
:10D7300002B9704700B585B00123032240F2FF31E2
:10D74000684608F0EBFD05B05DF804FB2DE9F041FB
:10D750000446FDF7A5FE18B900263046BDE8F08165
:10D760002368DFF890801B694345064639D104F1F0
:10D77000240003899B07EFD594F82230E068E77C0A
:10D7800094F82110132B074418D894F820209142C4
:10D7900005D113E094F820208A420FD0E0685A1C8B
:10D7A00084F82220425CFA5494F82230E07C013163
:10D7B000132B91FBF0F200FB1211EBD922681269D6
:10D7C00042459DB211D104F124082046FDF756FED2
:10D7D0002B4601463A464046FCF7CCFC3046BDE8B5
:10D7E000F081002120469847C3E70021204690475A
:10D7F0008046EAE719D7020030B503681B4A1B6967
:10D800000D88934285B004462DD124300388AB4265
:10D8100001D005B030BD94F8222094F82130E17C8D
:10D8200094F823501344002093FBF1F201FB1233D0
:10D8300084F8213084F822000123032240F2FF31D2
:10D84000684608F06BFD002DE3D194F82230002BE0
:10D85000DFD194F8212094F820309A42D9D0204684
:10D86000FFF774FFD5E700219847CFE719D70200EB
:10D870002DE9F04F0368304A1B690C88934285B04C
:10D8800005460F4654D12E300388A34202D005B07E
:10D89000BDE8F08F7B89002BF9D00C3707EB030B29
:10D8A0002B7CAA7C687C591C91FBF2F602FB1616B5
:10D8B00086422AD0AA6997F80080B2F90290B9F19D
:10D8C000000F17DD05F1180A002401E0A14510D072
:10D8D00021B2504609F0DCF9804504F10104F5D18C
:10D8E00001231A464FF49661684608F017FDA145DA
:10D8F000EED12B7CAA6802F80380EB692E749E425D
:10D900000BD00137BB45CBD1C1E7012303224FF434
:10D910009661684608F002FDF3E74FF0FF33EB61D4
:10D92000022201234FF49661684608F0F7FCE8E70D
:10D9300001219847A8E700BF19D702002DE9F0415F
:10D94000044684B015461E46FDF7DAFC2046254BFA
:10D9500040F8183B09F05CF9013604F12400FCF7AB
:10D96000B1FBF6B204F12E000135FCF7ABFBEDB2D2
:10D9700006F128002844012103F002FA05F11403FE
:10D9800000270344C4E90203A5742046E6742782F5
:10D99000278484F8227084F823701349FDF7CEFCA5
:10D9A00020460121FDF7DEFCA36800974FF0140824
:10D9B00006222B442046CDE9018201210322FDF7F6
:10D9C000E1FCE368CDF80480102220460292009723
:10D9D000394633440222FDF7D5FC204604B0BDE8A9
:10D9E000F08100BF2871040010710400012923D0C8
:10D9F00070B50446407C71B1A57C461C022996FB9B
:10DA0000F5F205FB126202D1237C83420DD0A3689C
:10DA1000185C627470BD237C834210D0A37C411CCF
:10DA200091FBF3F203FB1212F1E7E2614FF496600F
:10DA300002F05CFF607CF1E76FF47A707047014898
:10DA400070BD00BF0CFCFFFF2DE9F04FB2F10008E4
:10DA500083B040F39980012B00F0968005461E4666
:10DA60000091FDF71DFD002800F08B802B68484FCA
:10DA70001B69BB4240F0818005F1240003899A07AD
:10DA80007FD54FF0000B05F12403DA4601934FF0E8
:10DA900001092846FDF704FD002858D02B681B69B2
:10DAA000BB4258D1019803899B0750D5C34527DA5B
:10DAB00095F82010EA7C95F821004B1C93FBF2F4BA
:10DAC00002FB143398421BD0009A0BF1FF30104434
:10DAD00008E0EC7C95F821C092FBF4F304FB1323DF
:10DAE0009C450DD0EA6810F8014F54540BF1010B1E
:10DAF000D9B2D84503F1010285F82010E9D1C34617
:10DB0000022E2CD185F82390032140F2FF3002F041
:10DB10003BFD95F8223043B995F8212095F8203047
:10DB20009A4202D02846FFF711FE02F0AFFED84518
:10DB300085F823A0ADD195F8212095F820309A42A0
:10DB400005D02846C346FDF7ABFC0028A6D15846B1
:10DB500003B0BDE8F08F002128469847A3E795F869
:10DB60002230002BF3D195F8212095F820309A42ED
:10DB7000EDD02846FFF7EAFDE9E70021284698475F
:10DB80007CE7DFF810B0E2E76FF47A7BDFE700BFF5
:10DB900019D7020016FCFFFF10B40C681346211DB4
:10DBA000B4F902205DF8044BFFF74EBF012BF8B526
:10DBB00041D017460D460646D3B1022B2AD1437CED
:10DBC000027C9A423DBF817C8918CB1AD31A9F42AE
:10DBD00023DC002F1EDD6C1EE51902213046FFF705
:10DBE00005FF04F8010FA542F7D13C462046F8BDD9
:10DBF000002A0FDD4D1E1C4604E00134A74205F843
:10DC0000010FF3D000213046FFF7F0FE0028F4DAD0
:10DC10002046F8BD00242046F8BD817C3A44D31A42
:10DC200093FBF1F201FB1233C36102214FF49660C2
:10DC300002F05CFECDE76FF47A74D7E7012A0FD0CB
:10DC400010B51830144608F0E9FF022C01D000206E
:10DC500010BD01214FF4966002F048FE002010BD77
:10DC60006FF47A70704700BF2DE9F04F87B000AFB6
:10DC7000012B7B60F86000F0B6804D7C0C7CBD60B1
:10DC8000A5428946934636D01168D9F80830B1F9D3
:10DC900002105E5D002905F1010824DD00244FF02B
:10DCA000FF3A21B2584608F0F3FFDBF80010B1F953
:10DCB00002100134B04208BFAA46A142F1DC99F833
:10DCC000120099F8104098FBF0F500FB1585AC4266
:10DCD0001CD0BAF1FF3F40D1D9F8083000295E5D71
:10DCE00005F10108DADC99F8120098FBF0F500FB69
:10DCF0001585A542CDD17B68022B0DD0F86808F0C0
:10DD000087FFF8681C37BD46BDE8F08F7B68022BA3
:10DD100023D1BAF1FF3F20D1594607F1140008F092
:10DD20006FFF07F1140102224846FFF787FF07F152
:10DD3000140008F0D3FE99F8103007F1140003F135
:10DD4000FF3A08F065FF07F1140109F1180008F027
:10DD500065FF07F1140008F0C1FEBAF1000FCDDB3A
:10DD6000BB6899F812409A45ABBFBB68E61AAAEBAC
:10DD70000306564406F1080222F007026D46ADEB99
:10DD8000020D00216846721C17F024FAB7F80880CB
:10DD9000D9F808E01FFA8AF3984569460FD00DF1CB
:10DDA000FF3C08F1010090FBF4F204FB12021EF8A4
:10DDB00008000CF8010F1FFA82F84345F1D199F8D9
:10DDC0001130F8680133334493FBF4F204FB12344E
:10DDD00089F8114032B208F0F9FEF868AD461C37F8
:10DDE000BD46BDE8F08F6FF47A7108F097FEF868D1
:10DDF0001C37BD46BDE8F08F437C027C934283BF55
:10DE0000807C8018C01AD01A704700BF10B5074B2D
:10DE1000036003F1740103F1A402044681614262CC
:10DE2000183005F081FB204610BD00BF647104006E
:10DE300010B5074A40F8182C02F1740402F1A4014D
:10DE40000460C160A0F1180405F06EFB204610BD0F
:10DE50006471040010B5084B036003F1740103F111
:10DE6000A402044681614262183005F05DFB204641
:10DE700017F04EF9204610BD6471040010B5094A30
:10DE800040F8182C02F1740402F1A401C16004608E
:10DE9000A0F1180405F048FB204617F039F9204698
:10DEA00010BD00BF64710400F0B583B016469DF844
:10DEB0002050CAB21F463146012304460AF0EEFC48
:10DEC000012D04F1180003D0032D14BF00250225F5
:10DED00000213B46324600910195214605F048FC61
:10DEE000044B236003F174022046A433A2616362F1
:10DEF00003B0F0BD6471040042DF7047704700BF9B
:10DF0000084602F0CDBC00BF82B070B50C4684B0AC
:10DF100005464968206802AC03C4039908AC481060
:10DF200084E80C00CB0745BF2A58029B029CD458BA
:10DF30000AAB2E1893E803008DE8030008AB0CCB66
:10DF40003046A04704B0BDE8704002B0704700BF43
:10DF500082B08DE80C0000F51760002102B0F7F7E1
:10DF600035BE00BF82B010B502A981E80C00BDF833
:10DF70000A30062B3DD00FD9152B22D040F6B932EE
:10DF8000934226D1BDE8104041F2C8134FF0FF3153
:10DF9000C05802B007F0DEBB032B20D1044600219D
:10DFA00000F68C0005F00AFC04F50B60002105F07A
:10DFB00005FC04F6D400BDE81040012102B006F0D3
:10DFC000ADBCBDE8104041F2C81302B0C05807F024
:10DFD0006DBC0D2B05D0BDE8104002B07047052B7D
:10DFE000F9D1BDE81040D0F85409036802B01B6BAA
:10DFF0001847BDE81040D0F85809036802B09B6A82
:10E00000184700BF82B08DE80C00BDF80230152B18
:10E0100001D002B0704741F2C81302B0C05807F0F7
:10E020004FBC00BF38B500F5E86405462046F8F758
:10E03000D3FD40B105F10C00FCF740FC38B9204697
:10E04000F8F7D2FD50B9BDE838400BF0EFBF2046DD
:10E05000F8F788FFBDE838400BF0E8BF2046F8F736
:10E060006FFF0028EFD138BD064A1368591E1160B2
:10E070003BB9054A116821B14189136021F400536D
:10E0800043817047BC20002030200020A0F1040014
:10E09000FFF7EABF704700BF2DE9F04F89B0044693
:10E0A000F7F7CEFFBC4B4FF00009C4E90139201D42
:10E0B00001F0D8FFB94B236004F10C063C336360D8
:10E0C00004F134073046FCF775FA04F14C05266379
:10E0D00038460922B2490BF023FF04F164082846B0
:10E0E0000A22B0490BF01CFF04F17C0640461A22BC
:10E0F000AD490BF015FF30461B22AC490BF010FF69
:10E100004A463946012304F1980004F0EBFD04F17E
:10E11000F80304F1D000039306F046F9DDF80C9003
:10E1200004F5417A2223294648465B2208F06AFF1B
:10E130004146504612220BF0C3FC04F5517504F51C
:10E14000D562494604922846524600F0DBF904F5B0
:10E15000E268974B049804F5C76204F5C4610BF0BC
:10E16000C3FA04F5B26204F5AF61404601F052FE15
:10E1700004F59D6204F5A06104F5E56001F04AFE36
:10E180004FF0280C04F5E863CDF800C018462A4685
:10E19000059341463B4681462A27F8F7A1FA04F544
:10E1A000F26241464B461046069200972A46F8F71F
:10E1B000C5FF40F6F87304F2BC751A6801320ABF55
:10E1C0004FF01023196859694FF0805304F2CC774F
:10E1D00018691B6900EB4000091A01222846F9F76B
:10E1E0008BFF294638460022079705F033FB04F5DC
:10E1F000BE60C4F8E407D4F86806C4F8EC07D4F8A5
:10E200006C06C4F8F007D4F87006C4F8F40704F5F7
:10E21000B563D4F87406C4F8D83704F5B86704F5C4
:10E22000BB6104F5C162052304F61C0BC4F8DC775E
:10E23000C4F8E017C4F8E82731465E4AC4F8F80786
:10E2400004F5FB65D4F87806C4F8FC0704F2EC7713
:10E2500004F50066C4F80038C4F80438C4F8083877
:10E26000C4F80C38C4F81828584632460723C4F8B6
:10E270001058C4F81478F8F715F94FF00009012385
:10E280001A46CDE9009904F5727104F68C0005F088
:10E290006FFACDE900990123022204F58B6104F5A0
:10E2A0000B6005F065FA03230222012104F6D40075
:10E2B00006F092FB524604F5A36A40F6AC53514671
:10E2C00004F6E40006F002FC092104F6181001F03F
:10E2D0007FFB082104F51460F8F782FE404600F049
:10E2E000F9FBC4F85409404600F0D0FC079BD4F871
:10E2F0005429009301465B46C4F8580904F65C10A3
:10E3000001F0E8F804F5A66B04F5A96004F5AC612A
:10E31000CDE90010039B5A4604F5547104F51760CB
:10E32000F7F786FD04F59650DDE9043206991030C2
:10E33000F8F71AF904F5CA630121A4F80A905046C7
:10E3400003930AF0D5FA039B994618460AF0F0F9B0
:10E35000022148460AF0BAF8B4F85636164923F4B2
:10E3600080734046A4F8563609F0DAFA55F8040BE3
:10E3700001210AF0BBFCAF42F8D155F8040B012192
:10E380000AF0B4FCAE42F8D1584601210AF0AEFCC6
:10E39000204609B0BDE8F08F147404004C720400EC
:10E3A0000090004000A0004000A0014000B00140EB
:10E3B0000020004010720400801A0600704700BF61
:10E3C0002DE9F04F83B0DDE90C9ABDF83880002BC1
:10E3D0003BD0B9F1000F35D00F2902D1B8F1C00FF1
:10E3E00033D1074628201D460E46934616F097FE69
:10E3F0000446103007F0B2FF18202680A4F802B0BF
:10E4000016F08DFECDE9009A06466B46024603CB18
:10E4100046F80C5B00233D68D36048F00208736047
:10E42000E360506091600E495161C4E90833A4F87B
:10E430000480A2606B6838462146984740B903B013
:10E44000BDE8F08F1AF0010FC6D16FF47A70F6E7CD
:10E45000204602F0D9FC204616F05AFE0148EEE7AD
:10E4600009DF020016FCFFFF70B5002486B04FF4F0
:10E470008053802205460E4602A821460094F9F7F3
:10E480003BFE012302A80E4A01A9F9F78DFD019B6D
:10E490007BB101236A460A4902A8F9F78FFD05F509
:10E4A00096501030F8F7ACF802A8F9F72FFE06B036
:10E4B00070BD002EF3D102A8F9F728FE06B070BD9A
:10E4C0000C720400A0F10400EEF782B810B5044B02
:10E4D000036000230446C38001F034FE204610BDD3
:10E4E0001474040010B5064B036000230446C38077
:10E4F00001F028FE204616F00BFE204610BD00BF9E
:10E50000147404002DE9F04F964B03604FF0000B9C
:10E51000044685B0C0F804B0CDE9021201F0A2FDB6
:10E52000914B23602123A36002220323642104F181
:10E530000C000AF0B3F903231A46652104F1240004
:10E540000AF0ACF904F1540803230422662104F113
:10E550003C000AF0A3F904F16C0A03231F2267218F
:10E5600040460AF09BF904F1840503231C2268212C
:10E5700050460AF093F904F19C06284603230E2224
:10E580006921009504F1B4090AF088F930460323A3
:10E5900025226A2101960AF081F903230B226B21BF
:10E5A00048460AF07BF903230A226C2104F1CC00CF
:10E5B0000AF074F904F1FC07032309226D2104F128
:10E5C000E4000AF06BF904F58A7603231E226E211B
:10E5D00038460AF063F9032317226F2130460AF008
:10E5E0005DF903230C22702104F596700AF056F9A8
:10E5F00003231122712104F5A2700AF04FF90323BD
:10E600000122722104F5AE700AF048F903230D22AD
:10E61000732104F5BA700AF041F903232222742110
:10E6200004F5C6700AF03AF903231A22772104F59B
:10E63000D2700AF033F904F5EA7503232022782119
:10E6400004F5DE700AF02AF90323242279212846F2
:10E650000AF024F95A4603237A2104F5F6700AF0E9
:10E660001DF9032314227B2104F501700AF016F929
:10E6700003230522862104F507700AF00FF903230E
:10E6800010227C2104F50D700AF008F903230822FA
:10E690007D2104F513700AF001F9032315227E2170
:10E6A00004F519700AF0FAF8032316227F2104F505
:10E6B0001F700AF0F3F803230F22802104F5257060
:10E6C0000AF0ECF803231822812104F52B700AF0DC
:10E6D000E5F803231322822104F531700AF0DEF8F5
:10E6E00001230622832104F537700AF0D7F80123AD
:10E6F0002822842104F53D700AF0D0F80323192262
:10E70000852104F543700AF0C9F801981749A368F8
:10E71000C4F830030098164AC4F838030298086019
:10E72000132B0399C4F824A3C4F82893C4F82C83AA
:10E73000C4F83473C4F83C6311600BDD13262B68F6
:10E7400028465B6C00219847A3680136B34205F167
:10E750001805F4DC23440022204683F8402305B04A
:10E76000BDE8F08F14740400AC720400543C002027
:10E77000503C002082688118002A91F8403343F011
:10E78000010381F8403345DD2DE9F0470646DFF807
:10E79000888000F10C0400F23F35002715E0D3F823
:10E7A000003703F44033B3F5003F05D199F800304A
:10E7B00043F0080389F80030A5F23E35B268AB1B80
:10E7C0009A4204F118044D4622DD94F814A06F70AB
:10E7D00023682046DB69984705F101090AF01F020A
:10E7E0000028E9D1BAF1200F34BF4FF0A0434346CF
:10E7F00003EB8203D3F8002702F44032B2F5403F26
:10E80000CDD199F8003043F0040389F80030D3E704
:10E81000BDE8F087704700BF00030050F8B583687B
:10E820001F4A034493F8401321F0010183F8401379
:10E83000D2F80473D2F80433C2F808338368002B8B
:10E8400029DD064600F10C0400250FE011F0080355
:10E8500020464FF0020104BF204619460AF064FA30
:10E86000B3680135AB4204F1180414DD2368204677
:10E87000DB69984773190028F2D193F840134B07CE
:10E88000E4D5204603210AF04FFAB3680135AB42C4
:10E8900004F11804EADC024BC3F80473F8BD00BFAE
:10E8A000006000402DE9F04F324CD4F804B3D4F8A6
:10E8B0000453C4F808538468002C83B045DD99469E
:10E8C00000928846064604464FF0000A06E0B36808
:10E8D0000AF1010A534504F1180436DDE36894F89F
:10E8E0002070DB6904F10C05284698470028EED11A
:10E8F000E36828461B6A98470028E8D0638A13F427
:10E9000000712BD0B8F1000FE1D0009A6AB31F2F2D
:10E9100007F01F07184A07F5E07198BF4FF0A042B3
:10E92000019252F8211011F4403FD0D113F4807FAE
:10E9300028460CBF032102210AF0F6F90123019AAF
:10E9400003FA07F7C2F82075C1E70A4B0022C3F8A3
:10E950007C21C3F804B303B0BDE8F08FB9F1000F18
:10E96000B5D028460AF0E0F9B1E7284600990AF048
:10E97000DBF9ACE7006000400003005038B5044606
:10E98000062919D8DFE801F02E38485858041A0033
:10E99000002A55D0816800290EDD0023458A15F430
:10E9A000007F03F1010300F1180003D01168013169
:10E9B0001160A1689942F1DC002038BD816800290E
:10E9C000FADD02460020538A13F4007F23F400731B
:10E9D0001CBF5382A1680130814202F11802F2DCAF
:10E9E0000020EAE7FFF7C6FE012220461146002379
:10E9F000FFF758FF002038BD8368034493F8403385
:10EA0000DA0701D4FFF7B6FE01232046194600229B
:10EA1000FFF748FF002038BD8368034493F8403374
:10EA2000DB0701D4FFF7A6FE012320461A4619464C
:10EA3000FFF738FF002038BDFFF7F0FE002038BD9B
:10EA40006FF47A7038BD00BF10B5044603EB430085
:10EA50002160C4E902230121800002F091F9002322
:10EA600060602382204610BD704700BF054B1B68C5
:10EA7000834203D01A681846D36A184710B532206B
:10EA8000F7F782FB003A0020054B1B68834203D056
:10EA90001A681846136B184710B53220F7F774FB45
:10EAA000003A002010B5034B0360044602F0D6FC88
:10EAB000204610BDD072040010B5054B036004461B
:10EAC00002F0CCFC204616F023FB204610BD00BF10
:10EAD000D07204002DE9F041404C236813F001038B
:10EAE00082B007464FD03E4C2368DB073DD53D4DF5
:10EAF0002B7823B13C4C206802B0BDE8F0813B4E3E
:10EB0000072002F04BFA304609F012FE022130468F
:10EB100009F0DCFCF38823F4807332213846F3805B
:10EB200005F0A6F9002836D1442016F0F8FA05229F
:10EB300006462F492C4C02F08FFA2E4B33604C20A6
:10EB4000266016F0ECFA06222949804600F094F877
:10EB5000294BC3F800804046216802F08DFD2068F3
:10EB600001232B7002B0BDE8F08103231922852117
:10EB70001E4809F093FE0123204A21491B482360C7
:10EB800016F0C8FAB3E701221146194807F042FB14
:10EB900001232360A7E7502016F0C1FA3223052293
:10EBA000CDE900323946124B0F4C3246804605F013
:10EBB00045F95420C4F8008016F0B1FA4FF0060C65
:10EBC0003C23CDE9003C3246094B3946804605F0EE
:10EBD0002DFA094BC3F80080BDE700BFF8390020CB
:10EBE000FC39002079430020003A00200C3A002034
:10EBF000043A0020D0720400243A00204020002073
:10EC000069EA020010B5044616F082FA204610BDEB
:10EC1000054B1B68834203D01A681846D36918470E
:10EC200010B53320F7F7B0FA243A0020054B1B68E3
:10EC3000834203D01A681846936A184710B53320E8
:10EC4000F7F7A2FA243A002010B5034B03600446FC
:10EC500002F0FCFD204610BD1073040010B5054BFA
:10EC60000360044602F0F2FD204616F051FA2046F9
:10EC700010BD00BF1073040010B5044602F048FC3C
:10EC8000014B2360204610BD1073040008B5FFF748
:10EC900021FF014B186808BD243A002082B070B5EE
:10ECA0000C4684B005464968206802AC03C4039949
:10ECB00008AC481084E80C00CB0745BF2A58029BDB
:10ECC000029CD4580AAB2E1893E803008DE8030089
:10ECD00008AB0CCB3046A04704B0BDE8704002B092
:10ECE000704700BFF0B44B68456804680F688668D9
:10ECF000EB1A06EE903AE71BF8EEE66A07EE907A1A
:10ED00008B68F8EEE77A66EEA66AF31AE7EEA76A72
:10ED1000012A07EE903AF8EEE77AE7EEA76A35DDCA
:10ED200002EB420201EB8207B0EE666A0C3FD1E9CA
:10ED30000303EB1A07EE903A201AF8EEE77A07EE93
:10ED4000100A4A69B8EEC77A67EEA77AB21AE7EEF8
:10ED5000077A0C3107EE102AB8EEC77AE7EE077A89
:10ED6000F4EE667AF1EE10FAF4EE467A48BFF0EE71
:10ED7000676AF1EE10FAC8BFB0EE676A8F42D6D16B
:10ED800076EE667AF0BC17EE900A7047B0EE666ACF
:10ED900076EE667AF0BC17EE900A70472DE9F047E0
:10EDA0002DED088B84B004AC04E90E00159A039E87
:10EDB00000234FF480619A428146DDE90187C0E972
:10EDC000003383608361C0E90311416140F3D08067
:10EDD000149DDFED778A02EB420205EB820A2C4696
:10EDE000D4E90013FB1A07EE903AA8EB0101F8EE04
:10EDF000E77A07EE101AA268B8EEC77A67EEA77A2C
:10EE0000B21AE7EE077A0C3407EE102AB8EEC77A8A
:10EE1000E7EE077AF5EE407AF1EE10FAB1EEE78A06
:10EE200000F1B180FDEEC87AF8EEE77AF4EE687A88
:10EE3000F1EE10FAC8BFF0EE678AA245D0D1DFED3F
:10EE40005C9AB7EE00BAB0EE69AAF0EE69AAB0EE2D
:10EE5000699AD5E90012B81A07EE900AA8EB0100EA
:10EE600006EE900AF8EEE77AAB6867EEA77AF8EE5E
:10EE7000E66AF01A07EE100AE6EEA67AB8EEC77A4E
:10EE8000E7EE077AF5EE407AF1EE10FAB1EEE78A96
:10EE90007ED4A1EB0801D21B9B1B0C3507EE101A88
:10EEA000B8EEC76A07EE102AC8EE887AF8EEC76A8D
:10EEB00007EE103AB8EEC77AC6EE085A86EE886AB0
:10EEC000C7EE086A77EECB7AF0EEE55AF4EE497AAF
:10EED000F1EE10FAB0EEC66AB0EEE67AC8BFB0EE58
:10EEE000679AAC42E5EEA7AAA6EE27AAE7EE279A14
:10EEF000AFD16AEE0A7ABDEEE87AEAEEAA7A17EEA8
:10EF0000103AE9EEA97AF5EE407AF1EE10FAB1EE98
:10EF1000E78A45D44846C9E90087C9F80860C9F8B6
:10EF20001830CAEE886A8AEE087A89EE886AF7EEA7
:10EF3000007AF0EE675AE9EE265AF0EE656AF0EED6
:10EF4000675AE9EE075AE9EE067AB0EE657AFEEE08
:10EF5000CB6ABEEECB7AFEEECB7AC9ED036A89EDC1
:10EF6000047AC9ED057A04B0BDEC088BBDE8F087E2
:10EF7000DFED0F9AB0EE69AAF0EE69AAB0EE699AD9
:10EF8000B0EE698AC6E717EE900A13F02FFA49E748
:10EF900017EE900A13F02AFAD5E90012AB6878E769
:10EFA00017EE900A8DED007A13F020FA009BB1E77E
:10EFB000000000002DE9F04F8BB0131E8346019135
:10EFC00000937ADD03EB430000230A4601EB800047
:10EFD0001C461946D2E9007695680C3282423C44C0
:10EFE00031442B44F6D1009A94FBF2F0059091FB4A
:10EFF000F2F193FBF2F3059ACBF80830CBE900214C
:10F000005846DDE90021FFF76DFE0023CDE903330B
:10F0100005EE900A02930DF11C086FF0C7096FF01E
:10F02000C70A6FF0C7079BE8070088E80700DDE91B
:10F030000745099E4C443E445544DDE900214046C5
:10F04000CDE907450996FFF74DFE07EE900AF4EE6D
:10F05000E57AF1EE10FA07F1C80704D5CDE90356B9
:10F0600005EE900A0294B7F5C87FDCD10AF1C80A10
:10F07000BAF5C87FD5D109F1C809B9F5C87FCED195
:10F08000059B029A93420AD0039A029BCBF8042074
:10F09000049ACBF80030CBF808200593BDE7DBF8E5
:10F0A0000430039A9342EFD1DBF80830049A93427C
:10F0B000EAD158460BB0BDE8F08F002319460593FE
:10F0C00099E700BFF0B587B003AC05460E4617467A
:10F0D0002046FFF76FFFCDE90067284694E80E0051
:10F0E000FFF75CFE284607B0F0BD00BF82B02DE9F7
:10F0F000F04FEDB076A98346642081E80C0001F062
:10F100004DFF0522114610A807F034FABD4911A899
:10F1100007F038FA21AB6CA900229A60C3E90022FB
:10F120000C338B42F9D1DBF808008DF864200368BA
:10F13000B54E9B6ACDE91322CDE91522CDE9172200
:10F1400098470B90DBF808000368FF215B6A98473B
:10F15000DBF808003C3004F041F843F68C42002311
:10F16000079204939A460693CDF814B09B46079BEA
:10F1700043F68C4293420DF1640900F0AE80A34A3D
:10F180009342C0F2AA80079BA3F1640214B2002B41
:10F1900000F0DA80049B0F2B00F0D680079BCDE9AE
:10F1A000074306999A4B059D2831A3FB0132C820DD
:10F1B000920900FB1212D3B26868069302F0ECF8D1
:10F1C0000446686802F0F0F814F52A7FC0F2A180C6
:10F1D00014F1C80FC0F2B080B4F52A7F00F30D819E
:10F1E000C82C40F31F81032310F52A7F09931F4683
:10F1F00080F2968000230A93984610A807F026F91B
:10F20000814D13AC05E04C4505F102050ED014F814
:10F2100001BFBBF1010FF6D16A782978FF2310A84E
:10F2200007F01EF94C4505F10205F0D1069BDDE91A
:10F23000091210A807F014F9089B002B02DB049BAD
:10F240000F2B08D9059B98680023009310301A46AD
:10F2500010A907F0FDF900231C460DF1300B04E066
:10F260000134192C2BD016F814309F42F8D106EB3C
:10F2700044035B784345F3D10AEB4A0321A901EB30
:10F28000830513AB5846195D01294FF00002E7D002
:10F29000059B196802F0F2F99BE8070013AB85E8BB
:10F2A0000700049D4FF001021A55013501340AF19F
:10F2B000010AEBB2192C5FFA8AFA0493D3D16420C5
:10F2C00001F06CFEBAF1180F47D8079B9DF84CB0BF
:10F2D00043F68C4293427FF452AF059CA068F9F745
:10F2E000A5F9A0684B4900F13C041AA807F02AFCD4
:10F2F00078221AA9204604F053F81AA807F0EEFB6A
:10F3000043F68C4343F62842CDE9072300230493B8
:10F3100047E7002309931F4610F52A7FFFF66AAFDF
:10F3200010F1C80F0CDBB0F52A7F62DCC82875DD50
:10F3300003230A93984660E7012309931F46EBE7EE
:10F3400001230A93984658E7059B9868079B089302
:10F350003C3003F043FF079423E7524621A91AA843
:10F36000DDF814B0FFF7AEFE1DAB0FCBDBF80040AD
:10F370008DE80F001AAB20460ECB02F063F9DBF8E4
:10F380000C0020B11AAA1C23234904F0C7FADBF8A9
:10F390000800F9F74BF9DBF8083011A912A803F1BE
:10F3A0003C0407F023F8002340F2DC52CDE90032A0
:10F3B00012A91A46204603F061FF12A807F008F8C8
:10F3C0004FF47A7001F0EAFDDBF80800F9F72EF946
:10F3D000DBF808000B9903685B6A984711A806F0F0
:10F3E000F7FF10A806F0F4FF6DB0BDE8F04F02B0D3
:10F3F000704704230A939846FFE6042309931F46A7
:10F400008AE700BF40730400AC730400D18AFFFF99
:10F410001F85EB5188730400A073040002230A9334
:10F420009846EAE6022309931F4675E72DE9F04F57
:10F4300083B0DDE90C9ABDF83880002B3BD0B9F1E0
:10F44000000F35D00F2902D1B8F1C00F33D10746D4
:10F4500028201D460E46934615F061FE04461030E6
:10F4600006F07CFF18202680A4F802B015F057FEA5
:10F47000CDE9009A06466B46024603CB46F80C5B84
:10F4800000233D68D36048F002087360E360506079
:10F4900091600E495161C4E90833A4F80480A26068
:10F4A0006B6838462146984740B903B0BDE8F08FF5
:10F4B0001AF0010FC6D16FF47A70F6E7204601F01A
:10F4C000A3FC204615F024FE0148EEE79DEC020067
:10F4D00016FCFFFFF0B58DB004461298C4E9001287
:10F4E000C4E902301C4904F0DFF9E8B106460746DA
:10F4F00056F8100FD4F800E07168B268F3680DF1A7
:10F50000140C65460FC530697169B26907C50CAB4B
:10F5100013E90F008DE80F0070469CE80E0002F022
:10F5200091F8384615F0F4FD0C4B1B6883B10C4A7A
:10F5300005920022069205AA92E80300C0228DE8F7
:10F54000030002921846032223460621FFF76EFFAE
:10F5500020460DB0F0BD00BFA0730400643B002046
:10F56000EDF00200C38843F48043C380704700BFBE
:10F5700082B0C0F30761C0F30742C0F307238DF8E0
:10F5800007008DF804108DF805208DF806300198DD
:10F5900002B0704782B0C0F307238DF807008DF8E2
:10F5A0000630BDF8060002B0704700BF29DF704783
:10F5B00028DF7047022802D1014B01221A707047E0
:10F5C0007A430020704700BF70B50C46F6F7C0FDC7
:10F5D00098B1164D00232B704FF0805602E00A20A0
:10F5E00003F0FCFB3069B4FBF0F0FFF7E1FF00280B
:10F5F000F5D12B78002BFCD070BD0D4A0223C2F848
:10F600000435D2F80034002BFBD00949C2F8084574
:10F61000D1F80034002BFBD00023054AC1F8043593
:10F62000D2F80034002BFBD070BD00BF7A4300201D
:10F6300000E00140F8B50D4614461E46F6F788FD79
:10F6400088B11A4F00233B7002E00A2003F0C6FB8A
:10F65000324621462846FFF7A9FF0028F5D13B781E
:10F66000002BFCD0F8BD124A0123C2F80435D2F8B1
:10F670000034002BFBD0002E0EDD211F0C4A01EBC5
:10F680008606281F51F8043F40F8043FD2F80034A2
:10F69000002BFBD0B142F5D1054A0023C2F8043556
:10F6A000D2F80034002BFBD0F8BD00BF7A43002015
:10F6B00000E00140F0B50B4687B09A6849680446FF
:10F6C0001868DB6802AD0FC59DF80860032E3CD8B2
:10F6D0004FF08053BDF80A201D699DF80930039F43
:10F6E000022B05FB02F51FD006AB13E903006A46A7
:10F6F00082E80300731EDBB203EB830C4FEA8C0C31
:10F7000003CA0CF1100E03EB830304EB830304EB39
:10F710000E0C2F4444F80E00CCF8041000201E718B
:10F720009D60DF6007B0F0BD0498002102E0013168
:10F73000642902D0435C002BF9D100220BF0CEFAF1
:10F740000023CDE900036A46D4E76FF47A70E9E755
:10F750002DE9F04F604A614C614B4FF080512244DB
:10F760000C69D21A85B0B2FBF4F304FB13230192A7
:10F77000002B00F0AD800C691444E41A40F6F873D5
:10F780004FF080511A680F6901320ABF4FF0102301
:10F790001E685E694FF080531B69A6EB8306A64284
:10F7A0007DD98046DFF848A1DFF848B108E054F879
:10F7B000103C5B4576D027F003031C44A6426ED96B
:10F7C000CDF80CA0039B2268DB439A42EFD163681B
:10F7D000444A9342EBD1A368434A9342E7D102F1F2
:10F7E0004E42E368A2F5A512A2F64F229342DED163
:10F7F00098F80020032A1CD002EB8201531C08EB6E
:10F800008101DBB200264FF4E035032B8E60CD6022
:10F8100088F800300E715DD003EB830108EB8101A5
:10F8200002328D60D2B20120019DCD6088F80020A7
:10F83000087140F6F8714FF0805308681F691D6920
:10F8400001300ABF4FF01023086858694FF0805309
:10F85000032A1E6911D002EB820108EB8101A0EBA3
:10F860008600019BB3FBF5F3013205FB037302260F
:10F870008B60C86088F800200E712246234652F83B
:10F88000101F5268C8F82820C8F8241053F8182F01
:10F890005B68C8F83C30C8F83820C8F8304005B07C
:10F8A000BDE8F08F54F8043C104A934283D114F819
:10F8B000083C002B3FF47FAFA4F12005A5EB031912
:10F8C00029464046103DFFF7F5FE4D45F8D172E759
:10F8D000019C53E71A46ACE7B8230020B88B04001C
:10F8E00040200020C615A841C49866C99DD7B1C163
:10F8F0008F71C46DFE307F590346002210B503F8A6
:10F90000102B044600F14C0103F80C2C1A605A60CD
:10F9100043E9022214338B42F6D12046FFF718FF49
:10F92000204610BD10B5044B036000230446C3807D
:10F9300000F008FC204610BD1474040010B5064BFE
:10F94000036000230446C38000F0FCFB204615F052
:10F95000DFFB204610BD00BF14740400F0B51B4F40
:10F9600085B0054600F118062C6974B1E278012AC9
:10F970000DD0022A05F1200021D100F0FFF92B69FA
:10F98000A3420AD01C46002CF0D105B0F0BD304691
:10F9900000F0CAF92B69A342F4D10222C7F88020F3
:10F9A000BFF34F8FBFF36F8F2969EB7A496A2961E3
:10F9B000013BEB7220463A6015F0AAFBD4E7012325
:10F9C0000A21684606F0AAFCD9E700BF00E100E082
:10F9D00070B5114B03600025044645600E4600F0EB
:10F9E00041FB20460D4B40F8183B214600F098F9AA
:10F9F000214604F1200000F0BDF9094BA572072152
:10FA00000622E57221726272A680E580C4E9035580
:10FA100065611C60204670BD14740400F07304001E
:10FA2000283A002038B543694BB3C27A032A23D859
:10FA3000C288D2074CBFC268124A9A6204462C2080
:10FA400015F06DFB2C220021054615F0C3FB636900
:10FA500000225A6222690AB90BE01A46536A002B47
:10FA6000FBD163695362E37A65610133E37200207D
:10FA700038BD63692361F6E76FF47B7038BD6FF4BE
:10FA80007A7038BD16FCFFFF38B5194BD3F800214A
:10FA900022B100210122C3F800119A60144BD3F85F
:10FAA0000C217AB1134C0021C3F80C112068D3F853
:10FAB0000054C288012D02F0010204D09AB90C4B07
:10FAC00001229A6038BDD3F848350AB15B42C36061
:10FAD000FFF7A8FF2268064B5269C3F80425044BC0
:10FAE00001229A60EEE7024BC16001229A60E9E7C9
:10FAF00000100040283A0020F8B5C388DB0701D584
:10FB00000020F8BD0446F6F723FB00286DD1656997
:10FB1000002D61D04FF0804300220121C3F8002165
:10FB20001A461960D2F80031002BFBD0637A304AB4
:10FB3000304DD35CC5F80C35227AC5F808252E4B1C
:10FB40000022C5F81025C5F81C35A67AF6F700FB8B
:10FB500000283DD0274BDFF8B0C0284F284D0020AB
:10FB600001210826C3F82C050222C3F83015C3F87A
:10FB70001465C3F818C54FF6FF7CC3F83425C3F8E5
:10FB80003CC5C3F838751827C3F854756769C3F8BE
:10FB90000475C3F80463C5F880212A60D3F80022F5
:10FBA00042F01002C3F80022C3F800011A4659605F
:10FBB000D2F80031002BFBD0E38843F4804343F0BC
:10FBC000010300200121C2F80C019160E380F8BD1F
:10FBD000A672C5F82465BDE72C2015F0A0FA2946C9
:10FBE0002C2215F0F7FA606194E70648F8BD00BFD3
:10FBF000E073040000100040746962752110010078
:10FC000000E100E016FCFFFF2000040210B50446EE
:10FC1000F6F79EFAF8B9E38813F0010301D118460C
:10FC200010BD0E4B0222C3F88020BFF34F8FBFF3ED
:10FC30006F8F0B4B0121C3F810011A461961D2F8DE
:10FC40001031002BFBD0E38823F4804323F0010321
:10FC5000E380002010BD034810BD00BF00E100E0BC
:10FC60000010004016FCFFFF70B505460C46F6F785
:10FC70006FFA002836D1EB8844B113F001041FD18C
:10FC8000194A1068C0F3400070B970BD13F0040148
:10FC900020D113F00200F8D0134A23F0020302240B
:10FCA000EB801460084670BD43F002030221EB8034
:10FCB000C2F88010BFF34F8FBFF36F8F204670BD27
:10FCC00006462846FFF7A2FFEB8843F004033046C0
:10FCD000EB8070BD23F00403EB802846FFF70CFF98
:10FCE000204670BD014870BD00E100E016FCFFFF3A
:10FCF0000346006988B1094930B40224C1F8804044
:10FD0000BFF34F8FBFF36F8F1D69DA7A6D6A1D6184
:10FD1000013ADA720C6030BC7047704700E100E0D5
:10FD20000022C0E90012704710B5044684B0006894
:10FD3000FFF7DEFF002343626268B2B1516A09B97E
:10FD400015E011464A6A0133002AFAD1032B08DC78
:10FD5000486201231A460921684606F0DFFA04B01A
:10FD600010BD15F0D5F904B010BD6060F1E7114683
:10FD7000EEE700BF002241600270704738B50446CC
:10FD80004068FFF7B5FF012305462370043006F0F5
:10FD9000EFFA002328462370BDE8384015F0B8B9C3
:10FDA00010B50446006806F0C7FF204610BD00BF2E
:10FDB000F8B522EAE275044605F10C001F460E462E
:10FDC00000F098FF206006F0DFFF23681D722268B4
:10FDD00057603EB120682A4631460930BDE8F840F8
:10FDE00015F0D4B9F8BD00BF10B5074C002320466C
:10FDF00019460122FFF7DCFF2046044A0449BDE80A
:10FE0000104015F087B900BF2C3A00204020002098
:10FE1000A1FD020010B50023044607F091FE024B3D
:10FE20002360204610BD00BFD05B040088B110B530
:10FE3000044615F00BFA01382044844207D2237897
:10FE4000027804F8012B00F801398442F7D300202E
:10FE500010BD6FF47A707047F8B549B380EAE0746A
:10FE6000C4EBE0744F1E0025DFF84CC000E01D46D7
:10FE70008CFB0423E217C2EBA30202EB8203C4EB68
:10FE800043033033564207F8013F14466B1C002EE3
:10FE9000EDD1002801EB030203DA2D220235CA540A
:10FEA0004A19002308461370FFF7C0FF3046F8BD1B
:10FEB0006FF47A76FAE700BF67666666014B1860F2
:10FEC00000207047303A0020002821DD30B4124D68
:10FED000124B2A68002A00F1FF3408BF1A46214657
:10FEE0000020930983EAD273534083EA121383EA12
:10FEF00092035208534042EAC37202F001034908D8
:10FF000043EA4000EDD1A042E9D82A6030BC7047F6
:10FF10006FF47A70704700BF303A0020A10D0C00DA
:10FF20000A4B036010B40A4C0023C380224602E04F
:10FF300001333C2B06D052F8041B8842F8D1002232
:10FF400044F823205DF8044B704700BF147404008C
:10FF5000343A00200048704716FCFFFF10B50446F5
:10FF60000A4B0B4823600023E380024602E0013382
:10FF70003C2B06D052F8041B8C42F8D1002240F8EA
:10FF80002320204615F0C4F8204610BD1474040048
:10FF9000343A0020013908B503290AD8DFE801F016
:10FFA0000B0B02020368084ADB68934201D0002170
:10FFB0009847002008BD0368034ADB689342F8D0E5
:10FFC00001219847F5E700BF3D64020070B584B099
:10FFD00004AC04E90F00BDF80230012B18D0022B4D
:10FFE00014D1154C154E04F1F00501E0AC420DD0D2
:10FFF00054F8040F0028F9D0C3885B04F6D50368D1
:020000040003F7
:100000009B68B342F2D09847AC42F1D104B070BDC6
:10001000094C0B4E04F1F00501E0A542F6D054F86E
:10002000040F0028F9D0C3889A04F6D503685B68EA
:10003000B342F2D09847F0E7303A0020D95A020094
:100040003964020010B5064C20884FF6E8539842F8
:1000500003D91520F1F7A8FA2088431C238010BD8E
:100060006A2300202DE9F041314C82B02246002362
:1000700002E001333C2B05D052F8041B0029F8D1D3
:1000800044F823002B4C237813F001030BD12A4DA5
:100090002A6842B10093102201234FF47A600021B4
:1000A00002F0E0FD10B102B0BDE8F0812820D5F8E3
:1000B0000080224E15F033F8C02300930122204B1C
:1000C0001021074600F06CFED8F800305B68B342A0
:1000D00022D1384600F098FE384615F019F828204D
:1000E0002F6815F01CF8C02300930222144B0F2137
:1000F000054600F055FE3B685B68B34212D12846C6
:1001000000F082FE284615F003F8237843F001033F
:10011000237002B0BDE8F081404639469847002878
:10012000DDD0D6E73846294698470028EDD0E6E7E7
:10013000343A00207B430020643B002055FF02003E
:10014000CDFF020010B4084C0023224602E0013328
:100150003C2B06D052F8041B8142F8D1002244F80F
:1001600023205DF8044B7047343A0020062816D847
:10017000F8B50123834013F0580F0E4605460FD003
:10018000104CA4F1F00754F8043D324629461846B5
:1001900013B11B681B699847BC42F4D1F8BD704786
:1001A00013F0270FFAD0084C04F1F00754F8043F7D
:1001B00032462946184613B11B681B699847A74267
:1001C000F4D1F8BD243B0020303A0020084600F06E
:1001D00067BB00BF0048704716FCFFFF10B5044620
:1001E00009F01CFFE3696BB1A2699A61A3690BB1C5
:1001F000E269DA610023C4E906336361BDE81040B7
:1002000009F0FEBED4E905321A60EFE738B50D46B5
:10021000044609F003FF2A6865610AB90AE01A4634
:100220009369002BFBD19461C4E90632BDE83840E4
:1002300009F0E6BEC4E906222C60BDE8384009F0AA
:10024000DFBE00BF2DE9F04184B004AC04E90F002B
:10025000114B1C68DDE902014FF47A72002314F09F
:1002600067FDB4B1DFF8348006460F46E268A56941
:1002700000239F4208BF964208D3636920460BB112
:10028000FFF7ACFF20464146FFF7C0FF2C46002D8C
:10029000ECD104B0BDE8F0812C3B0020343B0020C1
:1002A0002DE9F04FDFF8E08093B0D8F8005004ACAF
:1002B00084E80F00002D32D02F4BBDF810401A6893
:1002C000BDF81260AAB12D4F4FF0000A40F2FE3582
:1002D00040F2FF39D368D2F818B0190CAC429BB287
:1002E00088B21FD0002B33D09C4231D05A46002A0E
:1002F000F0D1A4F2FE33012B11D9D8F80050204BD5
:1003000010273246214608A8009700F049FD2B68C7
:100310001C4A9B6893422AD108A800F075FD13B0CF
:10032000BDE8F08F4B45DDD109B1B042DED1BAF165
:10033000000FDBD1536923B110460392FFF74EFF44
:10034000039A10463946FFF761FF4FF0010ACDE7E7
:1003500009B1B042CAD1536923B110460392FFF7E5
:100360003DFF039A10463946FFF750FFBEE7284687
:1003700008A99847D0E700BF443B0020343B002049
:10038000A1020300D5010300283B0020014B18689F
:10039000704700BF383B002038B509F03FFE164BD0
:1003A0001C68D4B1636913B12046FFF717FF09F049
:1003B00027FE002323616362256809F075FE01466C
:1003C000284609F07DFE09F029FE0C4B1A682262CE
:1003D0001C6009F015FE204638BD282014F09FFE51
:1003E00028220021044614F0F5FE09F061FE0023E6
:1003F000C4E90003A360DAE73C3B0020383B00205F
:1004000038B50A4B1C682369DB0707D5084D2868F7
:1004100030B1636A4362002363620446204638BDFC
:10042000FFF7BAFF28600028F8D0F2E7243B00204D
:10043000303B00202DE9F041464D2A7812F00104AE
:1004400082B002D002B0BDE8F081434E434F30602D
:10045000FFF7A2FF424B43491860FFF7D7FEFFF7B3
:100460009BFF3860D0F8008009F01EFE011F404657
:1004700009F024FE3B683C49186809F01DFE376806
:10048000002F4ED0282014F04AFEC02322460093AD
:1004900040F2FF31354B364C804600F081FC3B6822
:1004A0005B68A34244D1404600F0AEFC404614F0E5
:1004B0002FFE2820D6F8008014F031FEC0230093D0
:1004C00000222A4B40F2FE31074600F069FCD8F8C2
:1004D00000305B68A34237D1384600F095FC3846BF
:1004E00014F016FE00230F22002100934FF47A60CF
:1004F000012302F0B7FB2820376814F010FEC02358
:10050000009301221B4B0F21064600F049FC3B687B
:100510005B68A34212D1304600F076FC304614F0FE
:10052000F7FD2B7843F001032B7002B0BDE8F0819A
:100530003846414698470028BBD0B4E73846314694
:1005400098470028EDD0E6E740463946984700280E
:10055000C8D0C1E77C430020283B0020403B00205E
:10056000243B0020343B0020DD0A0300A1020300ED
:1005700055FF020045020300024B187800F001000D
:10058000704700BF7C430020F0B51F4F3B6883B02D
:10059000002B37D01D4B1B78DB0733D50E460446A6
:1005A000FFF72EFF436944EA06420546C2600BB1DD
:1005B000FFF714FE28461649FFF728FEA4F2FE3383
:1005C000012B16D928203F6814F0A9FDC02332461C
:1005D000009321460F4B054600F0E2FB3B680E4AB4
:1005E0005B68934208D1284600F00EFC284614F0C0
:1005F0008FFD002003B0F0BD3846294698470028FB
:10060000F7D0F0E70548F5E7283B00207C430020C1
:10061000443B0020A102030055FF020016FCFFFF2F
:100620002DE9F04128B321B30546984617460E46FA
:10063000FFF7B2FE0446E0B132463B462946006869
:1006400009F048FD256809F02FFD011F284609F033
:1006500035FD0A4B0A492068B8F1000F18BF19464A
:1006600009F02AFD20460749FFF7D0FD2046BDE8E6
:10067000F08100242046BDE8F08100BFB50A0300E8
:10068000E1090300343B0020074B1B7813F0010302
:1006900008D010B4144601230A4621465DF8044BE5
:1006A000FFF7BEBF184670477C430020024B186816
:1006B000B0FA80F040097047343B002030B50F4D50
:1006C0002B789A0785B004D50D4B1B6873B105B024
:1006D00030BD43F00204022201230F2168462C7032
:1006E00005F01CFE064B1B68002BF0D12B7823F085
:1006F00002032B70F5F790FE05B030BD7C4300205F
:10070000343B00202DE9F0415A4D2C682369D9076C
:1007100037D4594E594F3268396812B36069B042C4
:1007200000F089802A6091421CD0944252D08C42C1
:1007300052D0534B62699A424ED0206809F0C2FCF5
:10074000064609F0C1FCD4E90131361ACB1A9E42A3
:100750002F6860D82068BB683A68BDE8F04109F0AE
:10076000E9BD29601B0745D52C60FFF7A7FF33685B
:10077000002BFAD09C422B602CD039688B42D6D10A
:100780003BE0404E2068326843F002032361136966
:10079000146843F00403136109F09AFC01462046F3
:1007A00009F08EFC3768386809F08CFC044609F0C3
:1007B0008BFCD7E90123241A9B1A9C4241D8336849
:1007C0009968186809F0F7FD2B681A6900219207EB
:1007D00031600AD4BDE8F0812A680021936812686C
:1007E0000846BDE8F04109F0A5BD1868BDE8F04134
:1007F00009F01BBE2B689C42ECD01E6809F054FC2B
:10080000011F304609F05AFC3B681F49186809F07F
:1008100053FC39688BE72C6009F056FC6068203681
:1008200026F01F0618BB304600F064FA3118C4E900
:1008300001012F608EE7A069002818BF02462A60D8
:1008400071E7D5F800802F6009F03EFC786820340D
:1008500024F01F0440B9204600F04CFA0444C7E9D4
:100860000104C5F80080AAE700F06AFAF3E700F097
:1008700067FAD8E7243B0020343B0020403B0020AF
:100880003C3B0020303B0020DD0A0300034B1B787B
:10089000DB0701D5FFF736BF704700BF7C43002060
:1008A00070B5104D2A78D20714D50446FFF7A8FD7D
:1008B000064602F0B7F973692044F06013B1304680
:1008C000FFF78CFC30460849FFF7A0FC2B78DB07CC
:1008D00004D470BDBDE8704000F060BBBDE870405E
:1008E000FFF710BF7C4300202C3B002000B583B0F5
:1008F000FFF74AFE18B9074B1B78DB0702D403B099
:100900005DF804FB0190FFF7FDFE019803B05DF870
:1009100004FB00BF7C43002038B5284D286843699C
:1009200013B1FFF75BFC2868254C2146FFF76EFCEE
:1009300024684CB1A369002223B11C460132A3698B
:10094000002BFAD1032A22DC2B6800221A611C68D2
:1009500009F0AAFB0146204609F0B2FB09F05EFB54
:10096000184B29681A688A4225D04AB1136A9942FD
:100970001DD02BB11A6A91421AD01346002BF9D11F
:1009800009F03EFB104B1B78DB070CD438BDE26945
:100990002068936100F0D4F9606800F0D1F9204636
:1009A00000F0CEF9D0E7BDE83840FFF7ABBE134604
:1009B0000A6A1A62E4E7126A1A60E1E7243B00203F
:1009C0003C3B0020383B00207C430020034B1B783D
:1009D000DB0701D5FFF7A0BF704700BF7C430020B5
:1009E00010B50C468047A047044B1B78DB0700D4AA
:1009F00010BDBDE81040FFF78FBF00BF7C43002053
:100A0000034B1B78DB0700D47047FFF785BF00BF9F
:100A10007C430020002842D02DE9F041DFF890808F
:100A200098F80030DC0782B032D51E4F3B680A468A
:100A300019694907054601D15C6A44B1284601237A
:100A40001949FFF7EDFD002002B0BDE8F0811868FC
:100A5000019209F0D2FC3968019A0B6913F0020681
:100A600018D143F0010310460B61A8473B68186991
:100A70005E6220F0010210F004001A61E4D098F8E0
:100A8000000010F00100DFD0FFF746FF3046DBE743
:100A90000648D9E723F003030B612046D4E76FF43F
:100AA0007A707047243B0020010A030016FCFFFF08
:100AB0007C43002038B50346144610460D4698473F
:100AC0002046A847044B1B78DB0700D438BDBDE89F
:100AD0003840FFF721BF00BF7C43002008B5044C1D
:100AE000FFF7ECFD2378DB07FAD5FFF70BFEF7E7FE
:100AF0007C430020024B1878C0F38000704700BF91
:100B00007C430020054A137818B923F004031370BE
:100B1000704743F004031370704700BF7C4300200C
:100B200010B40024C460C0E9001102725DF8044BE7
:100B3000704700BFF8B5194D2B78DA0700D4F8BD1F
:100B4000044609F06BFA2668013E266009F058FA5F
:100B5000002EF4DAFFF754FC436907460BB1FFF7A8
:100B60003DFB04F10C013846FFF750FB09F056FA43
:100B700023689E4208DD7B6913B13846FFF72EFBE0
:100B800038460749FFF742FB09F03AFA2B78DB07B2
:100B9000D5D5BDE8F840FFF7B5BD00BF7C430020C8
:100BA000343B0020036810B5C4680133036054B1BE
:100BB000636913B12046FFF711FB20460249BDE8E7
:100BC0001040FFF723BB10BD343B0020C36810B5B5
:100BD00004462BB12046FFF7E5FFE368002BF9D16F
:100BE000237A0BB96368236010BD00BF006800283A
:100BF000B4BF404200207047F8B50C4C05460E4685
:100C0000277809F00BFA0A4A731B02EBC7019B080D
:100C100043F0004342F837504E602B602378013395
:100C2000237009F0EDF90020F8BD00BF7E430020DD
:100C3000483B0020064B1B78834207D9054B03EB4A
:100C4000C00253F830305068C01A70470020704717
:100C50007E430020483B0020F8B583074FEA90060A
:100C60003BD188B10D4609F0D9F9D5E90045771C8B
:100C7000A54206D92368002B07DB04EB8304A542B9
:100C8000F8D809F0BDF90020F8BD23F00043990021
:100C900054F82320002A04EB01000DDB0EE022F0C3
:100CA0000042134443F00042226054F8232099008C
:100CB000002A04EB010001DA8542F0D89F4201D9F5
:100CC0000C44D5E702369E4209D3236823F0004343
:100CD000236009F095F9201DF8BD0136C2E704EB49
:100CE0008606B542F1D9DB1B43F0004346F8043CCD
:100CF0002760EEE738B5044640B10C4D2B783BB188
:100D000020460B49FFF7A8FF044658B1204638BDDE
:100D10000849094A086809491370FFF76DFF012364
:100D20002B70EDE71420F0F73FFCEFE77D43002048
:100D3000483B0020182100207E43002000F80120BD
:100D4000A0B10E4B1A6882420DD25B6883420AD969
:100D500050F8043C002B10B5044608DD43F0004376
:100D600044F8043C10BD1E20F0F71EBC70471E2046
:100D7000F0F71AFC54F8043CF0E700BF483B0020B1
:100D800038B501FB00F52846FFF7B4FF044628B14B
:100D900001232A460360002114F01CFA204638BDC6
:100DA0002DE9F04104461030884617461E46BDF82E
:100DB000185005F0D3FA0020E060C4E90800A4F858
:100DC00000806780A660A5802046BDE8F08100BF56
:100DD0002DE9F843BDF82450089E0446103089469A
:100DE00090461F4645F0010505F0B8FA0020C4E919
:100DF0000800A4F80090A580A4F80280C4E9027657
:100E00002046BDE8F88300BF83889B0710B50446E1
:100E100002D5806814F07CF9204610BD82B070B510
:100E200086B00AA981E80C00036A4BB31C696CB157
:100E3000012200E01C4623690132002BFAD1092A65
:100E400005DD06B0BDE8704002B070471C460AAB35
:100E50000FCB02AD85E80F00182014F060F906AB47
:100E6000064613E9030095E80C008DE803003046C0
:100E700005F09AFA266106B0BDE8704002B07047EE
:100E800004460FC902AD85E80F00182014F047F999
:100E900006AB064613E9030095E80C008DE8030055
:100EA000304605F081FA266206B0BDE8704002B017
:100EB000704700BFD0E9002303F10053013B10B499
:100EC00002EBC304A24210D852F8333099420CD836
:100ED000A21A22F007022346A21A03E053F8080DD3
:100EE000814202D893421C46F8D160685DF8044BF9
:100EF000704700BFD0E9002303F10050013802EB36
:100F0000C0039A4252F8300016D8814215D89A1A76
:100F100022F0070210B49A1A03E053F8080D814238
:100F200006D893421C46F8D118685DF8044B704708
:100F300020685DF8044B704770477047D0E9002384
:100F400003F10050013802EBC0039A4252F830001E
:100F50001FD881421DD89A1A22F007029A1A93428A
:100F6000184615D010B453F8084DA14206D8934244
:100F700018460BD053F8084DA142F8D900685DF827
:100F8000044B081AB0FA80F0400970471868F6E779
:100F90001868081AB0FA80F04009704701F01EBFC7
:100FA00001F0ECBEFEF78ABFFEF78EBF38B50446EF
:100FB000074B036000254560FFF754F8E388054AB6
:100FC000258143F480532260E380204638BD00BF72
:100FD000147404003874040010B5044B036000233B
:100FE0000446C380FFF7AEF8204610BD1474040019
:100FF00000897047807A704738B50368817204466B
:10100000DB6A98472368074A9B6A9342054603D1E7
:10101000A07AA072284638BD20469847A07228467C
:1010200038BD00BFF50F030038B5036801810446E1
:10103000DB6A98472368074A1B6A9342054603D137
:1010400020892081284638BD20469847208128469F
:1010500038BD00BFF10F0300F8B504460025154B5D
:10106000036045600E461746FEF7FCFF94F83630E5
:1010700066624FF00112C4E90E22022103F0F90367
:1010800065F3C3030C4E2563142084F84050A1720D
:101090002081E560C4E90455C4E906552562A780AE
:1010A000E580A586A4F8425084F8363026602046B4
:1010B000F8BD00BF1474040060740400C16811F529
:1010C000C87FF0B480F2848090F8363013F00203C9
:1010D00040F08680046914F5C87F66DA90F83620FF
:1010E00012F0040269D1456915F5C87F31DA90F82C
:1010F000362012F0080234D0B2FA82F390F836604B
:1011000090F840205B0963F3C30680F83660032A39
:1011100008D80132D2B2012A80F8402000F08B803A
:10112000042A77D0B0F8423090F8366001339BB291
:1011300016F00107A0F8423062D01D2B17D900230A
:101140006FF3000680F83660A0F8423080F8403037
:101150000DE0B5F5C87F04DD90F8362012F00802E6
:10116000CAD090F84020002BD1D1002ADAD104FB5C
:1011700004F301FB0133334A05FB053393423CD9A9
:1011800011F5487F51DBB1F5487F51DC14F5487FFC
:1011900054DBB4F5487F3BDC15F5487F50DBB5F5F3
:1011A000487FD4BF0020062028E0B4F5C87F9ADD30
:1011B00090F8362012F0040295D1B2FA82F390F83A
:1011C00036205B0963F3820280F8362001238AE728
:1011D000B1F5C87F0FDD90F8363013F002030AD165
:1011E00090F83620B3FA83F35B0963F3410280F889
:1011F000362001236EE700236CE70720F0BC704720
:10120000092BB4D9013A80F84020A0F84270AEE72B
:101210000120F3E790F83630002243F0010380F814
:101220003630A0F842200B20E8E70320F0BC7047DE
:101230000420F0BC7047A0F8422098E70220DDE7C8
:101240000520DBE7FF700200D0E9033230B502FB76
:1012500002F2456903FB032305FB0535B5F5800F55
:1012600085B0044616D9038F002B4DD0B5F5100F6D
:1012700025D8012384F831302046FFF71FFF0B28C3
:1012800014D0A38E834231D00023A08684F830305E
:1012900005B030BD90F83130042B56D90023C0E999
:1012A0000E332046FFF70AFF0B28EAD1608602467C
:1012B00001230D21684605F031F805B030BD638F7C
:1012C000002B39D0B5F1107FD3D9A38F5BB3B5F123
:1012D000806FCED9E38F002BCBD101230A220D21C1
:1012E000684605F01BF80123E387C2E794F8303025
:1012F000628E042B14D80133DBB2904284F8303074
:10130000C6D0052BD2D0C3E701230C220D2168469D
:1013100005F004F80123B5F5100F2387A9D9CEE70E
:101320009042C3D1B4E7012309220D21684604F09D
:10133000F5FF0123A387CAE7012308220D21684690
:1013400004F0ECFF01236387BCE70133DBB291E7D4
:1013500030B5D0E908218BB002AD009200F118033E
:1013600004460CCB284604F0A7FF95E80700E38865
:1013700004F10C0523F0020385E80700E380204612
:10138000FFF762FF0123A1881A4606A804F0C6FFF2
:1013900000200BB030BD00BF10B5036804461B6BC6
:1013A0009847E06810BD00BF10B5036804461B6B8A
:1013B0009847206910BD00BF10B5036804461B6B39
:1013C0009847606910BD00BF036810B504461B6BE9
:1013D0009847E3889B0702D42046EBF721FBA06ADD
:1013E00010BD00BF08B5FFF7EFFFDFED077ADFEDB7
:1013F000076A07EE100A67EE277A87EEA67AFDEEF7
:10140000C77A17EE900A08BD0000B443DB0FC9404D
:10141000036810B504461B6B9847E3889B0702D40A
:101420002046EBF7FDFAE06A10BD00BF08B5FFF7F4
:10143000EFFFDFED077ADFED076A07EE100A67EED0
:10144000277A87EEA67AFDEEC77A17EE900A08BDD6
:101450000000B443DB0FC940408E704710B5044B09
:10146000036000230446C380FEF76CFE204610BDD7
:101470001474040000897047F0B50446416BA26BF8
:10148000E36B2769656900F13406C068D71B5D1BF3
:10149000D4E90723081AA16902FB07F201FB00F156
:1014A000881292128BB0C4E90D0203FB05F39B1264
:1014B000216CE36302AD009396E80C00284604F02B
:1014C000FBFE95E80700012304F1280585E80700E5
:1014D000A1881A4606A804F021FF00200BB0F0BD39
:1014E00038B5036801810446DB6998472368074AD9
:1014F0005B6A9342054603D120892081284638BD86
:10150000204698472081284638BD00BF7514030047
:101510002DE9F041124B03600025044645608846E2
:101520001746104EFEF79EFD4FF4806314204FF4D3
:1015300080512081C4F84080C4E903556561C4E945
:101540000955C4E90B55C4E90D55E5636564A780E9
:101550002660E180C4E9063323622046BDE8F081BD
:1015600014740400A07404002DE9F84303680446D1
:101570009B6A9847A06A13F029F88046E06A89467A
:1015800013F024F80646206B0F4613F01FF842466E
:1015900004460D464B464046494613F081F8324614
:1015A000804689463B463046394613F079F8024674
:1015B0000B464046494612F0BDFE224606460F46FF
:1015C0002B462046294613F06BF802460B46304660
:1015D000394612F0AFFE10F099FC13F011FBBDE894
:1015E000F88300BF30B5C58815F0040585B023D158
:1015F000036804469B6A9847E388E56023F002038A
:101600004FF4806243F00403E380C4E906222262BF
:101610000123C4E9045565620322A188684604F0E9
:101620007DFEE388054813F0020F23F00403E380F6
:1016300018BF002005B030BD0148FBE714FCFFFFD8
:1016400015FCFFFF84B070B404AC84E80E000646BD
:101650000FCC06F10C050FC594E80700F38843F0A2
:10166000020385E80700F38070BC04B0704700BF38
:10167000C08800F0020070474164704770B50B6885
:1016800082B005460C4608469B6A16469847D4E940
:101690000F31019600933434284694E80C0004F08E
:1016A000C1FD284602B070BD10B5036804469B6AB0
:1016B0009847A06A10BD00BF10B5036804469B6A36
:1016C0009847E06A10BD00BF10B5036804469B6AE6
:1016D0009847206B10BD00BF70B52DED068B0446FA
:1016E00084B0406CFFF794FE0646606CFFF76CFE1A
:1016F00021460222054601A8FFF7C0FFDDED027A70
:10170000B8EEE78ADDED037A3046B8EEE79A10F0DE
:1017100083F80AEE100A304610F032F809EE900A0B
:10172000284610F079F808EE900A284610F028F8BC
:1017300068EE287A9DED017A06EE900AB8EEC77A37
:1017400067EE8A7A29EEC88AE7EE267A69EE288A59
:10175000A9EE0A8AE8EEA97A18EE101A17EE900A96
:1017600010F032FC9FED0E7A9FED0E6ADFED0E7ADF
:1017700006EE900A66EE875AC5EE866A77EEE67A3E
:10178000F5EEC07AF1EE10FA48BF77EE877AFDEEFB
:10179000E77A17EE900A04B0BDEC068B70BD00BF6F
:1017A0000000B443DB0FC9400000B44200B585B06F
:1017B0000146012201A8FFF761FFDDED027AF8EE94
:1017C000E77A17EE901ADDED017AF8EEE77A17EE78
:1017D000900A10F0F9FBDFED0D7ADFED0D6A07EEF0
:1017E000100A67EE277A87EEA67AB5EEC07AF1EE98
:1017F00010FA44BFDFED077A37EE277AFDEEC77A9D
:1018000017EE900A05B05DF804FB00BF00003443FA
:10181000DB0F49400000B443C288510711D493073D
:1018200010B504460AD5636C20461BB1BDE81040D4
:10183000FFF752BFBDE81040FFF7B8BFFFF7D2FE79
:10184000F1E70148704700BF15FCFFFF10B5044BDE
:10185000036000230446C380FEF774FC204610BDDD
:10186000147404000089704740897047FF299ABFAB
:10187000017300206FF47A70704700BF007B7047DF
:10188000704700BF10B50A894C8982B00023CDE9AA
:10189000002410311A46044604F0E6FF204602B048
:1018A00010BD00BF10B5074B044640F8103B04F0D4
:1018B0008FFD054B236000232046E380FEF742FCAA
:1018C000204610BDD874040014740400094B10B5F0
:1018D000044640F8103B04F07BFD074B23600023D7
:1018E000E3802046FEF72EFC204613F011FC204634
:1018F00010BD00BFD874040014740400F8B50C4D7A
:1019000005600025044645600E4615461F46FEF755
:10191000A9FB2046074B40F8103B2AB231B204F035
:1019200029FEFF222273A780268165812046F8BD0B
:1019300014740400D87404006FF47D70704700BF05
:101940006FF47D70704700BF6FF47D70704700BF0B
:101950006FF47D70704700BF10B584B004AB0468AD
:1019600003F8012D00220092246A1A460123A047A1
:1019700004B010BD10B584B004688DF80C200022AE
:1019800000928DF80D30246A022303AAA04704B008
:1019900010BD00BF10B5012384B00468CDE9003349
:1019A0000DF10F03E46AA04708B99DF80F0004B0D9
:1019B00010BD00BFF0B585B004469DF82C508DF8E1
:1019C0000F201F4602680E4685B101230093156A59
:1019D0000DF10F02A84738B9236800909D6A0A9B51
:1019E0003A4631462046A84705B0F0BDD3699DF878
:1019F0000F209847EFE700BF2DE9F84F9DF82870BA
:101A0000002A3CD0002B3ADD88460168DFF874904C
:101A10001E468B684B458246144628D10D69DFF877
:101A200068B05D451BD1264405E00134A6420AD0CA
:101A3000DAF800301D695D45F7D021785046013451
:101A4000A847A642F4D117B10020BDE8F88FDAF814
:101A50000030DB684B450ED13846BDE8F88F5FFAA1
:101A600088F15046A847DAF800301D69DBE798474F
:101A7000DAF80010D2E7504698473846E5E76FF4A9
:101A80007A70E2E749190300511903002DE9F04F7C
:101A900083B09DF83090002A5AD0002B984657DD2D
:101AA00005689246AB682C4A934206463DD12B69A5
:101AB0002A4FBB4241D1B8F1010F1BD0A8F1020857
:101AC0000AEB080B0AF1FF3405E00B2004F8010FC4
:101AD000A3450BD035686D69BD42F6D00021304674
:101AE000A847C0B204F8010FA345F3D108F10108DB
:101AF0003568C2446B69BB4212D10B208AF80000E2
:101B0000B9F1000F03D0002003B0BDE8F08F3368B7
:101B1000114ADB68934217D1484603B0BDE8F08F05
:101B2000012130469847C0B2E8E7019198473568EF
:101B30000A4F2B690199BB42BDD041F00101C9B2E6
:101B4000304698473568B6E7304698474846DBE761
:101B50006FF47A70D8E700BF4919030051190300E8
:101B6000024A026000220271427170471875040037
:101B70006FF47D70704700BF4079704741717047C6
:101B800019B30B68934214D070B50E46144605463F
:101B900023B11A680E49126E8A420CD134B12368FF
:101BA0000C4ADB6D93420BD100232B713460002073
:101BB00070BD0020704718469047002CEFD1F5E724
:101BC0002946002220469847F0E76FF47A70704764
:101BD000BD960200B99602000EB42DE9F04787B019
:101BE0000FAB054653F8046B0093317849B12529B2
:101BF0000CD02B6801369B6928469847317800291C
:101C0000F5D107B0BDE8F04703B07047009B71788D
:101C1000D3F80090632903F10403009306F1020650
:101C20007ED015D9732969D0782964D0642941D030
:101C30002B683F219B69284698472B683F219B6969
:101C4000284698472B683F219B6928469847CCE750
:101C500025294BD05829EBD14FF000081C27082428
:101C60004FF0000A10E0B8F1000F3CD003F157012B
:101C70002B6828469B6998474FF0010A013C14F0F5
:101C8000FF04A7F10407B0D029FA07F303F00F030C
:101C900003F13002392AD1B2E5DC302AE8D1302113
:101CA0002846BAF1000F01D1012CE7D12B689B69BE
:101CB0009847E3E7002301A94846CDE90133CDE980
:101CC00003330593FEF7C8F89DF8041000298CD063
:101CD0000DF105042B6828469B69984714F8011BF1
:101CE0000029F7D181E703F13701C1E72B682846C6
:101CF0009B69984779E74FF00108AFE799F8001022
:101D000009F1010900293FF470AF2B6828469B694F
:101D1000984799F8001009F101090029F5D164E705
:101D20002B685FFA89F19B69284698475DE700BFF9
:101D3000C389DB0600D4704710B5044684B081899E
:101D400001230422684604F0E9FAE38923F0100332
:101D5000E38104B010BD00BFA0F10800FFF7E8BFA9
:101D6000C3895B073DD52DE9F0418369B3F9027062
:101D7000002F84B00E46054615DD00F1180800243A
:101D800001E0A7420FD021B2404604F081FFB042EB
:101D900004F10104F5D101231A46A989684604F02B
:101DA000BDFAA742EFD1EB8C95F82410288D5A1C70
:101DB00092FBF1F301FB13239BB2984212D0EA8C01
:101DC000296A92B28E54EA69EB84002A02DBEB8C1A
:101DD0009A4210D0EB8943F01003EB8104B0BDE8C8
:101DE000F0817047A98901230322684604F096FA1E
:101DF00004B0BDE8F0814FF0FF33EB610222012314
:101E0000A989684604F08AFAE4E700BFC3891B0782
:101E100000D4704730B5838EC16A02689BB2044615
:101E2000C95C926985B09047A58E94F83020618E88
:101E30006B1C93FBF2F502FB1535ADB2A94202D043
:101E4000A58605B030BD0123022240F2FF3168466D
:101E500004F064FA236801219B6820469847EFE765
:101E60002DE9F047B2F1000A054629DD9946408E7A
:101E700001F1FF38002608E0EB6A18F8012F1A5428
:101E80000136B2456C8620461BD095F83070AA8E7C
:101E9000431C93FBF7F407FB1434A4B29442EBD138
:101EA0002B6801215B6828469847B9F1020F1FD0C3
:101EB000B9F1010F0DD0B9F1000F02D0688EDBE748
:101EC00000262B6828465B68012198473046BDE80C
:101ED000F087688E06E095F83030AA8E03449B1A8E
:101EE000002BC9DDAB8E9842F5D3AB8EC31AF7E752
:101EF000494640F2FF30FEF7F9FC688EBCE700BFB0
:101F0000C3895A0770B5044607D5036800219B684A
:101F10009847206AFEF714FFE38994F8240023F021
:101F200004039DB2E581FEF7E5FE206260B12368FF
:101F3000002645F004055B68E581E6842685204699
:101F400031469847304670BD6FF47B7070BD00BF5E
:101F500038B5C3891A07054607D5036801219B6870
:101F60009847E86AFEF7ECFEEB8995F8300023F01D
:101F700008039CB2EC81FEF7BDFEE86230B10020A0
:101F800044F00804EC816886A88638BD6FF47B7045
:101F900038BD00BF2DE9F0470446244D2448256094
:101FA0000025A060257104F108006571E56089468F
:101FB00090461F469DF82060BDF824A0FEF752F819
:101FC0001C4B236003F13802A260C4F81090C4F8DF
:101FD000148004F1180004F01BFE01374FF0FF33AA
:101FE0000136E361E5844A4604F1100184F8247067
:101FF00084F83060A4F80CA02562E562258565862A
:10200000A5862046FFF7BCFD424604F11401204698
:10201000FFF7B6FD084B1A6802B91C60E38943F468
:102020008043E3812046BDE8F08700BF547504007B
:102030001474040060750400503B00202DE9F04149
:10204000C789BC071DD4002A1DDDE1B1984647F0C1
:102050000203C3813B07044615460E460BD5434693
:102060002A4631462046FFF7FBFEE38923F00203B0
:10207000E381BDE8F081FFF76BFF0028EFD0BDE8FA
:10208000F0810248F5E76FF47A70F2E70DFCFFFF8C
:1020900010B40C681346211DB4F902205DF8044BFE
:1020A000FFF7CCBF38B50B1E07DB1D460368DB68A6
:1020B0000446984700B9A56338BD6FF47A7038BDFF
:1020C000C38913F0030F60D143F0030370B50446D6
:1020D000C38115460E460A4600F11001FFF750FD78
:1020E0002A4604F114012046FFF74AFDA28E638EB2
:1020F00093423DD3A28E9B1A2268002B926804DD86
:1021000001212046904723689A6800212046904785
:102110002B681F4A5B6C934233D123682A463146B1
:102120001B6920469847236800215B682046984732
:10213000A28E638E934221D294F83020A18E134454
:102140005B1A002B04DD236801215B682046984759
:10215000A56B002D06DB23682946DB6820469847DF
:1021600000B9A563E38923F00303E381002070BD78
:1021700094F83020A18E13445B1ABDE7A28E9B1AFF
:10218000DFE7022128469847C7E70248704700BFAB
:10219000599602000DFCFFFF012A20D0022A38B513
:1021A0000AD0C38C90F82420194491FBF2F302FB6F
:1021B0001311C161002038BD05460C4680891146C7
:1021C000FEF7E2F9E98C95F82420214491FBF2F323
:1021D00002FB1311E961FEF759FB002038BD6FF4D3
:1021E0007A707047012A0FD038B51446054618306A
:1021F00004F014FD022C01D0002038BDA889012173
:10220000FEF774FB002038BD6FF47A70704700BF92
:102210002DE9F04F87B0CE8900AFF507C7E901304F
:1022200060D474078946154640F1D780B9F828A0D4
:10223000B9F8263046F001069A45A9F80E6058D044
:102240002B68D9F82010B3F902205646731C002AD7
:1022500011F80680FB602ADD4FF0000B4FF0FF34D1
:102260000FFA8BF1284604F013FD2A68B2F9022018
:102270000BF1010B404508BF34465A45F0DC99F894
:102280002430F968B9F8268091FBF3F61FFA88F834
:1022900003FB1616B04500F0A880601C54D1D9F895
:1022A0002010731C002A11F80680FB60D4DC99F81A
:1022B0002430F868B9F8268090FBF3F61FFA88F806
:1022C00003FB1606B045C1D17B68012B00F094805A
:1022D0007B68022B13D0B9F80E60B86826F00106AF
:1022E000A9F80E6004F094FCB8681C37BD46BDE840
:1022F000F08F7B68012B00F0BA80022BEDD12946CC
:1023000007F1140004F07CFC07F114010222484696
:10231000FFF768FF07F1140004F0E0FBB9F826406E
:1023200014F1FF3402D299F82440013C07F1140063
:1023300004F06EFC07F1140109F1180004F06EFCC2
:1023400007F1140004F0CAFB002CB9F80E60C4DBDE
:1023500099F824505445BABFA5EB0A0BA344A4EB4B
:102360000A0B0BF1080323F00703E846ADEB030D5E
:10237000002168460BF10102A4B212F02BFFA24526
:102380006946D9F820000FD00DF1FF320AF1010C97
:102390009CFBF5F305FB13C310F80AC002F801CF4C
:1023A0001FFA83FA5445F1D1B9F82830B8680133DF
:1023B0005B4426F0010693FBF5F205FB1235A9F804
:1023C0000E600FFA8BF2A9F8285004F0FFFBC54607
:1023D000B8681C37BD46BDE8F08F0846FFF790FD92
:1023E000002837D1B9F80E6020E77B68012B29D18E
:1023F000611CA9D1D9F82010B9F826309845FBD036
:1024000008F10103002A11F80860FB6027DD4FF096
:10241000000B4FF0FF340FFA8BF1284604F038FC24
:102420002A68B2F902200BF1010BB04208BF444602
:102430005A45F0DC99F82430F96891FBF3F803FB76
:102440001818D5E77B68022B7FF47EAF631C7FF4FE
:102450007BAF54E70146B86804F060FBB8E799F831
:102460002430F86890FBF3F803FB1808C4E72B68E6
:10247000D9F82010B3F90220D046BDE7C3895B0725
:1024800010B5044605D5E38C208DC01A18BF012075
:1024900010BDFFF735FD0028F5D010BD38B5044656
:1024A000F9B101290D4610D12046FFF7E7FF0028BA
:1024B000FAD0238D226A94F82410D05C013393FB68
:1024C000F1F201FB1233238538BD0229F1D1FFF768
:1024D000D5FF0028EDD12A4601212046FFF75CFEFA
:1024E000E7E7FFF7CBFF0028E3D1014838BD00BF85
:1024F0000CFCFFFF38B5C389DA0712D443F00102A0
:102500005B0704460D46C28102D4FFF7F9FC38B9D7
:1025100029462046FFF7C2FFE38923F00103E38148
:1025200038BD014838BD00BF0DFCFFFFB0F80EC03C
:102530001CF0010F2DE9F0416AD198461CF0040F00
:102540004CF00103064617460D46C3812BD0B8F167
:10255000000F11D1002F59DD013D444604E0013444
:10256000A74205F8010F17D000213046FFF796FF6C
:1025700010F57D7FF3D10FE0B8F1010F1CD1002FD2
:1025800044DD6C1EE51901213046FFF787FF04F892
:10259000010FAC42F7D13C46F38923F00103F381EC
:1025A0002046BDE8F081FFF7ABFC04460028F7D1D8
:1025B000B8F1000FCED0DFE7B8F1020F26D1F38CCF
:1025C000318D994285BF96F82430F28CF38C9B189C
:1025D0005B1A9F420DDDF38C994285BFF28C96F811
:1025E0002430F38C9B18591A791A02223046FFF7CF
:1025F000D3FD002F0ADD6C1EE51902213046FFF7DE
:102600004DFF04F8010FAC42F7D1C4E70024C3E743
:10261000004CC5E70DFCFFFF2DE9F04114460832E0
:1026200022F0070200AFADEB020D0E469846621C89
:1026300000210546684612F0CDFD43462246694614
:102640003046FFF773FF002808DD02B269462846CE
:1026500004F0BCFA2846BD46BDE8F081284604F0E7
:10266000D7FA2846BD46BDE8F08100BFC389DA0726
:1026700012D4FF2918BF013110B543F001030446FD
:1026800018BFC9B2C38180F82410FFF739FCE38971
:1026900023F00103E38110BD004870470DFCFFFFEC
:1026A000C3899A0712D4FF2918BF013110B543F02E
:1026B0000203044618BFC9B2C38180F83010FFF787
:1026C00047FCE38923F00203E38110BD0048704713
:1026D0000DFCFFFF90F82400704700BF828E438EF0
:1026E000934237BF90F83020808E808E9B18181A46
:1026F000704700BF0A4B10B503F10802403304468F
:1027000002608360183004F0E9F9064BA3600023EF
:1027100004F10800E381FDF715FD204610BD00BF60
:10272000587504001474040008B5C06803681B6B76
:102730009847002008BD00BF08B5C06803689B6AC1
:102740009847002008BD00BF2DE9D84704469246AF
:10275000994607F063FCE66894F8118034683046C7
:10276000A36CE76B98474B465246002B08BF0A2ADA
:1027700038BF0A22024441463046B847BDE8D84730
:1027800007F03EBC70B5044607F048FCE0680368FB
:102790009B6C9847D4E90151D4E908236060401B41
:1027A0001518084443F10006B0F57A7FC4E90856CD
:1027B000A0600CD3D4E906230132A0F57A7043F16E
:1027C0000003B0F57A7FF7D2C4E90623A060BDE824
:1027D000704007F015BC00BF10B50446FFF7D2FFEC
:1027E000D4E9060110BD00BF2DE9F84F1646426B33
:1027F000BDF82880BDF82C909DF830A0002A10DD8F
:10280000C46A1F46238A83B104F11803002102E041
:1028100033F8085C4DB1013191421C4603F11803B5
:10282000F6D16FF47B70BDE8F88F0546FFF7AAFF7D
:10283000D5E9082312EB060B43EB070CBAF1000FA6
:1028400022D1002001460D9BA4F81080C4E90001AC
:10285000C4E902BCA4F81290636107F0DFFB296BA6
:1028600039B1D4E90223D1E902018B4208BF824287
:1028700005D22C6332463B462846FFF765FF07F03A
:10288000BFFB0020BDE8F88F30463946DBE700BFCC
:102890002DE9F003456BC36A00218D4201631EDD03
:1028A0000A461C8A013254B139B1D3E90267D1E931
:1028B00002894F4508BF464501D203631946AA4223
:1028C00003F11803EDD151B1036A8A68D21A0A2ABA
:1028D000B8BF0A22D317BDE8F003FFF735BFBDE844
:1028E000F00370472DE9F04F83468BB059B1C468AF
:1028F000067C236820469A6CDD6B9047394A314646
:1029000002442046A8475846FFF73CFFDBF8342036
:10291000DBF82C40002A49DD0025AA461CE0D4E95A
:10292000006756EA0701628A46D1DBF830000021D1
:10293000A042218247D001210291CDE900891946A8
:1029400006A803F0FBFCDBF834200AF1010A01358C
:10295000AA4204F1180426DD238A002BF7D0D4E91B
:102960000201DBE90889894508BF8045CDE90401FA
:10297000D5D26369DB07EAD5FEF7BCF860B1DBE9C5
:102980000801194ED4E9022336184FF000074F41D1
:10299000BB4208BFB24219D3DBF834200135AA424A
:1029A00004F11804D8DCBAF1000FB1D15846FFF792
:1029B0006FFF0BB0BDE8F08FDDE9040180197941AC
:1029C000C4E90201B7E7CBF83010B4E70123CDE941
:1029D00000010293052240F2FF3106A803F0AEFC8D
:1029E000DAE700BF80969800A0860100074B1B68BD
:1029F00053B1197C084110F00101184601D1FFF7CD
:102A000071BF0121FFF76EBF704700BF583B002028
:102A1000426BC36A02EB420203EBC20293424FF0E5
:102A2000000025D2198AF9B15969C9071CD5D0B15E
:102A3000F0B4D0E90245D3E90267AF4208BFA6422D
:102A400038BF184618339A420BD9198A0029F9D091
:102A50005969CC07F6D50028EBD1184618339A42AD
:102A6000F3D8F0BC7047184618339A42DAD870474A
:102A7000704700BF2DE9784804460D4607F0CEFAAE
:102A8000E06803689B6C9847636860600646D4E919
:102A90000801A268F31A10EB030B134441F1000C78
:102AA000B3F57A7FC4E908BCA3600CD3D4E906016E
:102AB0000130A3F57A7341F10001B3F57A7FF7D2C3
:102AC000C4E90601A360E06803681B6B984707F040
:102AD00097FA0023C5E90063D4E90801BDE87888C6
:102AE0002DE9F84FDDE90A890446154607F096FA04
:102AF00058EA090330D0D4E9082312EB080043EB6D
:102B00000901C4E908014FF47A720023404649469E
:102B100012F00EF9D4E9066716EB000A47EB010B39
:102B2000C4E906AB404649464FF47A72002312F0DE
:102B3000FFF8A3681A44B2F57A7FA2600BD31AF1AA
:102B4000010AA2F57A724BF1000BB2F57A7FF6D248
:102B5000C4E906ABA26065602046FFF713FED4E926
:102B60000889636BE56A03EB430305EBC30C18F1BB
:102B70000A0A4FF0000349F1000B6545236314D3A3
:102B800033E05B4508BF524501D2C5E902AB236B78
:102B90003BB1D3E90201D5E902238B4208BF82424F
:102BA00000D225631835AC451FD92B8A002BF9D0EC
:102BB000D5E9006756EA0701D5E90223E1D012EB17
:102BC000060843EB0709D94508BFD04502D3DEE725
:102BD0008046894616EB080047EB0901594508BFB6
:102BE0005045F5D3C5E90289D1E7E06803689B6CDD
:102BF00098470546E068094A0368217CDB6B2A4454
:102C00009847236B33B1E068617C036805F10A02E1
:102C1000DB6B9847BDE8F84F07F0F2B98096980053
:102C2000704700BF064B10B51C682CB12046FFF75B
:102C3000A9FDD4E9060110BD0020002110BD00BF90
:102C4000583B0020064B10B51C682CB12046FFF7FE
:102C500099FDD4E9080110BD0020002110BD00BF7E
:102C6000583B002070B50A4C266884B076B11D46EA
:102C700014460B460246012108980390CDE9004511
:102C800030460291FFF7B0FD04B070BD0148FBE78C
:102C9000583B002016FCFFFF70B50E4D2C68B4B1F8
:102CA0002046FFF76FFD0C4B266A42F210709847E2
:102CB0002C682046FFF766FD236A0849053B9B1BED
:102CC00042F210720020B2FBF3F30B6070BD0448B7
:102CD00070BD00BF583B0020C1200020543B0020A5
:102CE00016FCFFFFF8B50D46437416460A231E4A2C
:102CF0001E49016004464363C56006740121F0204B
:102D00001460FEF73DF82B68194FDA69E062002184
:102D100000202163BA424FF00001C4E90601C4E972
:102D200008011AD1134AEA603146134ADB6B284680
:102D30009847E06803685B6A9847E0680368002288
:102D40009B6CA2609847E36860601A681846936AB3
:102D50009847FFF7A1FF2046F8BD28460549904750
:102D6000E5682B68E0E700BF583B0020BC75040015
:102D700031660200ED290300809698002DE9F843A2
:102D8000124D2E6806B3124B04461868A8B9304697
:102D9000FFF7F8FCD6E9086716EB040847F10009CD
:102DA0002C682046FFF7EEFCD4E908234B4508BF0A
:102DB0004245F5D30020BDE8F88304FB00F0054B45
:102DC00098470020BDE8F8830348F4E7583B00200B
:102DD000543B0020C120002016FCFFFF4FF47A7303
:102DE00003FB00F0FFF7CABF064B1B681BB101468F
:102DF0001846FFF73FBE00220023C0E90023194612
:102E000010467047583B002070B5094C266882B0C8
:102E10005EB114461D4602460B463046CDE90045DC
:102E2000FFF75EFE002002B070BD0248FBE700BF66
:102E3000583B002016FCFFFF084B1B685BB110B528
:102E400004461846FFF7E4FD20B1D0E90223C4E9A7
:102E50000023012010BD1846704700BF583B0020DA
:102E6000C3880D4A23F4005310B504460260C380A2
:102E70002C3003F0ADFA04F1240003F02FFE04F12E
:102E80001C0003F02BFE054B236000232046E3804B
:102E9000FDF758F9204610BDCC75040014740400E9
:102EA00010B50446FFF7DCFF204612F031F920464A
:102EB00010BD00BFF8B50025164B03600446456001
:102EC0000F461646FDF7CEF8134B2360A76004F1BA
:102ED0000C0003F073F904F11C0003F099FE04F1F7
:102EE000240003F095FE04F12C0003F079FA4FF46E
:102EF000405384F8225084F83250A6802575E5822C
:102F0000258325842585258684F83350E380204653
:102F1000F8BD00BF14740400CC75040000B5012393
:102F200085B081881A46684603F0F8F9012368469F
:102F30001A4640F2FE3103F0F1F905B05DF804FBEA
:102F40002DE9F843044680680121103003F05CFC51
:102F500094F92230042B06DCE269B4F92010B2F9AE
:102F600002208A421ADCA06801335DB284F8225044
:102F70000368DB6998470130854201D0BDE8F883DA
:102F8000E369002284F82220B3F90210B4F920305A
:102F9000994236DD01332384BDE8F88304F11C0037
:102FA00003F076FE04F10C050146284603F018F9FB
:102FB000064660B3A06894F922700268C7F1040362
:102FC00001279F40D3699847354600F1FF38A06834
:102FD000FFB25FFA88F805366FEA050915F8013B7C
:102FE0003B4204D1AE42F9D194F92230BCE709EB5F
:102FF0000502103012B2FF23414603F031FAA068F7
:10300000F0E722752046BDE8F843FFF787BF284662
:10301000202103F0E5F80646CCE700BF38B50446AA
:10302000436AB4F92810B3F9023080688B4200F18A
:1030300010050FDC202100231A46284603F09EFBD2
:10304000626AB4F92830B2F902209A4208DB0133EF
:10305000238538BD04F1240003F01AFE0146EAE797
:10306000002323752046BDE83840FFF757BF00BF57
:1030700010B50446806882B0103003F0E7F9A0680C
:10308000B4F930200023103004F12C01009303F038
:10309000DFFA50B994F833303BB100232046237552
:1030A00002B0BDE81040FFF739BF94F93230002B71
:1030B000F3D0218E01220B44238684F8332002B002
:1030C00010BD00BF30B504468068B4F930500368C5
:1030D00083B0DB699847E36A94F932105B88CB1AB6
:1030E000184485420DDC94F8333053B1237D062B10
:1030F0002ED000232046237503B0BDE83040FFF7F3
:103100000DBFB4F93020A068002A00F1100010DCD7
:103110000023009304F12C0103F09AFA94F9323061
:103120007BB1218E01220B44238684F8332003B027
:1031300030BD494203F068FBA068B4F9302010307C
:10314000E6E723752046FFF7E9FE94F93230E8E719
:10315000A068103003F07AF9CBE700BF037D0022AE
:10316000022B10B5044602831CD0237D032B1ED0F6
:10317000237D042B21D0237D052B06D0237D062B18
:1031800003D0237D072B06D010BD2046FFF79AFF02
:10319000237D072BF8D1002323752046BDE810407E
:1031A000FFF7BCBEFFF7CCFE237D032BE0D120460A
:1031B000FFF734FF237D042BDDD12046FFF758FFB6
:1031C000D9E700BF037D33B1038BC18A04339BB2BF
:1031D0009942038300D97047FFF7C0BF10B5037D44
:1031E00084B0044673B1012300220275A1881A46F7
:1031F000684603F093F8012368461A4640F2FF310F
:1032000003F08CF8A068103003F020F904B010BD72
:1032100010B5012104460720FDF768FB064B9842D4
:1032200005D010BD237D012BFBD006F0FFFE237DD2
:10323000002BF7D110BD00BF16FCFFFF38B5151EDF
:1032400016DB037D13B1037D012B0FD1044680688B
:10325000002310301A4603F091FA2DB10020072305
:10326000E5822083237538BD284638BD024838BD25
:103270006FF47A7038BD00BF12FCFFFF70B582B0EA
:10328000079D002D1BDB047D14B1047D012C14D19E
:10329000069E04468068F6B21BB212B21030009649
:1032A00003F0D6F935B100200723E582208323758A
:1032B00002B070BD284602B070BD0248F8E76FF456
:1032C0007A70F5E712FCFFFFF8B5151E21DB037DD0
:1032D0000F4604463BB909E0012140F2FF30FDF7FB
:1032E00005FB237D13B1237D012BF5D1237D03F055
:1032F000FF0663B939462A462046FFF79FFF25B1EE
:103300002046FFF785FF3046F8BD2846F8BD024845
:10331000F8BD6FF47A70F8BD11FCFFFF2DE9F043A2
:1033200085B00D9E002E36DB9846037D17468946F4
:10333000044673B1037D012B03D10AE0257D012DE5
:1033400007D0012140F2FF30FDF7D0FA257D002D96
:10335000F4D1237D03F0FF05DBB9494603A803F050
:1033600045F80C9B0093019643463A4603A9204634
:10337000FFF784FF03A803F02BF836B12046FFF7D0
:1033800047FF284605B0BDE8F083304605B0BDE8EC
:10339000F0830248F6E76FF47A70F3E711FCFFFF61
:1033A00070B5161E14DD037D13B1037D012B0DD105
:1033B0000025044680F8225005841C3003F02EFCC2
:1033C000022325832846E682237570BD024870BD1E
:1033D0006FF47A7070BD00BF12FCFFFFF0B5161ECF
:1033E00083B026DD037D0F4604463BB909E0012189
:1033F00040F2FF30FDF77AFA237D13B1237D012BD4
:10340000F5D1237D03F0FF058BB9394601A803F000
:10341000F7FB324601A92046FFF7C2FF01A803F0DF
:103420005DFB2046FFF7F4FE284603B0F0BD0248DE
:10343000FBE76FF47A70F8E711FCFFFFF0B583B09B
:10344000171E089E2FDD047DFCB916F1FF0F044600
:10345000C3F100051ED036B284F83250268604F13E
:103460002C0002F0E3FF099B002D18BF3D46002B06
:1034700007F1FF320CBF052306230020E5822283DB
:10348000237584F8330003B0F0BD047D012CDCD03B
:103490000648F8E7806801910368DB699847461998
:1034A00036B20199D8E76FF47A70ECE712FCFFFFAF
:1034B0002DE9F041161E84B031DD1F46037D88469C
:1034C000044673B1037D012B03D10AE0207D01285E
:1034D00007D0012140F2FF30FDF708FA207D0028D7
:1034E000F4D1237D03F0FF05BBB9414603A802F0E8
:1034F0007DFF0B9B01930A9B009332463B4603A939
:103500002046FFF79BFF03A802F062FF2046FFF76B
:103510007FFE284604B0BDE8F0810248FAE76FF468
:103520007A70F7E711FCFFFF10B5054B03F10802B5
:10353000383304460260C360FDF74EFD204610BDDF
:10354000E875040010B5074B03F108023833044650
:103550000260C360FDF740FD204611F0D9FD204612
:1035600010BD00BFE8750400C28838B5047C22F4A1
:1035700000520025C280CD6014B103689B69984752
:10358000002038BDA0F10C00FFF7EEBFC388DB04BC
:1035900000D470472DE93048036888B05B6A044660
:1035A0009847227EE38878B10B2A04D80132D2B240
:1035B000082A22760ED9D9071ED503F00305012D5E
:1035C0002CD008B0BDE8308832B1013AD2B2082A16
:1035D0002276F0D8012AF0D8DA07EED523F00303DB
:1035E000E38002220123A188684602F097FE657EEF
:1035F000012D2CD0E388E0E743F001020123E280B3
:10360000A1881A4604A802F089FE23890133238188
:10361000FFF708FB227EE3886061DBE7FFF702FB30
:103620006369B0EB030B61F1000C002340F2DB5245
:10363000634508BF5A45C4D2E288A18842F002021D
:10364000E2802B46052204A802F068FEB9E7FFF7E6
:10365000E9FA6369B0EB030B61F1000CBCF1000FF8
:1036600008BFBBF57A7F2B462CBF04220322A1881A
:1036700004A802F053FEBDE710B5044684B0E9B9D2
:10368000C269D288930502D4002004B010BD03683B
:103690005B6A98470028F7D0E288A188012342F0AE
:1036A00001020320E28020761A46684602F036FEC8
:1036B00001232381FFF7B6FA6061E5E7C2880021A4
:1036C00022F00302C28001810176002004B010BD07
:1036D000C16938B5CB6800F10C05AB421CD004467B
:1036E00023B11A68184612689047E169A27ECB8818
:1036F000CD60012A0CBF43F4807323F48073CB8028
:103700000B680A4A5B6C93420AD1E08840F400508F
:10371000E08000F0010038BDC08800F0010038BD35
:10372000084694F820109847EFE700BF599602002A
:1037300070B5054600F10C0630460121FEF71EFA71
:10374000E8690A4A03685B6893420CD16FF47D73A1
:10375000AC7EE41AB4FA84F4304664090021FEF722
:103760000DFA204670BD98470346F1E79595020093
:103770002DE9F84304460D4690461F469DF820600B
:103780009DF82490FDF712FC0B48E561002100F143
:1037900008053830E06084F82090A4F8048067764B
:1037A000A676256021746174616121762046FFF759
:1037B0008FFF2046BDE8F883E87504004176704726
:1037C00010B50446806830B14FF480720021BDE826
:1037D000104011F0FFBC4FF48070FDF78BFA4FF4EE
:1037E0008072A0600021BDE8104011F0F3BC00BF62
:1037F000F0B5044640682268036885B000256E462F
:103800001F690095022301953146B847104B009A75
:103810009A4219D02046CDE90035FFF7D1FF96E84E
:10382000030002AB83E8030003CBA3681860596070
:10383000D4E9001003689B699847D4E90102036842
:1038400021685C694023A047019805B0F0BD00BF26
:10385000A10D0C00F8B50023161E836004460D462A
:1038600041600B680FDB08461B6898472B680746CA
:103870009B682846984706FB007020602046FFF7AB
:10388000B7FF2046F8BD08465B6898472B68074697
:103890009B682846984706FB107020602046FFF77B
:1038A000A7FF2046F8BD00BF2DE9F0478A468146B4
:1038B000FFF79EFF804638B33020D9F8004011F062
:1038C0002EFC30220021064611F084FCB8F1000FD6
:1038D00004F1080415DD002502E00135A84517D0E4
:1038E000D9F80400036822461F6931460C23B84703
:1038F0003146504611F0A0FC30340028EDD1A845E7
:1039000006D03046BDE8F08706463046BDE8F08771
:10391000304611F0FDFB0026F3E700BF2DE9F04F24
:103920000546C3B008460C4692461F4611F08EFC71
:1039300000F10109B9F1100F00F2E180202F00F22F
:10394000DE8021462846FFF7AFFF064660B13A46C3
:103950005146103011F00BFC80463046B8F1000F94
:1039600000F0A48011F0D4FB4A46214606A811F0CD
:103970000DFC51463A460AA811F008FC2846D5F835
:1039800000A0FFF735FF30228046002112A811F079
:1039900021FC2846FFF714FFB8F1000F0AF10806D2
:1039A00040F3AB80002701970DF1A8090DF1D80B6A
:1039B0006868036832461C6912A90C23A04706A94F
:1039C00012A811F039FCA6EB0A0E002874D14F4A58
:1039D000CDE9022802AB03CBAB680DF1180C1860DF
:1039E0005960BCE80F001EAC0FC4BCE80F000FC448
:1039F0009CE80F0084E80F00AB681EAC9E44A44610
:103A0000BCE80F00CC45CEF80000CEF80410CEF88C
:103A10000820CEF80C3064460EF1100EEFD10123D1
:103A200001930137B84506F13006C1D108EB4804CF
:103A3000019BA400A71C3BBBB8F1050F62D0334A21
:103A400008F10103CDE9042304AB03CBAB6806AC5A
:103A5000186059600FCC36AE0FC60FCC0FC694E875
:103A60000F0086E80F00AC680DF1D80C04EB87045A
:103A700042AF66460FCEBE4220606160A260E36046
:103A8000B44604F11004F4D1D5E9001003689B6931
:103A90009847D5E90102036829685C694023A0477B
:103AA0004FF00008404643B0BDE8F08F11F030FB06
:103AB000404643B0BDE8F08F0DF1480CBCE80F0064
:103AC0004C460FC4BCE80F000FC49CE80F0084E80C
:103AD0000F00AB684C469E44A446BCE80F00DC4592
:103AE000CEF80000CEF80410CEF80820CEF80C3046
:103AF00064460EF1100EEFD193E702279FE76FF4B3
:103B00007A78D5E76FF47B78D2E700BFA10D0C007F
:103B10002DE9F04FA1B089460546FFF769FE002860
:103B200000F0868080463022002108A82E6811F01F
:103B300051FB2846FFF744FE3E4ACDE9022802AB7E
:103B400003CBAB68B8F1000F06F1080618605960A6
:103B500061DD00270192BB464FF0020A10E0019A96
:103B600008F1FF33CDE9042304AB03CB0137AB6885
:103B7000B845186059604FF0010B06F1300632D09D
:103B80006868036808A91C6932460C23A0474946A7
:103B900008A811F051FB0028E1D00DF1200CBCE881
:103BA0000F0014AC0FC4BCE80F000FC49CE80F005A
:103BB00084E80F00AC680DF1500C04EB8A04E64673
:103BC000BEE80F00E36020AB9E4520606160A2600C
:103BD000F44604F11004F2D10137B8450AF10C0A99
:103BE00006F13006CCD1BBF1000F14D0D5E900109E
:103BF00003689B699847D5E90102036829685C69F5
:103C000008EB48084FEA88030233A0470023184610
:103C100021B0BDE8F08F074BAA68CDE9063806ABA6
:103C200003CB054B10601846516021B0BDE8F08F02
:103C3000014BECE7A10D0C000CFCFFFF03681B6BB4
:103C4000184700BF01892DE9F0414FF47A76044608
:103C500006FB01F12148FDF74DF9214AA17A0346FF
:103C6000A2FB03239B0923811E48FDF743F9656CE2
:103C7000A072E3882A68B4F84C80576A13F4807302
:103C800020D1414628462022B84728BB606CB4F8B2
:103C90004C10036822225D6A1023A847E0B9656CC6
:103CA000A17A2B680F485E6AB4F84C40FDF702F920
:103CB00060F07F03DBB2214628462322B04758B983
:103CC000BDE8F0812189054806FB01F1FDF7F2F816
:103CD00040F00703DBB2D4E70348F1E72C76040099
:103CE000D34D6210247604000EFCFFFF10B5034B89
:103CF00003600446FDF7B2FB204610BDA476040025
:103D000010B5054B03600446FDF7A8FB204611F0F3
:103D1000FFF9204610BD00BFA476040008B5024696
:103D2000C38819B1D9050AD4002008BD9905FBD56F
:103D300023F4007343F48043D380002008BD01685E
:103D400023F4824343F40073C380CB6A9847002076
:103D500008BD00BFF0B5C388DA0585B005462BD491
:103D6000026843F48243C380D36A98470126314FE7
:103D7000A86C0368C4885B68BB42C4F3002416D1F6
:103D8000002084424FF027020DD0686C95F84C104B
:103D900003681B6B984710F008040FD1002EE7D181
:103DA000204605B0F0BD002EE2D13446F8E7984732
:103DB000B0FA80F04009E4E70026D8E7686CB5F86F
:103DC0004C10036806220124CDE90024A822DC6AF5
:103DD00002ABA047044608B1174CE1E7BDF9083033
:103DE000BDF90A20BDF90C00AE7A2968002BB8BFD6
:103DF0001F33002AB8BF1F3200284FEA63134FEA6F
:103E00006212B8BF1F304011ADF80830ADF80A207B
:103E100016FB03F316FB02F2524216FB00F65B425E
:103E2000ADF80C00C5E906232E624B6B2846984777
:103E3000B6E700BF959502000EFCFFFFF8B50446FB
:103E40000F4616461946BDF81C20BDF81850FDF760
:103E500003F9064A67640023A664A4F84C50226064
:103E6000E3802046FFF7EEFE2046F8BDA47604006E
:103E700008B50368C9B21B6B0F229847A0F1330045
:103E8000B0FA80F0400908BD03689B6A184700BF7C
:103E9000018938B54FF47A75044605FB01F11548E0
:103EA000FDF728F8144A0346A2FB03239B0999B2A5
:103EB00005FB01F123810F48FCF7FCFFE288B4F811
:103EC0005010C3B2A06CD205026858BF43F0030380
:103ED000556A6022A84758B9A06CE3880268B4F814
:103EE0005010546AC3F300236222A04700B938BDC2
:103EF000024838BDDC760400D34D62100EFCFFFF93
:103F000010B5034B03600446FDF7A0FC204610BD2E
:103F10000C77040010B5054B03600446FDF796FCD2
:103F2000204611F0F5F8204610BD00BF0C770400C4
:103F300008B50246C38819B1D9050AD4002008BDC6
:103F40009905FBD523F4007343F48043D38000200C
:103F500008BD016823F4824343F40073C380CB6936
:103F60009847002008BD00BFF0B5C388DA0585B0CA
:103F700005462BD4026843F48243C380D369984733
:103F80000126284FE86C0368C4885B68BB42C4F311
:103F9000002416D1002084424FF067020DD0A86C97
:103FA00095F8501003681B6B984710F008040FD168
:103FB000002EE7D1204605B0F0BD002EE2D13446F8
:103FC000F8E79847B0FA80F04009E4E70026D8E720
:103FD000A86CB5F85010036806220124CDE900242E
:103FE000E822DC6A02ABA047044608B10E4CE1E7C8
:103FF000BDF90C30BDF80A00BDF808102A6803EBC3
:104000008303C3EB03135B00EB634FF66A7310FB90
:1040100003F011FB03F3C5E90D03D36A2846984763
:10402000C8E700BF959502000EFCFFFFF8B50446F7
:104030000F4616461946BDF81C20BDF81850FDF76E
:1040400067FA054BA4F85050C4E912762360204665
:10405000FFF71EFF2046F8BD0C77040082B08DE804
:104060000C00014802B0704716FCFFFF00207047AB
:104070000029806905DD08B904E010B10139406A02
:10408000FBD17047704700BF82B070B50C4684B05A
:1040900005464968206802AC03C4039908AC48107F
:1040A00084E80C00CB0745BF2A58029B029CD458D9
:1040B0000AAB2E1893E803008DE8030008AB0CCB85
:1040C0003046A04704B0BDE8704002B0704700BF62
:1040D000002971D0F0B5846985B00D4606463CB91B
:1040E00066E0A388980708D5914219D0646A14B392
:1040F000AB8821682A689F07F3D49142F6D1A26861
:10410000AB689A42F2D1EA68E3689A42EED1A3889A
:104110001A0402D5C3F30E03A380294805B0F0BDED
:10412000A968A06802F04CFE0028DFD0EA68E368C6
:104130009A42DBD1EBE7D6F818C02A88BCF1000F11
:104140002ED06046634600E00B461C88944211D294
:10415000596A18460029F7D163451DD0596A69622A
:104160005D62012340F2FD31684602F0D7F800207D
:1041700005B0F0BD1ED16F885988B94204D319E04B
:104180004888B842E8D20B46596A0029E4D008882A
:10419000A042F5D06345E1D119888A4202D26B6210
:1041A000B561DEE7DAD1588869888842D6D9F6E762
:1041B0000A88F5E70346CFE76FF47A70704700BFCF
:1041C00016FCFFFF002943D0F0B5846985B0002CB0
:1041D0003BD00D46204F002605E0A268AB689A420E
:1041E0000DD0646A04B3AA88A38853409907F8D411
:1041F0009207F2D5A968A06802F0E2FDD0B12B8841
:10420000E3B96B8813B162889A42EAD1A388228805
:104210003B43A3804FF47F71012368461E4402F0A4
:104220007DF8646A002CDED1002EC8BF20460CDD6C
:1042300005B0F0BDAB889B07D3D4CEE722889A4265
:10424000CFD16B88002BDED1E0E76FF47A70EFE717
:104250006FF47A70704700BF0080FFFF2DE9F041D6
:1042600083885F0782B0064603D59D062DD4DC0601
:1042700038D443F00403B38006F1100506F11808A2
:1042800015E0F368009395E80F00A047B388DA06BD
:1042900018D5346AB4B194E80F00276985E80F0097
:1042A0002046376210F034FFFCF7F0FAB388B468A8
:1042B00098070DD4D907E4D495E80F00A047B38838
:1042C000DA06E6D423F00403B38002B0BDE8F0813F
:1042D00098E8030095E80C008DE80300204602F002
:1042E00057FDD3E700F1180393E803008DE80300BE
:1042F00006F110030CCB3046FCF790FDE5E700BF5C
:1043000070B51C4B8CB003F10802283304460260E0
:10431000C36006A802F022F80F231820029310F0C1
:10432000FEFE0025144A0092064601956A460346A1
:1043300003CA46F80C4B114ADD60049375605A615C
:1043400058609960204602A91223ADF80C300595FB
:10435000CDE90A55FFF736FF02A8FCF755FD084BDB
:10436000658204F10C00E360FBF7ECFE20460CB024
:1043700070BD00BF54770400094603008940030064
:1043800014740400A0F10C00FFF7BABF10B5044686
:10439000FFF7B6FF204610F0BBFE204610BD00BF61
:1043A000A0F10C00FFF7F2BFF0B5254B254A0260E3
:1043B0000025044683B0C0E9025305610C30FBF7C9
:1043C00051FE214B236003F12002E260A561C4E9A4
:1043D0000755E584282010F0A2FE0646103001F0B3
:1043E000BDFF1A4B3360182010F099FE184ACDE932
:1043F000002507466A46034603CA47F80C4B154A90
:10440000DD604FF0C20C7D605860996020463146F7
:104410005A61C6E90235C6E90855A6F804C0FFF797
:1044200057FE30B90C4B1A6802B91C60204603B025
:10443000F0BD3046FCF7E8FC304610F069FEF1E7CD
:1044400014740400447704005C7704000F00020039
:104450000946030089400300643B002038B5044648
:1044600005F0DCFDE5692DB12B69E36133B1E38C27
:10447000013BE38405F0C4FD284638BD2362F6E71E
:104480002DE9F041846934B3A388656A4FF00008D0
:104490001A040746464606D42646BDB12C46A388D4
:1044A000656A1A04F8D55B07F6D496B17562656A39
:1044B000BB680BB1204698472046FCF7A5FC204678
:1044C00008F1010810F024FE002DE7D14046BDE8B8
:1044D000F081BD61ECE7A0464046BDE8F08100BF39
:1044E0002DE9F0418469002C44D016460D46DFF8D2
:1044F0008C8001270CE0A38803F0C003A3F1C00364
:10450000B3FA83F35B09B34215D00027646A4CB356
:1045100023882988994201D0002BF7D163886A88C3
:104520009A4201D0002BF1D1FCF726F80028E2D105
:104530000123B342E9D1B4F804E01EF4004FE4D102
:1045400095E80F0004F1100C1EF0400F8CE80F00EE
:1045500002D1FCF711F840B92046FFF77FFE646AEC
:10456000002CD5D13846BDE8F08121464046FCF705
:1045700051FACBE701273846BDE8F0815D420300E0
:10458000F0B5012287B00446066A0D46FFF7A8FF82
:1045900010B9E38C092B01D907B0F0BD95E80F00E5
:1045A00002AD85E80F00182010F0B9FD06AB0746F4
:1045B00013E9030095E80C008DE80300384601F08C
:1045C000F3FE05F02BFD66B133693B6137613B6952
:1045D0005BB1E38C0133E38407B0BDE8F04005F044
:1045E0000FBDE3693B61E761F2E72762F1E700BFD6
:1045F00082B008B502A9C1E90023FFF7C1FFBDE8F9
:104600000840002002B0704782B038B5054604A9C2
:1046100081E80C00FFF734FF2846FFF71FFF90B139
:10462000044604E02846FFF719FF044658B100226B
:1046300021462846FFF754FF204610F069FDFCF79D
:1046400035F80028EED1BDE8384002B0704700BF11
:10465000024B1888421C1A80704700BF6C23002050
:10466000C08800F00300A0F10300B0FA80F0400918
:10467000704700BF82B070B50C4684B005464968EB
:10468000206802AC03C4039908AC481084E80C000D
:10469000CB0745BF2A58029B029CD4580AAB2E1860
:1046A00093E803008DE8030008AB0CCB3046A0472D
:1046B00004B0BDE8704002B0704700BF10B5034BB6
:1046C00003600446FCF788FC204610BDA077040078
:1046D00010B5054B03600446FCF77EFC204610F045
:1046E00017FD204610BD00BFA077040082B070B552
:1046F00088B00CA981E80C004289BDF83050BDF8A3
:104700003230954204460BD0022B27D0052B00F007
:104710008680012B78D008B0BDE8704002B07047A9
:104720008189022B0E461AD0052B5AD0012BF2D1CB
:10473000C3888D4243F00103C38068D0A9426AD088
:1047400003F00203002BE6D001231A46A18804A837
:1047500001F0E4FD238901332381DCE71646B242F0
:1047600017D0A189B14265D0954267D0A3899D42F7
:10477000194600F09C80A17B012900F0C1809D4278
:1047800000F0AE809542C6D1E38823F01003E380A9
:10479000C1E7E38803F00103002BE5D001230222E7
:1047A000A188684601F0BAFD63899D4200F09080BF
:1047B000A289A188AA4250D00123032204A801F0B3
:1047C000ADFD6289B24203D1E38843F01003E38078
:1047D000A389B34200F08F80954266D09D429AD162
:1047E00068E0C3888D4243F00403C3801AD0A94215
:1047F0001CD003F00803002B8DD0A18801230522D3
:1048000004A801F08BFD86E78689B54203D1E388D1
:1048100043F00203E380E38803F0010392E7868913
:10482000B54203D1E38843F00803E380E38803F053
:104830000403E0E7E38803F00203ADE7E088C6067F
:104840001FD5A38920F0010189B29D42E18028D0C3
:104850002A4621F00401E18091E7E28802F0080095
:104860000028A9D0B34238D0A389B342A4D102F022
:104870000802002AA0D00123042204A801F04EFD62
:104880009FE7A37B012B3ED100F00403002B37D020
:1048900001230422294604A801F040FD6289A3896E
:1048A0009AE720F0030189B2D2E7E088CAE7E388FB
:1048B00098062BD5E38823F0020189B29542E18066
:1048C0002AD023F00A039BB223F02003E38022E7DF
:1048D000E288A18802F00400C2E702F00402C8E7FF
:1048E000E18821F008039BB29542E38004BF21F0E8
:1048F00018039BB2E8E7E18841F02001E1806BE713
:1049000001230322C6E7A1890B4665E7A07B0128A6
:10491000FAD103F00803B9E72B469AE78173704791
:104920002DE9F04F83B0DDE90C9ABDF83870002B0B
:1049300040D0B9F1000F3AD00F2901D1C02F39D1A1
:10494000804628201D460E46934610F0E8FB04469C
:10495000103001F003FD18202680A4F802B010F0FA
:10496000DEFBCDE9009A06466B46024603CB46F8CD
:104970000C5B0023D8F80050D360E3607360506094
:1049800091606D6811491248A26047F002078D429C
:10499000A780C4E9083350610FD12046FCF734FAF0
:1049A000204610F0B5FB0B4803B0BDE8F08F1AF0BD
:1049B000010FC1D16FF47A70F6E740462146A8474F
:1049C0000028EAD103B0BDE8F08F00BF55FF020018
:1049D0007546030016FCFFFF2DE9F0471C4F044607
:1049E00088B0884616461D46FCF7E0FA3A68194931
:1049F000A5800025A4F80A80A6812160A57312B3C2
:104A0000DFF854A0CDE904A504AB93E803004FF010
:104A1000C0098DE80300234641461046CDF80890B2
:104A20002A46FFF77DFFCDE906A508AB13E9030091
:104A30003F68CDF808908DE803002A4623463846A3
:104A40003146FFF76DFF204608B0BDE8F08700BF94
:104A5000643B0020A0770400ED460300C3889A065B
:104A600010B5044608D4406A03682146DB699847BC
:104A7000E38843F02003E380DB0606D4D4E90A3060
:104A80009842B4BF0020012010BD002010BD00BF1F
:104A900010B50446406A074B026803F10801383339
:104AA0002160E3602146136A98472046FEF73CFDEB
:104AB000204610BDC077040010B50446FFF7E8FF9C
:104AC000204610F025FB204610BD00BFF0B50C8934
:104AD00083B000251E46174601232246CDE9005526
:104AE0000446FEF745FE0C4B676203F13002C4E951
:104AF0000A652360E2602046FFF7B0FFAE4207DAA6
:104B0000E388A56243F010034FF4FA72E380E26297
:104B1000204603B0F0BD00BFC877040038B5054695
:104B200000F10C0420460121FDF728F8E8690A4A43
:104B300003685B68934207D120466FF47D750021BE
:104B4000FDF71CF8284638BD984700210546204649
:104B5000FDF714F8284638BD9595020070B5054656
:104B600000F10C0420460E460121FDF707F8E86924
:104B7000094A03681B68934205D120460021BDE81D
:104B80007040FCF7FBBF3146984720460021BDE846
:104B90007040FCF7F3BF00BF8D950200F0B41D4DCF
:104BA000C6884A0085FB0234D317C3EB6414F306AE
:104BB0001FD5836A4BBB6222164FC56A02FB01F107
:104BC00087FB0132CB17C3EB62132344013DC0E9DD
:104BD0000A3565B903EB830287FB0217D217C2EBD4
:104BE0006712023326F010061344C6808362F0BCBD
:104BF0007047622202FB01F185FB0123C917C1EB5B
:104C000063132344C362F0BC70479942B8BF19468E
:104C1000D1E700BF1F85EB5110B50446FEF7A4FC99
:104C2000606A036821461B6A9847E38823F02003E3
:104C3000E380002010BD00BFA0F10C00FFF7ECBF27
:104C400030B4456B002D0DDD836899420FD000F123
:104C50000802002303E052F8044F8C4208D00133CD
:104C60009D42F8D16FF47A72104630BC7047002331
:104C70006A1C023350F82210013D0022456340F8BF
:104C8000231030BC1046704782B070B50C4684B01B
:104C900005464968206802AC03C4039908AC481073
:104CA00084E80C00CB0745BF2A58029B029CD458CD
:104CB0000AAB2E1893E803008DE8030008AB0CCB79
:104CC0003046A04704B0BDE8704002B0704700BF56
:104CD00038B5446B0A2C1DD0002C0DDD8368994239
:104CE00015D000F10802002303E052F8045F8D4262
:104CF0000DD001339C42F8D10346A21C013440F888
:104D0000221008465C63FFF709FF002038BD6FF4EE
:104D10007A7038BD6FF47B7038BD00BF82B02DE96A
:104D2000F04708A981E80C00426B002A804619DD93
:104D3000314F051D0024012603E0A24283F83060B4
:104D400010DD55F8043FD8690168896CB94204F157
:104D50000104F2D08847D8F834202B68A24283F8A7
:104D60003060EEDC0120FCF719F9D8F83000DFF8EC
:104D70008CA003681B68534536D10026D8F8342030
:104D8000B146002A26DD0024274608F1040502E08A
:104D90000134A24219DD55F8040F90F83030002B91
:104DA000F6D0FFF7BBFE0128286802D0836AB34221
:104DB00004DC80F830903146FFF7F0FED8F834205C
:104DC0000134A24207F10107E5DC164417B1B6F53C
:104DD0007A7FD6DDD8F8300003681B68534506D1CA
:104DE000BDE8F04702B0704701219847C5E7BDE82C
:104DF000F047002102B01847619602008D9502002D
:104E000070B5074B03600025044645600E46FBF76E
:104E100029F9044BA680C4E90C552360204670BDD7
:104E200014740400047804002DE9F041044682B0B3
:104E30000E46154610309846BDF8287001F08EFADF
:104E400026806580182010F06AF908AB054693E8C3
:104E500003006A4682E803002E4603CA46F80C8B1C
:104E60000023084AEB6047F0020773606860204641
:104E7000A780A560E360C4E90833A9606A6102B055
:104E8000BDE8F081894C030070B5174A174B1568CF
:104E9000036090B00446C5B101222423CDE9043259
:104EA00004AB93E80300A38810268DE80300029664
:104EB000194606A82346FFF7B7FF2B680C4A9B68E4
:104EC00093420CD106A8FBF79FFF0A4B23600023F7
:104ED0002046E380FBF736F9204610B070BD284627
:104EE00006A99847EEE700BF643B00200478040061
:104EF000D50103001474040010B50446FFF7C4FF85
:104F0000204610F005F9204610BD00BF0020704774
:104F1000704700BF704700BF0020704700487047CF
:104F200016FCFFFF002070474160704740687047E3
:104F30000048704716FCFFFF704700BFC160704714
:104F4000C068003018BF0120704700BF0023C36055
:104F5000704700BF006903681B6918470069036850
:104F60005B691847006903689B69184703694160DA
:104F70001A681846D3691847C06810B103681B68DF
:104F800018470148704700BF12FCFFFFA0F108005E
:104F9000FFF7F2BFC06882B08DE80C0018B103685B
:104FA00002B01B68184702B0704700BFC16070476D
:104FB00010B5044601F0E0FC204610BD10B50446D3
:104FC00010F0A6F8204610BD10B5064B03F10802FC
:104FD0004033044602608360183001F0EDFC204647
:104FE00010BD00BF5878040010B5074B03F108024C
:104FF0004033044602608360183001F0DDFC204637
:1050000010F086F8204610BD5878040082B070B5C4
:105010000C4684B005464968206802AC03C4039975
:1050200008AC481084E80C00CB0745BF2A58029B07
:10503000029CD4580AAB2E1893E803008DE80300B5
:1050400008AB0CCB3046A04704B0BDE8704002B0BE
:10505000704700BF4B7F10B504462BB109690B6840
:105060001B689847204610BD0B77183101F09CFC57
:10507000204610BD30B5447F85B0054634B1C068C8
:10508000E0B103681B68984705B030BD01690B6843
:1050900068461B689847694605F1180001F094FCC2
:1050A000684601F089FC012368462B77AA8A40F202
:1050B000FF3101F033F9204605B030BD0048E3E789
:1050C00012FCFFFFA0F10800FFF7D4BF38B50C4B6E
:1050D00003F1080202600A680161044600254033BA
:1050E00083605368C560084604F108019847206949
:1050F000656003682946DB699847204638BD00BFD4
:105100009C78040038B5134B03F1080202600A686A
:10511000016104460025403383605368C56008463A
:1051200004F1080198472069656003682946DB6936
:105130009847094B03F108024033A360226004F151
:10514000180001F019FC0123A5822577637720461A
:1051500038BD00BF9C78040058780400417739B905
:105160002DE9F041858A82B01DB102B0BDE8F08121
:1051700070470446FFF76CFA1D4BA0821F688046FB
:10518000002FF2D028200FF0CAFF0646103001F0A1
:10519000E5F840F2FF3318203380A6F802800FF0C4
:1051A000BEFF144ACDE9002584466A46034603CA79
:1051B0004CF80C4BDD60CCF80450586099603A68AC
:1051C0000D49F56012205961B360B080C6E90855F9
:1051D00053683846314698470028C6D03046FBF71A
:1051E00013FE304602B0BDE8F0410FF091BF00BFA2
:1051F000643B0020954F03000D50030010B5054B94
:10520000054A8360002304460260C380FAF79AFFD0
:10521000204610BD1C7904001474040010B5074B1F
:10522000074A8360002304460260C380FAF78AFFBE
:1052300020460FF06DFF204610BD00BF1C79040012
:10524000147404002DE9184890F84430012B05D956
:10525000C388DB0602D590F845300BB1BDE818884D
:1052600004464830FBF7C2FC0028F7D10E4B186803
:10527000FDF7B2FAD4E91623821A61EB0303002B7F
:1052800008BF322AEAD3E068E388026823F01003FB
:10529000D269E38001219047E388022223F02003B2
:1052A000E38084F84420D9E7583B002090F844304C
:1052B000012B23D9C388DB0602D490F8453003B311
:1052C0002DE9F04FC1682DED0A8B0B688FB00446B5
:1052D0001B6805A89847E068DDF8148003681B691F
:1052E000984730F0040306460DD0082831D04FF41B
:1052F0008073A361DFEDC98A012709E0013380F8DB
:105300004430002070478023A361F7EE008A022713
:10531000059B5B8893FBF7F300931BB1A569009B8A
:10532000AB421CDA04F14800FBF760FCE388DB06C3
:1053300008D405A801F040FB00200FB0BDEC0A8B9B
:10534000BDE8F08FB64B1868FDF746FAC4E91601C0
:10535000EFE74023DFEDB38AA3610427D8E708F124
:1053600004030193DFEDB09A9FEDB09A9FEDB0BAC0
:10537000DFEDB0AA9FEDABAADFEDAFBA0023029339
:10538000019B1D4400219D42CDE90A11CDE90C117C
:1053900040F275810394DFF8A8A2DDF80880894601
:1053A0009B460C4601E09DF82C405AF826305846A2
:1053B0009847002818BF4FF00108002C00F0EF803C
:1053C0004845C0F2EC809DF83430002B00F0198184
:1053D0000C9B9842C0F21581BB445D45E3D8CDF8E3
:1053E0000880DDF8048047F6FE7334464FF0000B6A
:1053F000464698460DE00C9B98421DD05845C8BFC4
:105400000FFA80FB4045B8BF0FFA80F83E44B54222
:1054100018D95AF82430304698474845EBD19DF8C2
:105420002C30002BE7D000230EAA02EBC3034FF071
:10543000000203F80C2CE9E79DF83430002BDDD096
:105440000123F1E708F128025A4526464346039C0A
:1054500000F3B880ABEB030B0BEBDB7B4BF34F02A2
:1054600008EE102A6FF02709A9EB03034FF0000B99
:10547000DDF804800394D9461C4640465AF826308D
:105480009847B844204420EAE070454509F10109F5
:1054900000FB00BBF1D89BFBF9FB07EE90BAF8EEDE
:1054A000E77A039CF5EE407AF1EE10FAB1EEE7CA26
:1054B00000F1FA80F8EEC87A94ED097A67EEA87ADE
:1054C000C7EEA96A66EE877AC7EE897A17EE900A68
:1054D0000CF07CFD07EE100AF3EE047A67EE277AF3
:1054E00094ED0A7AF4EEC77AF1EE10FA40F1AA8050
:1054F00084ED077AE388A26943F02001E1800099F6
:10550000891A0091019911440191990709D494EDE8
:10551000077AD4ED047AB4EEE77AF1EE10FA00F3EC
:10552000A1805A0709D494ED077AD4ED057AB4EE38
:10553000E77AF1EE10FA00F1A38094F83C30002BEA
:1055400061D0D4ED107AB4EEE7CAF1EE10FA01DDC5
:1055500084ED10CADFED397AB4EEE7CAF1EE10FA45
:105560003ADDA36B01330022A3630123626384F855
:105570003C30009B23B1A569009B9D427FF700AFA3
:1055800004F148052846FBF731FB0028029B65DD46
:10559000002B3FF4CBAE2846FBF718FBC9E64FF0D3
:1055A00001038DF83430CDF8309000230EAA02EBC1
:1055B000C3034FF0010243F8100CDDF8289003F804
:1055C0000C2C09E75A1C12B2D21A02EBD27242F327
:1055D0004F0208EE102A45E7A36B023B0B2B06D8BF
:1055E000D4ED107AF4EEEB7AF1EE10FA55DA636B43
:1055F00084ED10AA00220133636384F83C20A26387
:10560000B7E70123D2E7B4EEEACAF1EE10FAE3DD20
:10561000636B132BE0DD84ED10CAA2E7000080432A
:10562000583B00200000000000FEFF46ACC5A73735
:10563000FFFF7F7F00004843000096430000C84200
:10564000C8200020F0EEE76AF4EE4B6AF1EE10FAA3
:1056500088BFF0EE477AC4ED077A4BE7002B7FF462
:1056600068AE63E601230222A18806A800F056FE78
:10567000E38823F0040343F00203E3805DE7FFDEE9
:1056800001231A46A18806A800F048FEE38823F00B
:10569000020343F00403E3804FE701230822A188BB
:1056A00006A800F03BFEA2E717EE900A0CF09EFE63
:1056B00000E700BFA0F10800FFF7F8BD2DE9F84FA3
:1056C000224D05600025456004460E461746994662
:1056D000DDF828A0DDF82CB0BDF83080FAF7C2FC68
:1056E0001B4AE66002F1080330322360A2602946BB
:1056F0002A4604F14800FBF713FAE2882564A4F86F
:1057000044503168C4F8149042F400534FF0000C38
:105710000122802043F01103A061E38030464B68F2
:10572000A4F804802761C4F828B0C4F824A0C4E910
:105730000D5584F83C50C4F81CC0226384F82C201A
:1057400004F1080198472046BDE8F88F147404005E
:10575000EC78040070B54F4E044630680D46FDF7F6
:105760003BF8E388C4E91601D80608D4E06802686B
:1057700043F01003E3800221D3699847E388990638
:1057800021D594ED077ADFED447ADFED446A77EEB8
:10579000677A6A1C67EEA67A08BF236BF5EEC07ABB
:1057A00018BF2B46F1EE10FA4CD4DFED3D6AF4EE53
:1057B000E67AF1EE10FA51DD022B08D0B5EE407A10
:1057C000F1EE10FA03D104F14800FBF7B3F93068A9
:1057D000FDF702F894ED077ADFED2F7ADFED2F6AFF
:1057E00077EE677A6B1C67EEA67A08BF256BF5EE3D
:1057F000C07AF1EE10FAC4E9160126D4DFED286A6A
:10580000F4EE667AF1EE10FAC8BFF0EE667A022D79
:105810001FD0F2EE026AF4EEE67AF1EE10FA0EDB39
:10582000B3EE056AF4EEC67AF1EE10FA07D877EE19
:10583000E67A9FED1C7AF7EE086AA7EEA67A17EED5
:10584000100A70BD022BB9D1BDE7022DDFED167A2B
:10585000DFD1B0EE677A17EE100A70BD022B16D0BA
:10586000F2EE026AF4EEE67AF1EE10FAA6DBB3EE9F
:10587000056AF4EEC67AF1EE10FA9FD877EEE67A72
:105880009FED087AF7EE086AA7EEA67A96E7B0EEE3
:10589000677A93E7583B0020000050420000AA407E
:1058A00000007F43000018420000000090F84530DF
:1058B00001334FF0FF3180F84530FFF74BBF00BF99
:1058C00090F84530013B80F8453070478162704761
:1058D000806A003018BF0120704700BF80687047A1
:1058E00081600020704700BFF0B5CB680D6A9D4213
:1058F000A8BF1D460C4683B001222946064604F186
:10590000100701A801F03EF801A9384601F05CF843
:1059100001A801F051F82069A1692A4604300FF06E
:1059200035FCA269236A2A445D1B002DA261256211
:105930002BD1636A002BC4BF03F1FF33636293B1C1
:10594000E36962692362002BA26104DDA06A036837
:105950001B689847236A33B13946304601F024F872
:10596000304603B0F0BD636A002BF5D194F82C30BB
:10597000002BF1D004F13000FBF714F93946304622
:1059800001F012F8304603B0F0BDDFDCE4E700BF01
:1059900038B504460C4B40F8103B04F1300500F0DC
:1059A000EBFF284600220121FBF7BAF80021012273
:1059B0004FF4807328462464A162C4E90223FBF7F4
:1059C000B9F8204638BD00BF2879040070B5856A53
:1059D0009DF810608DB1002A0FDD73B10446286870
:1059E0006362C4E90511036884F82C60C4E90722E6
:1059F0002846984794F82C3003B970BD04F1300064
:105A0000BDE87040FBF796B810B582B00024009452
:105A1000FFF7DCFF02B010BD0078704790F900007E
:105A2000704700BF00887047B0F90000704700BFA2
:105A30000068000A704700BF00680012704700BF8E
:105A400000687047006870470170704701807047B8
:105A5000018070470A120B14017042708370704706
:105A600001607047016070474069704708299ABF1C
:105A7000416100206FF47A70704700BF2DE9F04F4C
:105A8000D1ED087A89B08946FDEEE77A0490CDED34
:105A9000037A00F071FFD9F810000268126990478C
:105AA000D9F81470824617B9C9F814000746D9F816
:105AB000101001370A6807EBD7777B101268019343
:105AC00006A89047D9F8142006990AF1010808EBB6
:105AD000D87801324FEA680802EBD272B8EB620F55
:105AE0004B8893FBF8F700F08880019B07FB03F3DA
:105AF0001946012207A8059300F044FF07A904985E
:105B000000F062FF07A800F057FF049B069C1D6889
:105B1000002F04F1040405F1040577DD4B4600264F
:105B2000DFF8F4B00296B9461F465BF82A202046FB
:105B30009047019B97F828100246013628464444B6
:105B40001D4421B1029B13440293039BD21A07EE1A
:105B5000902AB8EEE77AD7ED077A7A692D4B67EE8F
:105B6000277A53F822207B6AFDEEE77A17EE901A27
:105B700019439047B145D8D13B464F46994699F8CD
:105B80002820FAB1DDED027A99F82920B8EEE77AFB
:105B900007EE907AF8EEE77AC7EE276A3AB1F6EEAA
:105BA000007A66EEA76A99ED087AE7EE276AD9F8D7
:105BB00018100122C9ED086A89F8292071B901225B
:105BC00089F82A20DDE90441204600F07BFF06A881
:105BD00000F0F2FE204609B0BDE8F08FFDEEE67A57
:105BE000039B17EE902AD21A002AB8BF5242914264
:105BF000E8DD012289F82A20E4E706A9049800F0EC
:105C0000E3FE019B07FB03F305937EE7002302936A
:105C1000B5E700BFEC200020C820002001707047CD
:105C20002DE9F04104461E46DDE906759046FFF772
:105C30004DFA134921603831A16004F12C0021464E
:105C4000FFF760FA0023082F4FF0000198BF67614B
:105C5000C4F81C8084F82860A5612162636284F81E
:105C600029303EB1B5FA85F35B0984F82A30204625
:105C7000BDE8F081012384F82A302046BDE8F08198
:105C8000547904002C30FFF7F5B900BFA0F10800EB
:105C9000FFF7F8BF10B5074B03F108024033044685
:105CA000026083602C30FFF78FF92046FFF744F93C
:105CB000204610BD4C790400094B10B503F10802D1
:105CC00040330446026083602C30FFF77DF92046A4
:105CD000FFF732F920460FF01BFA204610BD00BF37
:105CE0004C7904004369586903681B69184700BF71
:105CF0004369586903685B69184700BF034600227F
:105D000081610846C3E90722704700BF2DE9F041D1
:105D1000074600F1140400F13C05002654F8043F46
:105D200018464BB11B681B6A9847B04204DD2068D7
:105D300003681B6A98470646AC42EFD1786903684E
:105D40003146DB69BDE8F041184700BF00F114039C
:105D500000F13C0253F8040F78B110B4C4688C42CF
:105D600008D093420DD053F8040F0028F9D0C4682E
:105D70008C42F6D15DF8044B70479342EAD1002083
:105D8000704700205DF8044B704700BF436910B5B1
:105D90000446586903689B699847D4ED067A07EE74
:105DA000100AF8EEE77AC7EE277A17EE900A10BDD0
:105DB0000164704770B50C460546FFF7B7F8A0427E
:105DC0000AD021462846FFF7AFF8686903682146E4
:105DD000DB68BDE87040184770BD00BF10B5054BCB
:105DE00003F108024433044602608360FFF7A4F81D
:105DF000204610BDE079040010B5074B03F10802FE
:105E00004433044602608360FFF796F820460FF0A3
:105E10007FF9204610BD00BFE0790400094B10B5A2
:105E200003F1080234330446C0E900230C3000F0CB
:105E3000C3FD054B63600023201D6381FAF782F9DF
:105E4000204610BD9079040014740400A0F10400F1
:105E5000FFF7E4BF0B4B03F10802343310B50446DF
:105E6000C0E900230C3000F0A7FD074B636000235E
:105E70006381201DFAF766F920460FF049F92046A4
:105E800010BD00BF9079040014740400A0F1040058
:105E9000FFF7E0BFF0B583B001F10C04054601A89F
:105EA0000E4600F069FD01A9204600F09DFD074661
:105EB00001A800F081FD5FB171690B6801A81B6842
:105EC000984701A9204600F07FFD01A800F074FD6D
:105ED0002146284600F068FD284603B0F0BD00BF0B
:105EE00010B500F11402002352F8044F8C4204D084
:105EF00001330A2BF8D1002010BD026906330024BB
:105F0000013A40F82340026129B10B6808469B6AB8
:105F10009847012010BD012010BD00BF036C2BB1BC
:105F20001A7802F0FF030AB91846704770B50446A4
:105F300082B000F1140500F13C0655F8043F184604
:105F400013B11B68DB6A9847B542F6D101A800F08F
:105F500013FD01A904F10C0000F036FD01A800F0CA
:105F60002BFD014802B070BD12FCFFFFF8B50446DE
:105F700008200F4616460FF0D2F8034600250A4ABD
:105F8000026001465D602046FFF7A0F8074BE5611F
:105F900003F1080001214433206025626761E66057
:105FA000A360A1612046F8BD34780400E0790400C4
:105FB000F8B500F11403002453F8045F2DB1013447
:105FC0000A2CF9D100273846F8BD064624200FF0E8
:105FD000A6F82A4631460746FFF7C8FF336906345C
:105FE000013346F8247038463361F8BD2DE9F04F8F
:105FF0008B6985B0012B1746019056D04B695869C3
:1060000003681B690C469847431C03EBD3733A683B
:10601000A169B2F802804FEA630B064698FBFBF8D1
:1060200003A898FBF1F1012201FB0BB100F0AAFCDF
:10603000039D08FB0BF3002B05F104053CDD043345
:10604000DFF87880DFF8789000934FF0040A386822
:1060500058F8263050449847D4E90732A1690133F3
:1060600010448B420AF1010AC4E9073009DB90FBB6
:10607000F1F159F82630284698470023C4E9073340
:106080005D44009B5345E2D103990431691A03A88A
:1060900000F018FD03A9019800F086FC03A800F0A9
:1060A0008BFC019805B0BDE8F08F114600F07CFC38
:1060B000019805B0BDE8F08F0021E8E7C820002076
:1060C000EC20002030B50D4649690B6885B00446C8
:1060D0001B6902A8984702A903A800F065FC4FF0CD
:1060E000FF33294603AA204600930023FFF77EFFD3
:1060F00003A800F061FC02A800F05EFC204605B099
:1061000030BD00BFF8B50546124B13482860002487
:10611000C5E90134281D0E461746F9F7A3FF0F4BBA
:106120002B602C336B6005F10C0000F025FC6E61D8
:106130002F812C612C6405F1140305F13C0043F818
:10614000044F8342FBD1336830465B682946984749
:106150002846F8BD14740400E87804009879040017
:10616000B1F5007FA4BFC1F57F710331490088B24A
:10617000704700BFC1F58063B3F5007FB8BF194613
:10618000014B33F811007047287A040088B2704739
:1061900028B180B211FB00F0C0F30900704741F64E
:1061A000EF6011FB00F0C0F309007047B1F5007F0C
:1061B00040F2FF30A8BF0020704700BF024A1268BB
:1061C00002607E224260704710210020034A03468D
:1061D00092E8030083E80300184670475C3B002008
:1061E000A1F120035E2B07D8006805236FF09F0202
:1061F00013FB01210844704700207047034A044BF9
:1062000012681A607E225A60704700BF1021002079
:106210005C3B002010B40170427043605DF8044B99
:10622000704700BF82B030B402AC84E80C000D4669
:10623000034694E807009DF8144083E80700B4B1D2
:10624000687818B149425242C3E901126A68022AC9
:1062500011D0032A2AD0012A22D0012C15D0022CD9
:1062600005D1D3E9011249425242C3E9011230BCBF
:10627000184602B07047D3E90012012CC1F10001A9
:10628000C2F10002C3E90012E9D130BCD3E9001029
:106290009A68186052421846C3E9011202B070476A
:1062A000D3E90021524219605A60D6E7D3E90012BF
:1062B000524259601A60D0E782B010B582B004AC87
:1062C00084E80C000B78069C019304AB0CCB009483
:1062D0000446FFF7A7FF204602B0BDE8104002B019
:1062E000704700BF30B50B4B1C6883B024B12268E7
:1062F000094B15689D4201D103B030BD00F1080281
:10630000034692E803008DE8030020460CCBA84723
:1063100003B030BD643B00205D40030038B5018010
:10632000428004461D46FCF78DFCC4E9020115B10C
:106330002046FFF7D7FF204638BD00BFD0B5DDE9C6
:1063400004679DF8183001800446C0E90267428066
:106350000BB1FFF7C7FF2046D0BD00BF10B500232B
:1063600003600446FCF76EFCC4E90201204610BD40
:1063700030B50B4B1C6883B024B12268094B1568FB
:106380009D4201D103B030BD00F10802034692E8FE
:1063900003008DE8030020460CCBA84703B030BDB6
:1063A000643B00205D40030082B038B5002504A99D
:1063B0000560044681E80C00FCF744FC04AB0FCBFD
:1063C000256184E80F002046BDE8384002B07047E0
:1063D00010B50446006800F0AFFC204610BD00BFB9
:1063E000014B0360704700BF0880040010B50446ED
:1063F0000868206000F082FC204610BD10B50446FD
:1064000029B10160084600F079FC204610BD024B1E
:106410000360204610BD00BF088004000346024A06
:1064200000681A60704700BF0880040038B5044651
:106430000B680068984206D00D4600F07DFC286885
:10644000206000F05BFC204638BD00BF0068438838
:1064500082880021063002FB03F20EF0BBBE00BFB3
:1064600030B400684488A1420DDA8588AA420ADA6D
:10647000002908DB002A06DB084404FB0202002096
:10648000937130BC70476FF47A70FAE703685888EC
:10649000814211DA10B49C88A2420ADA002908DB92
:1064A000002A06DB0B4400FB023398795DF8044BAD
:1064B00070476FF47A70F9E76FF47A70704700BF35
:1064C0002DE9F047B1F1000A21DD1D46FBB104685A
:1064D000A788B4F802809742A8BF1746D045A8BF46
:1064E000D046002F814604F106040DDD0026294622
:1064F000204642460EF04AFED9F8003001365B884D
:10650000BE4255441C44F2D10020BDE8F0876FF430
:106510007A70FAE72DE9F0410F1E19DB002A17DB2C
:106520000446062007FB02001E461546FAF7E2FB6A
:10653000206000F029FC23685F8023689D805EB1A5
:1065400033462A4639462046BDE8F041FFF7B8BF3A
:10655000074B0360BDE8F08120684388828831469C
:1065600002FB03F20630BDE8F0410EF033BE00BF7F
:106570000880040010B500230446FFF7CBFF204637
:1065800010BD00BF2DE9F041054684B000294FD071
:106590000A780C46002A51D000218C460F460E4640
:1065A000234607E00A2A39D00EB10137002613F836
:1065B000012F42B1A2F130000928F3D813F8012FBE
:1065C0000126002AF6D109B20FFA8CF200232846E0
:1065D000FFF7A0FF2F6823780637DBB101AE324604
:1065E0004FF0000804E002F8013B14F8013F8BB1C2
:1065F000A3F130010929F6D9B24282F80080F4D91A
:1066000030460EF0B0FD07F8010B14F8013F32469A
:10661000002BEDD1284604B0BDE8F08106B101376A
:10662000B942B8BF394600270CF1010C3E46BEE71F
:10663000034B0360284604B0BDE8F0811146C5E76E
:106640000880040010B50446FFF764FF204610BD23
:106650002DE9F84F05689DF82840B5F802C062455D
:106660004FDAB5F804E073454BDAD1F800B0BBF867
:10667000029002EB0907002F43DDBBF804A003EBF7
:106680000A08B8F1000F3CDD002A55DBACEB02072D
:106690004F45A8BF4F46002B0BF1060660DBAEEB63
:1066A0000308D045A8BFD04622EAE27205F10609E8
:1066B0000BB10CFB032291443CB3B8F1000F20DD79
:1066C0004FF0000E724607F1FF3A002F0FDD731EE8
:1066D0004C4606EB0A0C13F8015F0DB12570013230
:1066E0009C4504F10104F6D10568D1F800B0BBF86F
:1066F00002406B880EF1010EF04526449944E4D126
:1067000000E000221046BDE8F88FB8F1000FF8DD78
:106710000D4682463A46314648460EF037FD2A6815
:10672000DAF8003052885B880134A0451644994459
:10673000F0D107FB08F2E5E76745A8BF6746002BE5
:106740000BF1060612DAF045A8BFF046C2F1000CC4
:1067500009FB13C31E4422EAE27205F10609AAE707
:10676000F045A8BFF0464FF0000CF1E7AEEB030890
:10677000D045A8BFD046B61A96E700BF2DE9F04332
:10678000804683B0684691461D460C46FFF71EFDC5
:10679000D8F800305A88914533DA9B889D4230DA28
:1067A0001F2C2ED9019B9C422BDC21466846FFF70B
:1067B00017FD4FF0100E07462B1A053007EB030CA0
:1067C0000021D8F80040658801EB0906B5420EDDCE
:1067D000A288624534444EFA01F208DD3E780CFB93
:1067E0000544164214BF4FF0FF320022A27101315E
:1067F0000529E6D10137B842E0D1002003B0BDE859
:10680000F0836FF47A70F9E72DE9F04103680D1E0B
:106810005F8826DDBD4203F1060480469A8817DAB8
:106820009AB17F1B002661193A4620460EF0AEFC55
:106830002A46E01900210EF0CDFCD8F800305A8825
:106840009B8801369E421444EDDB0020BDE8F081B8
:1068500007FB02F2204600210EF0BCFC0020BDE840
:10686000F0816FF47A70F1E72DE9F84F00AFD1F8BD
:106870000090BE6AB9F80240F96A02EB0608A0452A
:106880001D468246194432DAB8F1000FD8BFA0463F
:10689000B9F80460B14202DA0029C8BF0E4608FB0D
:1068A00006F3073323F0070304FB0522ADEB030DCA
:1068B00009F10604AE421444EB460DDD6B46424638
:1068C000214618460EF062FC0135B9F80220034655
:1068D000AE4233441444F2D150465B4632B20FFA12
:1068E00088F1FFF717FE5046BD46BDE8F88FA04679
:1068F000CEE700BF10B5096804468B1DB1F904202E
:10690000B1F90210FFF706FE204610BD10B5064B88
:10691000064C1846236000F0F1F92046044A054968
:10692000BDE810400EF0F6BB08800400683B002074
:1069300040200020D1630300F8B50546101D144621
:106940001F460E46FAF7D6F9286000F01DFA2B68AC
:106950005C802EB128683146043022460EF016FCC9
:10696000012F00D0F8BD2868224604300021BDE880
:10697000F8400EF02FBC00BF014B0360704700BF12
:1069800010800400002910B5044606DD13460A46AF
:106990000021FFF7D1FF204610BD024B03602046C7
:1069A00010BD00BF1080040010B5044608682060C8
:1069B00000F0A4F9204610BD10B50446006800F0B0
:1069C000BBF9204610BD00BF38B504460B6800680F
:1069D000984206D00D4600F0AFF92868206000F01C
:1069E0008DF9204638BD00BF0068096888420ED086
:1069F00008B543884A889A4201D0002008BD043176
:106A000004300EF0B4FBB0FA80F0400908BD01205C
:106A1000704700BF38B5151E13DB04686288A8B242
:106A200090420ED833EA230328BF1346521B9A42E2
:106A300004F10404A8BF1A4660190EF0CBFB002035
:106A400038BD6FF47A7038BD002B70B50D4602DA90
:106A500003685B889B1A002A21DB04686688991802
:106A6000B1421CDC91421ADBCBB135F0004116D0AB
:106A70005942A94214DAAB4212DD0434002D04EB72
:106A8000020612DB5C1B2246711930460EF089FBB0
:106A90002A4630190021BDE870400EF09BBB70BD46
:106AA0000021BDE87040FFF7B5BF6C425A1931466E
:106AB00030190EF076FB224630460021BDE87040CA
:106AC0000EF088BB002906DB03685A888A4202DB85
:106AD0005980002070476FF47A70704710B50446F3
:106AE000006800F029F9204610BD00BF70B50546CA
:106AF000501D14460E46FAF7FDF8286000F044F9E0
:106B00002B685C8028682246314604300EF03EFB3C
:106B10002B681C440023237170BD00BF10B50B46C9
:106B200084B0044601A91846F9F796F901A80EF0B9
:106B30008DFB01A902462046FFF7D8FF204604B08E
:106B400010BD00BF38B5054611B10B780C461BB916
:106B5000064B2B60284638BD08460EF077FB2146D1
:106B600002462846FFF7C2FF284638BD14800400BD
:106B7000F8B517460A683B68B2F90250B3F902301B
:106B80001D440446681D0E46FAF7B4F8206000F074
:106B9000FBF823685D8031682068B1F90220043079
:106BA00004310EF0F3FA326823683968B2F9020052
:106BB000B1F902200433184404310EF0E7FA2368D7
:106BC0001D4400232B712046F8BD00BF70B505465B
:106BD00049B10B780C4633B1084616460EF036FB29
:106BE000B3B2834203D9054B2B60284670BD2846BB
:106BF00032462146FFF77AFF284670BD1480040014
:106C000010B504460868206000F078F8204610BDF2
:106C1000014B0360704700BF1480040038B5044680
:106C20000B680068984206D00D4600F085F8286889
:106C3000206000F063F8204638BD00BF08B500684A
:106C4000096843884A889A4201D0002008BD04316F
:106C500004300EF0F1FAB0FA80F0400908BD00BF30
:106C600070B513680D685E8804465EB16D881DB10D
:106C7000FFF77EFF204670BD0360184600F03EF827
:106C8000204670BD0560284600F038F8204670BDEB
:106C9000002907DB0368B3F902208A4202DD0B44B6
:106CA000187970470020704710B5064B064C1846FF
:106CB000236000F023F82046044A0549BDE810404F
:106CC0000EF028BA148004006C3B00204020002005
:106CD000DD6A030008B503884FF6FF729BB293424A
:106CE0000AD0012B01D0DB0704D41E20EAF75CFC9C
:106CF000002008BD002008BD012008BD03884FF614
:106D0000FF729BB2934215D0012B10B504460DD0F3
:106D1000DB070BD5BFF35B8FD4E85F3F0233C4E8DA
:106D2000523F002AF8D1BFF35B8F10BD1E20EAF757
:106D30003BFCEFE7704700BF03884FF6FF729BB242
:106D4000934218D0012B10B5044610D0DB070ED5A6
:106D5000BFF35B8FD4E85F3F9A1EC4E8512F002930
:106D6000F8D1BFF35B8F9BB2032B05D010BD1E2063
:106D7000EAF71AFCECE770472046BDE8104000F047
:106D800001B800BFF9F7DCBF03230380704700BFE1
:106D900082B070B582B0044608A906A880E80C004D
:106DA00003C9266865698DE8030006AB0CCB304645
:106DB000211DA84702B0BDE8704002B0704700BF77
:106DC00008B502680B689A4201D0002008BD043162
:106DD000102204300EF0CBF9B0FA80F0400908BD63
:106DE000042070470429024808BF0020704700BFF4
:106DF00016FCFFFF836805481B6990FBF3F007EE64
:106E0000900AF8EEE77A17EE900A704740420F00BA
:106E1000837D43F020038375704700BF807DC0F3FE
:106E20004010704710B50C310446FFF7BDFD2046F9
:106E300010BD00BF084B094A0321C3F80815D2F85A
:106E40000034DB07FBD40123936090F80832002B59
:106E5000FBD10120704700BF00F0014000700040EE
:106E6000F8B504460F4B03600025816004F11C0651
:106E70000C301746FFF780FD21463046A575FEF71A
:106E800041F9E368E7755B8863824FF4007202237F
:106E900030462582A5762946A2822383FEF75EF935
:106EA0002046F8BD68800400807D00F01000704727
:106EB000072914D8032A12D810B4C37D01761B0108
:106EC00003F1804342F4805403F5E043427644EA00
:106ED00001210020C3F818155DF8044B70476FF4CA
:106EE0007A7070478176704710B5898A044600220F
:106EF000FFF748FD20464FF0FF3300228821FFF7BF
:106F000089FD204610BD00BF38B50446806903687E
:106F100000219B6B9847A06903684FF47A51DB6CA2
:106F200098472269A17D07EE902A01290B46F8EEC9
:106F3000677AB8BF012303EB8303B3EE007AB2FB99
:106F4000F3F3FF2B67EE877A2FD9802300225B10A3
:106F500002F10102FBD101293AD92649072AC1F8D9
:106F6000F4352BDD9FED247A67EE877A4FF480723B
:106F7000C4F80422A069FDEEE77A03680021DB6B08
:106F800017EE902A9847A3691C4A5B691C480121A7
:106F900003F5A0740225C3F80012C2F80855C2F820
:106FA0001845C2F81C05D96038BD5B10CED1012947
:106FB0001DD910490122C1F8F435D9E7012303FA9C
:106FC00002F207EE102AB8EEC77AC7EE877ACFE74B
:106FD0000123934007EE103AB8EEC77AC7EE877ADE
:106FE00004490123C1F8F425C4F80432C2E71A4663
:106FF000F6E700BF007000400000803B00F0014059
:10700000047000402DE9F047504D0560002582B026
:10701000456004460E4691469A46F9F723F84C4AD5
:10702000A66102F1080330322360A26021462A469D
:107030002573657304F11C00FFF712FF214604F16C
:1070400058000122FFF70CFF214604F194000222B0
:10705000FFF706FF214604F1D0000322FFF700FFEF
:10706000214604F586700422FFF7FAFE214604F556
:10707000A4700522FFF7F4FE214604F5C270062233
:10708000FFF7EEFE04F5FE770722214604F5E070D7
:10709000FFF7E6FE04F500763846FFF76DFC304654
:1070A000FFF76AFC4FF001084FF40073A3822146FA
:1070B00001A8A4F804A0C4F81090A57584F808529B
:1070C000C4F80482FFF710FF01A93846FFF77CFCE3
:1070D00001A8FFF771FC214601A8FFF705FF01A9F0
:1070E0003046FFF771FC01A8FFF766FC194E1A4BFA
:1070F000E57580271C60C6F88070BFF34F8FBFF323
:107100006F8F164B164AC3F800550320C3F8F005DD
:1071100014492320C3F80403C2F808852046C2F8A6
:107120001015C2F81435FFF7EFFE86F80753C6F8BE
:1071300080713760A06903685B6A9847A06903683B
:107140001B6B9847204602B0BDE8F087147404001A
:107150009080040000E100E0703B002000700040DF
:1071600000F0014004710040F0B5514D51492B68C9
:10717000514C524A85B0012600930B680193236855
:1071800002930023136017681660009A2A60019A20
:107190000A60029A2260A1F2446103222324C1F80A
:1071A00000351F46C1F8F0258E46C1F804431A4643
:1071B0009C468375064617E0CFB2877596F8353042
:1071C00096F8331096F8344043F480530EEB0111D7
:1071D00043EA0423082AC1F8183506F13C06C5F82D
:1071E0001025C5F814C51CD013019C1A00EB8404AB
:1071F00003F1804594F8324014F0100407F10101C6
:1072000005F5E04502F1010203F18043D4D103F515
:10721000E043082AC3F8104506F13C06C3F81445BC
:10722000E2D117B9384605B0F0BD254D0446012618
:10723000C5F80065FFF768FEE77D7F3704EB870739
:1072400003A82146FFF750FE03A93846FFF7BCFB11
:1072500003A8FFF7B1FBD4F80422A17DE07DA38A47
:10726000B24001FB02F204EB800093FBF2F702FB59
:1072700017329B1AD0F8FC21124801F1004103EBB0
:10728000D3730139043233410327C5F82C26C5F8DE
:10729000303602EB41022E6048F68801C0F80475D2
:1072A00084F8086213889942FCD0012005B0F0BD33
:1072B000407600404476004048760040FC7F004025
:1072C0000070004000F0014008B5034689B190F815
:1072D000083203F0FF011BBB184B194A19701368E1
:1072E0001849DB0903F00100DB0708701CD40020FB
:1072F00008BD144A12785AB9104A1278002AF6D0FA
:1073000093F80822002AF2D11846FFF72DFFEEE786
:107310000B4A80211160094A1278002AF0D1E6E771
:10732000FFF788FD0146D7E78023C2F88030BFF31E
:107330004F8FBFF36F8F002008BD00BF8043002038
:1073400000E100E07F43002038B590F808320446A1
:107350000D465BB9AB7D43F01003AB7594F8083272
:1073600013B92046FFF700FF002038BDFFF762FD8C
:10737000F0E700BF90F8082238B5044612B9016161
:10738000002038BD0D46FFF755FD25610028F7D0D8
:1073900094F80832002BF3D12046FFF7E5FEEFE723
:1073A00007EE901AB7EE007AF4EEC77AF1EE10FA13
:1073B00006D49FED137AF4EEC77AF1EE10FA06DDEB
:1073C0000368104A9B69934218D1FFF713BDC7EEBB
:1073D000276A10B504468068FDEEE67A17EE901A2B
:1073E000FFF7C8FF2368074A9B699342204603D1F1
:1073F000BDE81040FFF7FEBCBDE81040184700BFD5
:1074000000247449F56D030038B50D460446FFF7B6
:10741000B3FA02F003FEEB7D7F3305EB83012046D8
:10742000FFF7D2FA02F0ECFD204638BD30B5837D7F
:1074300013F0100483B002D1204603B030BD0446DF
:1074400001A8A168FFF7E0FF0023E57D1B481A466D
:1074500002F151010901415801B10133954202F194
:10746000010228D0082AF3D1154B01990A1D48F6CC
:107470008800D55A8542134412D0A5684988AD7D4D
:107480000A449A424FEA450502D805E09A4203D9D8
:107490002B4419888142F9D15B1BB3F90030238258
:1074A000248A01A824B2FFF787FA24EAE474A4B27C
:1074B000204603B030BD013B5B00D6E700700040C2
:1074C0002EF8FFFFF8B50E460446097D194815460B
:1074D000F9F734FDC8B1317D1648F9F7EBFC471ECA
:1074E000A5B13D01E91B8900631893F83230DB0632
:1074F00013D53368104ADB6D934214D10023ED1B82
:10750000237304EB850404F11C00F8BD3D01ED1B61
:1075100004EB850404F11C00F8BD1C312144204615
:10752000FFF712FFE5E73046002204F10801984713
:10753000EDE700BF18800400B996020031B18B7DE1
:10754000DB0601D4FFF700BF002070476FF47A70AC
:10755000704700BF29B338B58B7DDB060BD590F89B
:107560000842054604F0FF033CB98A7D02F0EF02B1
:1075700018468A7538BD002038BD0C46FFF75AFC06
:10758000A37D03F0EF03A3750028F4D095F808322B
:1075900003F0FF04002BEED12846FFF7E5FD20465F
:1075A00038BD6FF47A70704710B5837D02290446A8
:1075B00003F0100303D0012900D853B910BD002BEC
:1075C000FCD1837DDB060DD5A37D43F01003A375AD
:1075D00010BD01468068FFF7BDFFA37D03F0EF03F8
:1075E000A37510BD01468068FFF7AEFEECE700BF53
:1075F00038B500220546FFF765FF38B1044601465D
:107600002846FFF7A7FFA37DDB06FCD42B7B1BB12D
:107610002B6828469B699847002038BDA0F10800D8
:10762000FFF7E6BF2DE9F04F857D847EED0685B03E
:1076300005D54CB1013C847605B0BDE8F08F002C37
:10764000F8D105B0BDE8F08F0F68B7F802804FEAB7
:1076500068089045F0DD043707EB480807EB420760
:1076600000E0A846A8F10205EC1B641094FBF3F6B9
:1076700003FB1644002CF4D1B5F900200282827D70
:107680009206D9D5012B064649D0B0F91210C06830
:107690000A1DB84500EB020BB0F802A0CCD95D0082
:1076A00006F10C03A146019307E0B6F912305345E9
:1076B00030D0B845C0D9B6F91210514504F10104D3
:1076C00013D0B7F9003099440E9B9C422F44ECD163
:1076D00099FBF4F4ABF80040738A02331BB2002428
:1076E0000BF1020B7382A146E1E70122B6F91410F7
:1076F00003A8FFF747F903A90198FFF765F903A865
:10770000FFF75AF9F26800237382B2F802A002F17F
:10771000040BD6E706F11C00FDF7ACFCC9E70C3002
:10772000FFF752F9F3685B88738206F11C00FDF7DE
:10773000A1FC81E72DE9F0433B4BD3F8042185B050
:1077400005461AB9D3F81431002B42D095F81780AA
:10775000354F08F1010303F00103EB75D7F8341638
:1077600008F17F0805EB8808490040460024FFF730
:10777000A9F9264605F11C0902E00134082C1DD0A8
:1077800004F151031B01FB58002BF6D0414603A81E
:10779000FFF70AF9D5F80422AB7D0092C4EB041080
:1077A000324609EB800003A9FFF73CFF013403A830
:1077B000FFF702F9082C06F10106E1D11A4BD3F8C4
:1077C000042112B10022C3F80421174BD3F814216D
:1077D0001ABB154ED6F80031E3B1EC7D013404F04C
:1077E000010404F17F07294605EB870703A87E34CF
:1077F000FFF77AFB05EB840503A93846FFF7E4F8A9
:1078000003A8FFF7D9F86B6800220433C6F82C36BA
:10781000C6F8002105B0BDE8F0830022C3F81421AA
:1078200085F80822D5E700BF00700040024B1868B9
:1078300008B1FFF77FBF7047703B0020184B03F182
:1078400028022DE9F04106460360826000F5FE77CC
:1078500000F5017500E025462C1F2046FFF7ACF827
:10786000A742F8D1DFF84080243D06F11C0745F817
:107870001C8C3C3C2846FDF7A7FB04F10C00FFF7ED
:107880009BF8A742A5F13C05F1D1064B33600023DC
:107890003046F380F8F756FC3046BDE8F08100BF73
:1078A000988004001474040068800400194B03F1EC
:1078B00028022DE9F04106460360826000F5FE775C
:1078C00000F5017500E025462C1F2046FFF774F8EF
:1078D000A742F8D1DFF84480243D06F11C0745F8A3
:1078E0001C8C3C3C2846FDF76FFB04F10C00FFF7B5
:1078F00063F8A742A5F13C05F1D1074B33600023A3
:10790000F3803046F8F71EFC30460DF001FC30469F
:10791000BDE8F081988004001474040068800400BD
:10792000154A4369914218D9144A914221D901322A
:1079300010B44FF0C86000249142C3F80045C3F86A
:10794000240503D14FF0C462C3F824250622002089
:10795000C3F800255DF8044B70474FF0CC7200214E
:10796000C3F80015C3F824250622C3F8002500201B
:1079700070474FF08062F2E78FD003007F1A060055
:10798000704700BF10B504460DF0C2FB204610BD85
:10799000F0B585B004AC066804F8012D9DF82C7094
:1079A000009722461F46366A012305460C46B0471B
:1079B00038B92B68009021463A469C6A0A9B2846B3
:1079C000A04705B0F0BD00BFC3688B4210B50446A8
:1079D00006D003698B4203D0237953B9002010BD30
:1079E00023680022DB6B1146204698472379002B41
:1079F000F4D02368054A9B6B9342204603D10DF0D7
:107A000087FB002010BD9847E8E700BF8579030099
:107A1000C368002B3AD00369002B37D01A6870B5C1
:107A200004460121184613689847E068036801215D
:107A30001B6898470420F9F7B3FA0025E06803684B
:107A400002219B689847014608BB206903681B68B0
:107A500098470420F9F7A4FA2069036801211B68FC
:107A60000D4498470420F9F79BFA092DE6D1E06808
:107A7000036800211B6898470420F9F791FAE06831
:107A8000036801211B68BDE8704018477047002D4E
:107A9000EDD170BD38B5044615460A4600F10C011B
:107AA000FAF76EF82A4604F110012046FAF768F852
:107AB0006269E3680025C2F80055F3B12369E3B1B8
:107AC00001212046FAF75AF80621E06801F0F2F8A1
:107AD0000621206901F0EEF82046FFF799FFE068E3
:107AE000036802219B6898472069036802219B680C
:107AF000984729462046FAF741F80A20F9F750FA44
:107B0000D4E904239AB1107DE268AAB1147DC3F8C8
:107B100008054FF0CC710622C3F80C450A20C3F8C3
:107B20002415C3F80025F9F73BFA002038BDE268B8
:107B30004FF0FF30002AE9D14FF0FF34E7E700BFF4
:107B4000F8B504461D4617460E46FAF709F8002216
:107B5000104B2360C4E9022222615DB1284602F085
:107B6000CDFA606160B13A4631462046FFF792FF98
:107B70002046F8BD012002F0E3FA60610028F2D14E
:107B80005A20E9F711FD3A4631462046FFF782FFB9
:107B90002046F8BDCC8004002DE9F04143698EB247
:107BA00082B09A590546002A61D1D3F82441002CAD
:107BB00036D14FF00108334F10E0D3F8482592B981
:107BC000632C54DC0A20F9F7EBF96B699A59002A07
:107BD0004DD1D3F824211ABBBC4221D0D3F8502177
:107BE0000134002AE9D1632CECDDD3F860213AB1ED
:107BF000D3F80022D10503D5D3F84821002A32D08A
:107C0000D3F86021002ADDD0D3F800229205D9D51F
:107C1000D3F80421002AD5D1C3F814801446D1E743
:107C2000D3F8C424C3F8C4240022C3F82421D3F811
:107C30002421019201220199134C1A625A6101E038
:107C4000013C16D00A20F9F7ABF96B69D3F804317F
:107C5000002BF5D00D4CA86808B1F9F7A1F9204622
:107C600002B0BDE8F081C3F81C801446AAE70024E6
:107C7000F1E72B682A69DB6BE968044C28469847D2
:107C8000E9E700BF41420F00A08601000EFCFFFFA4
:107C900070B44469C1F34701C4F888150021C4F8E1
:107CA000041189B0D4F804610696069EC4F8241124
:107CB000D4F824610596059EC4F86011D4F860617B
:107CC0000496049EC4F85C11D4F85C610396039E8C
:107CD000C4F85011D4F850610296029EC4F84C11B9
:107CE000D4F84C619DF830500196019EC4F84425AB
:107CF000C4F8483575B14FF480720123C4F80022EE
:107D0000A360D4F84821DAB94FF4A47109B070BC6B
:107D1000FFF742BF4FF400720123C4F80022A360B2
:107D2000D4F84821A2B12362C4F84851D4F84831AC
:107D30000793079B4FF4827109B070BCFFF72CBF0B
:107D40002362C4F84811D4F848310793079BDBE756
:107D50004FF48271DAE700BF70B54469C1F347019F
:107D6000C4F888150021C4F8041188B0D4F804615F
:107D70000696069EC4F82411D4F824610596059E43
:107D8000C4F86011D4F860610496049EC4F85C11D4
:107D9000D4F85C610396039EC4F85011D4F8506186
:107DA0000296029EC4F84C11D4F84C619DF83050F4
:107DB0000196019EC4F83425C4F83835B5B94FF49E
:107DC00080520123C4F800222360D4F8482132B144
:107DD0002362C4F84851D4F848310793079B4FF405
:107DE000827108B0BDE87040FFF7D6BE0123236062
:107DF000D4F8482192B94FF4AE710446FFF7CCFE97
:107E000008B108B070BD6369012220464FF4A47127
:107E1000DA6108B0BDE87040FFF7BEBE2362C4F867
:107E20004811D4F848310793079BE4E70E4B03F160
:107E30002C0103F1380270B5C0E902120546036057
:107E400000F12C0600F13404043C2046FEF7B4FD9A
:107E5000A642F9D1054B2B6000232846EB80F8F7AA
:107E600071F9284670BD00BF148104001474040029
:107E700070B544690D7D00234FF0FF3604EB83029B
:107E80000133D2F86015A94208BFC2F86065042B1F
:107E9000F4D1037C13B103689B699847002070BD3F
:107EA000A0F10C00FFF7E4BF0F4B03F12C0103F12D
:107EB000380270B5C0E902120546036000F12C06D5
:107EC00000F13404043C2046FEF776FDA642F9D1C9
:107ED000064B2B600023EB802846F8F733F9284641
:107EE0000DF016F9284670BD1481040014740400C6
:107EF0004369D3F8080570479FED1F7A07EE901A83
:107F0000C7EE277A10B4B0EE677ABEEECE7A17EEDF
:107F1000101AB1F5004F29DB0023013341FA03F2B7
:107F2000B2F5004FF9DA072B04DD144B5DF8044B72
:107F3000184670471C4612FA03F348BF0F331B1153
:107F400007EE903ADFED0C6A4169F8EEE77A00231C
:107F500086EEA77AC1F80C45C1F808255DF8044BF8
:107F6000C0ED097A80ED087A18467047002417EEB4
:107F7000102A2346DFE700BF0024744900407AC47A
:107F80002DE9F843494D05600025456004460F463C
:107F900016469846BDF82090F8F764F844486761A3
:107FA00000F12C0200F13803C4E90223206025749B
:107FB000657404F12C00FEF7DFFC04F13000FEF7DD
:107FC000DBFC63693B4F66630126A4F80490E5611E
:107FD000657625852576A676E676C3F800554FF0BA
:107FE0008023C7E90033C7E9023341462046FFF743
:107FF00083FF6369304AC3F8045502270420302107
:108000009342C3F81075C3F84855C3F82855C3F810
:108010004C55C3F82C55A676E676C3F81465C3F81C
:108020000002C3F8041320D0244A93422FD0244ADC
:1080300093420CD0606B016801224D68227604F1F6
:108040000801C3F80025A8472046BDE8F8831D4A6B
:108050001D4B92681D49C2F8C81004221C49C3F880
:1080600084215A6063698C60E4E7194A154B1460F7
:108070009A681849C2F8B010A3F540634FF08052D7
:10808000C3F880211A6063690C4A9342CFD10D4A2C
:108090000D4B92681049C2F8C41002220C49C3F873
:1080A00084215A6063694C60C1E700BF1474040006
:1080B00014810400743B002000C001400010024005
:1080C0000020024000ED00E000E100E02983030011
:1080D000843B0020098303001983030007EE901AF4
:1080E000FEEECE7A10B417EE901AB1F5004F23DBF6
:1080F0000022013241FA02F3B3F5004FF9DA072A00
:108100001FDC14464169DFED106AC1F80C45C1F867
:108110000835934048BF0F331B1107EE903AF8EE35
:10812000E77A002386EEA77AC0ED097A80ED087A17
:1081300018465DF8044B7047002417EE903A22462B
:10814000E0E76FF47A73F3E700247449406A7047FC
:1081500043690020C3F81015704700BFC2768176CE
:10816000436939B93022C3F81415C3F80012C3F8B3
:1081700008237047012004213022C3F81405C3F8F6
:108180000012C3F80423704770B590F929300446F3
:1081900082B0C0696BB1626901235360D2F80431C7
:1081A000002BFBD0002565762585D0B9002002B0D4
:1081B00070BD0D46F0B9A37E002BF7D0637E002B77
:1081C000F4D0E37E002BF1D163691C4903EB451524
:1081D00008220123C5F82015C5F8242584F8293084
:1081E000E5E723680138E061DB69204698472846C7
:1081F00002B070BD616B0B6805F10B061B6801A82E
:1082000004EB8606984701A93046FEF7DDFB01A87E
:10821000FEF7D2FB04EB85026369D16AE26903EBE6
:1082200045150B1DC5F820354988531E49100120FE
:10823000C5F82415E36102B070BD00BF743B002097
:1082400038B5C369817E01330446C36119B1637EC9
:1082500063B1002038BDFFF797FFC8B16369012201
:108260009A60A37E002BF2D1002038BD01256576EF
:1082700094F828102046FFF787FF94F828302B4405
:108280002B4084F828303BB9636901229A60E0E70B
:10829000E37E002BE5D0E1E7E3691BB900236376B9
:1082A000002038BD29462046FFF76EFF94F828309D
:1082B000013303F0010384F82830002BEED1E3E70B
:1082C000A0F10800FFF7BCBF38B54369D3F810210F
:1082D000044672B9D3F8143103B938BD002584F8C7
:1082E000285001212046FFF74FFF6369C3F814515E
:1082F00038BD012380F828300021FFF745FF63696E
:108300000022C3F81021E5E7024B186808B1FFF717
:10831000DBBF7047843B0020024B586808B1FFF771
:10832000D3BF7047843B0020024B986808B1FFF729
:10833000CBBF7047843B0020426900230376C2F81C
:1083400000357047032A26DC70B502F5AC76426929
:108350000B7D52F826209A421BD00B680C4605462E
:108360001B6E08469847236800211B6820469847E3
:108370006A692368217D42F82610204605F10C0128
:10838000DB6D00229847E38843F00803E380002078
:1083900070BD002070BD6FF47A70704703681B6A6F
:1083A000184700BFF8B5C7688F4208D00546164683
:1083B0000C4617B103681B6E98472671EC60F8BD38
:1083C00010B5036804465B6C9847236820465B68D9
:1083D000BDE81040184700BFF0B40479A40728D5C1
:1083E000002922DB002A20DD002B1EDDB4294FF4FA
:1083F0007A74A8BFB42104FB01F10F4F05680F4E3A
:108400002D6B8908A7FB017102EBD277A3EB670301
:1084100004FB03F3890802FB013286FB0231D21709
:108420002B46C2EBA111F0BC18476FF47A70F0BC78
:1084300070470348FBE700BF176CC116D34D6210AD
:1084400016FCFFFFC08800F00500003018BF0120B7
:10845000704700BF037D0B4A1F2B98BF4FF0A0420F
:1084600003F01F03D2F81415012202FA03F30B42A2
:1084700006D1C08800F00A00003018BF0120704704
:108480001046704700030050C08810F0030018BF6A
:1084900001207047C08800F00C00003018BF012098
:1084A000704700BF03684FF47A729B6B02FB01F1C7
:1084B000184700BF08B50368DB6B9847024BA3FB66
:1084C0000030800908BD00BFD34D6210027D0F4B04
:1084D000202A38BF4FF0A04302F01F0203EB8203B3
:1084E0000129D3F80027417122F00C0207D002299C
:1084F00008BF42F00C02C3F800270020704742F08A
:108500000402C3F800270020704700BF000300509A
:10851000D0F8103521EA0301C0F81815704700BFE4
:10852000D0F810351940C0F81815704738B50379E0
:108530009A071ED5C3885B07044602D403681B6EE6
:1085400098470D4B1868A0B101222146FEF7BAFFEB
:10855000054670B1E06810B1F9F70EFB18B9E38871
:1085600043F00403E3802846FEF760FFC0F30F10DA
:1085700038BD024838BD00BF543C002016FCFFFF48
:1085800070B52DED028BC38882B01B07019137D5E2
:108590001C4D1D4C286808EE101AFFF7A9FCF8EED8
:1085A000487A08EE900A17EE901A2868FFF796FDB1
:1085B000F8EEE88A04F108062388286807EE103AE6
:1085C000B8EE478AFFF794FC07EE900AB8EEE77A18
:1085D00027EE087AC7EE287AFCEEE77A17EE903A93
:1085E00024F8023BB442E7D1084B07491868082237
:1085F0000123FDF709FA002002B0BDEC028B70BD2B
:108600000348F9E7583C00205C3C0020643C002013
:1086100016FCFFFF38B5027D1B4B202A38BF4FF0F8
:10862000A04302F01F020125D3F8144505FA02F217
:10863000144224D10D460446D1B9C3F80C2518467E
:108640001146FFF76DFF217D0F4B202938BF4FF0FA
:10865000A043D3F81435134213D0236820461B6E71
:108660009847236829461B6820469847002038BD54
:10867000C3F8082518461146FFF74AFFE3E7002034
:1086800038BD024838BD00BF0003005012FCFFFF98
:1086900038B5C3889B0704460D4614D5C06810B191
:1086A000F9F76AFA78B1227D012302F01F018B40AD
:1086B0008DB31E491F2A8CBF0A464FF0A0420020EE
:1086C000C2F8083538BD236820461B6E9847217DC7
:1086D000164B202901F01F004FF0010238BF4FF068
:1086E000A0438240A5B9C3F80C2520290F4BE2888E
:1086F00038BF4FF0A04303EB800342F00202D3F8EF
:10870000001741F00101C3F800170020E28038BDD6
:10871000C3F80825E9E705491F2A8CBF0A464FF030
:10872000A0420020C2F80C3538BD00BF0003005045
:10873000C388DB0770B5044616D5C06810B1F9F7D9
:108740001BFA88B1237D2049202B38BF4FF0A04170
:108750000122D1F8101503F01F0302FA03F30B42B4
:1087600014BF1046002070BD2368174D1B6E2046B5
:108770009847237DE0882168202B03F01F0234BF37
:108780004FF0A0432B4603EB820340F00102D3F8E5
:1087900000074E6C617920F00300C3F80007E28007
:1087A0002046B047237D202B38BF4FF0A045012243
:1087B000D5F8101503F01F0302FA03F30B4214BFA0
:1087C0001046002070BD00BF0003005008B5C388EC
:1087D0001B070AD5064B1868FFF7B8FC07EE900A8E
:1087E000FCEEE77A17EE900A08BD024808BD00BF0C
:1087F000583C002016FCFFFF38B50368234A9B6AEB
:10880000934204461DD1C588C5F38025C5B9E068EB
:1088100010B1F9F7B1F9B8B1227D1D4BE1881F2ADB
:1088200098BF4FF0A04302F01F0203EB820301F454
:108830003062D3F8001721F44031C3F80017E2800A
:1088400038BD98470546E1E7E068E388026843F4ED
:1088500080631268E380214690470E4BE1681B68F5
:108860000BB103F10C05A942227D02D00023E36085
:10887000D3E7094BFF25181D13F9011B914208BFCF
:1088800003F8015C9842F7D1F0E700BF09960200B7
:1088900000030050583C00201421002070B504460D
:1088A00015464FF480760E482371012200232F2DA8
:1088B00021812575E68020606271C4E9033302D905
:1088C0003220E8F771FE074A0749084B42F8254075
:1088D0004FF000454022C1F804531A60204670BD95
:1088E00058810400903B00200060004000E100E05F
:1088F0000379DB0755D5F0B5C388DA0683B00D469A
:10890000044603D5C3F3C023994223D023682046ED
:108910001B6E9847012D23682ED05B682046984730
:1089200023682420DE6D0CF0FAFB00232289074621
:10893000CDE9003321460123FAF71AFF07F10C01B4
:1089400001222046B047E38823F400639BB243F042
:108950001103E380012DE0680AD038B150F80C3CD7
:10896000DB690C3803B0BDE8F04018470368FFDE50
:108970000028F3D10368FFDE3420DE6D0CF0CFFB5E
:10898000094A40F6AC53074612682146FCF79EF8A8
:108990002A4607F10C012046B047E38843F4006300
:1089A000D5E70248704700BF503C002016FCFFFF8F
:1089B000C188C1F3C021FFF79BBF00BF10B50446BB
:1089C00084B00A46002368462189FDF7A7FCE368C6
:1089D0004BB1029AD96ADA626846521A0023CDE98D
:1089E0000223FDF7C5FC04B010BD00BF10B5C3885D
:1089F000590684B0044609D49A060DD41B0603D543
:108A000023690BB10120984704B010BD0521FFF781
:108A1000D5FFE3889A06F1D5012302222189684611
:108A2000FDF77CFCE388E9E710B5C388590684B0FC
:108A3000044609D49A060DD41B0603D523690BB14D
:108A40000020984704B010BD0421FFF7B7FFE3886A
:108A50009A06F1D50123032221896846FDF75EFCC1
:108A6000E388E9E72DE9F04BD0F8204584B00546CE
:108A700074B3DFF890800E4601274FF01F0BB4FA55
:108A800084FCABEB0C03991907FA03F258F8219018
:108A900024EA0204B9F1000F18D0B9F8062012F048
:108AA000E00F05EB83030FD0D3F8002782F4803268
:108AB000C3F80027D3F8003713F4803F48461CD092
:108AC000FFF794FFB9F80620930508D4002CD4D101
:108AD0004FF0FF33C5F8203504B0BDE8F08BF8F750
:108AE00009F80028F2D00123052240F2FF31684640
:108AF000FDF714FC002CC0D1EAE7FFF795FFB9F8A9
:108B00000620E1E7903B002008B5094BD3F87C2113
:108B100002B908BD0021C3F87C114FF0A040FFF757
:108B2000A1FF20210348BDE80840FFF79BBF00BF1D
:108B30000060004000030050C38813F0E00F70B5E0
:108B400004460D4640D05A060ED423F0E003022D11
:108B50009BB218D0032D22D0012DE38004BF43F037
:108B60008003E380002070BD032D11D0E06803680E
:108B700021461B689847E388002223F0E003022D7A
:108B80009BB2E260E8D143F02003E380002070BD97
:108B900023F0E00343F04003E380002070BD43F086
:108BA0004003E38030200CF0BAFA2146054608F075
:108BB000E1FAFAF747F82368E86229462046DB6DB8
:108BC00001229847002070BD03685B689847237DA9
:108BD000114A1F2B98BF4FF0A04203F01F0302EB76
:108BE0008301D1F8006726F44036C1F8006758B118
:108BF000D1F8000740F44030C1F800070121994046
:108C0000E388C2F820159EE7D1F8000740F4003051
:108C1000C1F80007F2E700BF0003005000B583B0C1
:108C2000042920D8DFE801F0100A0A0A03000368CB
:108C3000DB6A9847002003B05DF804FBFFF77CFF78
:108C4000002003B05DF804FBC38803F0F0031BB9F8
:108C5000084603B05DF804FB036801911B6E98475A
:108C600001990846E7E76FF47A70E4E738B50368DE
:108C700004465B680D469847E3885B0605D52946A0
:108C8000E068BDE8384008F003BB2368084A5B6D24
:108C900093424FF00301204607D1FFF74DFF2946CD
:108CA000E068BDE8384008F0F3BA9847E7E700BF4E
:108CB0001D8C0300072913D8027D0B4B202A38BFD7
:108CC0004FF0A04302F01F0203EB82030020D3F811
:108CD000002722F4E06242EA0121C3F8001770473E
:108CE0006FF47A70704700BF0003005010B4037D2A
:108CF0000C4A00290CBF00244FF440741F2B03F0D2
:108D00001F018CBF13464FF0A04303EB81030020EB
:108D1000D3F8002722F4E0622243C3F800275DF86D
:108D2000044B704700030050027D0B4B202A38BFD4
:108D30004FF0A04302F01F0203EB8203D3F8002799
:108D400022F44032C3F80027D3F8002742EA014159
:108D5000C3F80017704700BF00030050F0B5154C72
:108D6000236883B0CBB1144D2E6816B1002003B038
:108D7000F0BD38200CF0D3F92268104B10491324B1
:108D800007460094FFF7FCF83846314601222F6071
:108D9000FFF7E4F9002003B0F0BD44200CF0BFF968
:108DA0000546FCF7F5FD284603212560FCF798FDF4
:108DB000D9E700BF643C0020583C00200000484236
:108DC00000C0014003799B0760D5B1F5806F5FD289
:108DD000C3881A072DE9F04105460E4602D4036800
:108DE0001B6E98472C4F297D3A464FF0FF340023E5
:108DF00012F9010B884208BF1C460133042BF7D13E
:108E0000631C2FD0DFF8A880E86810B1F8F7B4FE33
:108E100018B9EB8843F00803EB80D8F800001F4D29
:108E2000FFF766F807EE906ADFED1D6A1D4AB8EE9F
:108E3000E77AF7EE007AE7EE667A2946012307EE35
:108E4000100AB8EEC77A106867EE877A0822FDEE3E
:108E5000E77A17EE906A25F81460FCF7D5FD00203C
:108E6000BDE8F0812846FFF779FF0F4BDFF840801F
:108E70001C78297DD8F80000013404F00304224650
:108E8000395529461C70FFF75DFABDE70748704762
:108E90006FF47A70704700BF142100205C3C002002
:108EA0000000803A643C00207023002016FCFFFF85
:108EB000583C002070B5174D2DED028B044608EE8E
:108EC000101AFFF74BFF2868FFF740F9DFED127A21
:108ED00007EE100AB4EE677AF1EE10FA04D02868B3
:108EE00017EE901AFFF7FAF8DFED0C7A9FED0A7A89
:108EF0002368B8EE488A204628EE278ADB68C8EE49
:108F0000077ABDEC028BBDE87040FDEEE77A17EE04
:108F1000901A1847583C002000409C4600008044AE
:108F20001F4B026A9A4220D01E4B994209D94FF03A
:108F3000004143698B4202D00023416183760020C7
:108F40007047194B99421FD8184B99421FD8184B9C
:108F500099421FD8174B99421FD8174B99428CBF83
:108F60004FF080614FF00071E3E7144B994202D952
:108F70004FF0A051DDE7A3F57403A3F51053994218
:108F8000D2D94FF02061D4E74FF08041D1E74FF0C4
:108F90000051CEE74FF08051CBE74FF00061C8E7BA
:108FA00000F00240FF117A00FF083D007F841E00A0
:108FB0003F420F001FA107008FD00300FF47E801C9
:108FC000082A4FF000034176837614BF6FF47A705D
:108FD00018467047704700BF10B504460CF098F86B
:108FE000204610BD036AD3F8182182B100B50022D3
:108FF000C3F8182187B0D3F81811436A0191019979
:1090000033B14262806A984707B05DF804FB70474D
:1090100001230322182102A8FDF780F9F4E700BF1D
:1090200070B5012104468176F8F7A8FD236AA0688F
:109030000021C3F80015002873D003681B68984707
:10904000A068627E0368012A5B6C8CBF022101214B
:109050009847A368E0681D7D002867D003685B68B7
:109060009847E068627E0368012A5B6C8CBF02212E
:1090700001219847E36820691E7D617E00285BD04E
:109080000368012994BF002101211B6898472369C7
:10909000617E187D236A6269C3F808050139C9B287
:1090A0000229C3F80C55C3F81065C3F824259CBFEA
:1090B000264A52F8211094F9182088BF0021002573
:1090C000C3F8541542200721AA42C3F8C055C3F87B
:1090D0000403C3F8001532DB02F1604202F561427D
:1090E000E02382F8003394F91830002B13DB590980
:1090F000603103F01F030122154802FA03F340F820
:10910000213094F91830002B05DB03F01F015B09B7
:109110008A4040F8232020460121BDE87040F8F73E
:109120002DBDE0684FF0FF35002897D12069617EA2
:109130004FF0FF360028A3D14FF0FF30AAE7054BD0
:1091400002F00F021344E0221A76CCE7C481040037
:1091500000E100E0FCEC00E070B5044616460A466B
:1091600000F108011D46F8F70BFD324604F10C0131
:109170002046F8F705FD2A4604F110010025204697
:10918000F8F7FEFC2046A576FFF74AFF284670BD9B
:1091900038B504460498174DA1600021C4E90323A3
:1091A000256021716171C8B100F0A8FF2062D8B1BB
:1091B00001F018F863692076B3F1805F1CBF4FF0AF
:1091C0008053636100220023A276206A6376636283
:1091D0002246094901F03AF8204638BD042000F043
:1091E000AFFF20620028E3D15A20E8F7DDF9206ABA
:1091F000DEE700BFD8810400E58F03002DE9F047CA
:10920000847E82B005468A46DDE90A87164699467D
:109210002CB3B6F5803F35D2B8F5803F32D22C6AF8
:109220000020C4F844A5C4F84865C4F83495C4F8CF
:109230003885C4F81801D4F818310193019BC4F89B
:109240005005C4F840056FB1012240230C996F62AC
:10925000A9622261C4F8043302B0BDE8F087FFF7C9
:10926000DFFED6E703211820F7F78EF92B6A0121DC
:1092700040221961C3F80423F7F708FB384602B00F
:10928000BDE8F0876FF47A70E6E700BFF0B585B00F
:10929000B2F5803F144606460F469C460A9D02D210
:1092A000B5F5803F09D363462246394630460A95D4
:1092B00005B0BDE8F04007F0BDBE00240095CDE943
:1092C0000144FFF79BFF05B0F0BD00BF2DE9F04161
:1092D000DDE90664DDF82080C4B1B2F5803F0746C1
:1092E0008C4615469E4602D2B6F5803F0AD3CDE99C
:1092F0000748069673462A4638466146BDE8F0415F
:1093000007F0C4BEBDE8F041FFF778BF6FF47A7094
:10931000BDE8F08130B585B000250122C17600F1AD
:109320001C0300F11B01CDE9015500920446FFF733
:1093300065FFA842ACBF207F014805B030BD00BF2B
:109340000AFCFFFF21B9436E4FF40472C3F80823EF
:1093500000207047B1F5614F43D00FD9B1F5612FAF
:109360002AD0234B994219D0B1F5613F2BD0436EDF
:109370004FF0EB720020C3F82425704747F6122304
:10938000994227D0B1F5164F0FD0B1F5165FEED147
:10939000436E184AC3F8242500207047436E4FF0EF
:1093A00080520020C3F824257047436E4FF41D02FD
:1093B0000020C3F824257047436E4FF070620020F0
:1093C000C3F824257047436E4FF06C720020C3F839
:1093D00024257047436E4FF400020020C3F8242573
:1093E0007047436E4FF46B020020C3F8242570478A
:1093F00040420F000050270070B504460E46154647
:109400002046F9F76BF90028FADC94F83C3003F0B9
:10941000FF00002BF4D1636E317D2A7DC3F80C155B
:10942000C3F8142570BD00BF0021F9F737B800BF9D
:1094300070B5044684B0B9B9C3895A073DD5636E87
:1094400004F144012022C3F83415C3F83825636EB3
:109450004FF4047200212164C3F80423636E0122D7
:109460001A60002004B070BD01290D46F9D190F8B2
:109470003C30002BF5D1F9F731F90028F1D0A08E5E
:10948000A38E94F83060E16A5A1C92FBF6F306FB57
:1094900013239BB282B22068A3868369895C20462D
:1094A0009847A38E628E9A42DBD12B46022240F26D
:1094B000FF316846FCF732FFD3E7F8F721FDE38977
:1094C0005B07BCD4002004B070BD00BF10B584B0F1
:1094D00004468DF8071002E094F83C301BB100F010
:1094E00089FD0028F8D000F085FD70B1636E002280
:1094F000C3F82021D3F82011636E03910399C3F8B8
:109500005821D3F858310293029B626E01230DF16A
:10951000070184F83C30C2F84415C2F84835626E41
:10952000936000F067FDA0B1636E00E099B9D3F8D5
:109530002021D3F85811002AF8D061B90122DA604D
:10954000626ED2F85831002BFBD00020002384F843
:109550003C3004B010BD0148F8E700BF09FCFFFF34
:1095600070B50446406E0E4600F03CFE05461EB146
:10957000E18911F0200125D0002D14DA23680021A3
:109580005B68204698472046F9F7A8F8002804DDD4
:10959000236801215B6820469847A16B2046F8F7B5
:1095A00081FD002070BD6B099B0003F1604303F552
:1095B000614305F01F05012202FA05F5C3F8805149
:1095C0001D60DBE72368134A9B6893421ED1636EDC
:1095D0004FF40472C3F808232046F9F77FF80028F7
:1095E000FADC94F83C30002BF6D1002DD9DB6B0966
:1095F00020330122084905F01F0502FA05F541F85C
:109600002350BFF34F8FBFF36F8FCAE720469847B1
:10961000E2E700BF4593030000E100E0A0F108008D
:10962000FFF79EBF10B5244B426E036023493C33C5
:109630008360C2F8081382B00446406E00F0D2FD89
:1096400000280DDB4309203301221D4900F01F00D3
:1096500002FA00F041F82300BFF34F8FBFF36F8F82
:10966000626ED2F8003223F02003C2F80032626E3C
:1096700001235360626E0021C2F85811D2F85811CC
:10968000626E01910199D360626ED2F85831002B5D
:10969000FBD00023C2F80035636E4FF0FF32C3F8F1
:1096A0000C25C3F81425606E00F06EFD2046F9F716
:1096B00021F8204602B010BD0482040014034200C9
:1096C00000E100E0A0F10800FFF7ACBF10B50446D0
:1096D000FFF7A8FF20460BF01BFD204610BD00BF82
:1096E000A0F10800FFF7F2BFF0B514248BB00C25F1
:1096F000CDE900451F462346154604460E46F8F7B9
:1097000049FC514B236000223C3384F83C20A36089
:1097100062662264002F00F08A80384600F0EEFC7A
:109720006066002800F08A804FF0EB73C0F82435A3
:10973000636E0022C3F86C252046F8F7CFFF00289F
:10974000FADC94F83C3003F0FF02002BF4D1636E96
:10975000307D297DC3F80C05C3F81415636E3B48B2
:10976000C3F80821D3F80811636E09910999C3F869
:109770001021D3F81011636E08910899C3F82021C5
:10978000D3F82011636E07910799C3F82421D3F809
:109790002411636E06910699C3F84421D3F844114D
:1097A000636E05910599C3F85821D3F85811636E7B
:1097B00004910499C3F84C21D3F84C31626E0393A1
:1097C000039BD2F80032224943F02003C2F8003252
:1097D000636EC3F80403606E224600F037FD606ECE
:1097E00000F000FD00281BDB43099B0000F16041F5
:1097F00003F1604303F5614301F5614100F01F008F
:10980000012202FA00F0202581F80053C3F88001FC
:109810001860636E08222046C3F800250BB0F0BD27
:109820000C4B00F00F00034420221A76F1E71020C1
:1098300000F086FC606600287FF476AF5A20E7F7D8
:10984000B3FE606E70E700BF0482040014034A0098
:10985000A1980300FCEC00E030B5436ED3F83C5512
:10986000026CAA4283B0044606DA0022C3F808213B
:10987000D3F808310193019B236C9D420BDD236CCF
:109880005A1C2344226493F844102046F8F768FADF
:10989000236CAB42F3DB0023236403B030BD00BF75
:1098A00070B5456ED5F8083188B00446D3B1036C65
:1098B0001F2B17DC002602E0236C1F2B12DCC5F8DF
:1098C0000861D5F808310193019B236C5A1C23448D
:1098D000226493F844102046F8F742FAD5F808318C
:1098E000002BE9D1D5F81031002B3AD1D5F84C3105
:1098F00073B10023C5F84C31D5F84C31626E039337
:10990000202104F144030398C2F83435C2F8381515
:10991000D5F8243153B10023C5F82431D5F82431CA
:109920000493049BD5F88034C5F88034D5F84431CD
:1099300033B10023C5F84431D5F844310593059B74
:10994000D5F82031C3B9D5F8583143B10023C5F853
:109950005831D5F858210792079A84F83C3008B05E
:1099600070BD0023C5F81031D5F8103102932046A0
:10997000029BFFF771FFB9E70023C5F82031D5F846
:1099800020210692069A84F83C302046F8F7A6FE7D
:10999000002802DC0123EB60D5E72046F8F736FA11
:1099A000D1E700BF10B5034B03600446FBF76CFA28
:1099B000204610BD6482040010B5054B03600446C8
:1099C000FBF762FA20460BF0A3FB204610BD00BF58
:1099D0006482040010B50446D4E90E2352694FF4A2
:1099E0007A50002BD2F84415C2F8440522DA1B4AFB
:1099F000616B0020C2F81005013393FBF1F201FB0B
:109A00001233E36300F00AFBD4E90E23526901210B
:109A1000002BD1600ADB0233104A54F82330DB6993
:109A20001B7D1B0243F00113C2F81035BDE8104046
:109A300000F0E6BA023354F82300FBF7AFF8E36B0B
:109A4000064A616B0020C2F81005002BD4D1012911
:109A5000D2D14FF0FF33E363D4E700BF0060004092
:109A6000416B82B08DE80C0011B102B0FFF7B2BFBC
:109A700002B0704770B5104C236886B073B102AD68
:109A80002846FCF76BFC24680C4B2268566A9E4201
:109A900006D1636B13B12046FFF79CFF06B070BD83
:109AA00006AB13E903008DE80300204695E80C009F
:109AB000B04706B070BD00BF683C0020619A03004B
:109AC00070B50E4611460446FBF79AF933681C4AF6
:109AD0001C49146000259B6BA6632160E563294641
:109AE00030469847A06B184E03684FF47A51DB6CF0
:109AF0009847A06B03682946DB6B144D4FF47A52EC
:109B00009847A06B124B01684269C3F82055CD6994
:109B10004432C3F82425B5424FF00402C3F80425AB
:109B200009D10C4BC3604B6A9847A06B03689B6AD2
:109B30009847204670BD0749A847A06B0168F2E727
:109B4000683C00206482040031660200006100402D
:109B500000F00140759A030038B50D460446FBF746
:109B6000B7F828460021FAF7F9FF636B012B01D003
:109B7000002038BDA06B03685B6B9847002038BDA0
:109B800038B50D460446FBF75BF828460021FAF786
:109B9000E5FF636B13B9024AC2F81035002038BDE7
:109BA00000600040007A704790F910304901002BA6
:109BB000C9B207DB03F1604303F56143002083F87A
:109BC00000137047034A03F00F031A440020117674
:109BD000704700BFFCEC00E090F91030002B11DB67
:109BE0005A0910B460320A4C03F01F03012101FA34
:109BF00003F344F8223043695DF8044B012200204E
:109C00001A607047436901221A600020704700BF44
:109C100000E100E090F91030002B07DB03F01F009B
:109C200001225B090249824041F82320002070474D
:109C300000E100E010B5036804461B6B98476369B8
:109C400001225A6000201A6110BD00BF90F9103047
:109C5000002B0DDB5A0920320121064803F01F03B7
:109C600001FA03F340F82230BFF34F8FBFF36F8F39
:109C70000020704700E100E0012902D006D302294C
:109C800002D14369C3F804150020704743690022DC
:109C9000C3F8042500207047437A013B99420FDC4A
:109CA00010B44FF48033446901F5A87003FA01F150
:109CB00044F820200020C4F804135DF8044B7047DA
:109CC0006FF47A70704700BF437A013B994211DC10
:109CD00030B4446904EB81054FF48033D5F8400576
:109CE00003FA01F10244C5F840250020C4F804132A
:109CF00030BC70476FF47A70704700BF437A013B05
:109D0000994208DC42694FF4803303FA01F1C2F84A
:109D10000813002070476FF47A707047032907D842
:109D2000DFE801F01710090243690322C3F8082590
:109D300001720020704743690222C3F808250172AE
:109D40000020704743690022C3F8082501720020F3
:109D5000704743690122C3F808250172002070474B
:109D600010B5044B036000230446C380F6F7EAF9FC
:109D7000204610BD1474040010B5064B0360002388
:109D80000446C380F6F7DEF920460BF0C1F9204601
:109D900010BD00BF1474040010B5034629B190F93A
:109DA0001020002A0CDA002010BDC288D107FAD595
:109DB000196822F00102DA808B6A9847002010BDF2
:109DC0005409084951F8241002F01F0221FA02F246
:109DD000D407E8D5C288016842F00102C2800B6B4B
:109DE0009847E0E700E100E038B590F91030002B2B
:109DF000044611DA0025236820461B6B98476269E8
:109E00000123D360D368002BFCD11DB12368204609
:109E10009B6A9847002038BD5909044A52F82150DE
:109E200003F01F03DD4005F00105E4E700E100E079
:109E3000B1F57A5F14D830B4002201254FF47A547A
:109E400005FA02F3B4FBF3F3994205D3436930BC3E
:109E50000020C3F8102570470132092AF0D1F5E738
:109E60006FF47A70704700BF70B590F910500368B6
:109E7000002D04461B6B07DA984763690122DA64F8
:109E8000D3F84C65304670BD69090A4A52F8216022
:109E90009847636905F01F05012226FA05F5DA6483
:109EA000D3F84C65EB07EDD5236820469B6A9847AD
:109EB000304670BD00E100E00E4BF0B453F8207066
:109EC000B7B100237E6918469C46012506EB830244
:109ED00005FA03F4D2F84011013319B12043C0B29E
:109EE000C2F840C1042BF1D1FB680BB1F0BC18479C
:109EF000F0BC70476C3C00200020FFF7DDBF00BFC6
:109F00000120FFF7D9BF00BF0220FFF7D5BF00BF78
:109F10000320FFF7D1BF00BF0420FFF7CDBF00BF74
:109F2000F8B52D4B03600026466004460D461746E3
:109F3000F6F798F829492A48277403238D42E660EA
:109F40006561206063723CD0264A954230D002F5AC
:109F50008032954237D1244A204642F82340FFF709
:109F600075FE94F9103062690121002B5160116176
:109F700020DB03F1604303F56143402283F80023B3
:109F800001231A464FF47A51092B02FA03F003F128
:109F9000010504D0B1FBF0F0B0F57A7F1AD8616901
:109FA0000322C1F810352046C1F808252272F8BDF9
:109FB0000223D0E70D4A03F00F031A44402313761F
:109FC000DEE70123C7E70A4B9D4208BF0423C2D046
:109FD0003346C0E72B46D7E71474040000900040D6
:109FE0009482040000A000406C3C0020FCEC00E0E7
:109FF00000B00140014B93F90000704781430020FD
:10A00000054A1378013B5BB2002B01DD13707047EA
:10A010000023137062B670478143002072B6024A73
:10A0200013780133137070478143002020BF7047BD
:10A030004FF0805130B44C6E086E0022234642EA45
:10A0400000042046194630BC704700BFBFF34F8F55
:10A050000549064BCA6802F4E0621343CB60BFF3C4
:10A060004F8F00BFFDE700BF00ED00E00400FA05E0
:10A07000704700BF08B50B4B0122C3F840250221F1
:10A080000022930003F1A0430132202AC3F80017F5
:10A09000C3F8001AF5D1FFF7EBFFBDE80840E6F77B
:10A0A00019BC00BF00E001400048704700000220DA
:10A0B0004020F6F71FBE00BF8163704741637047C1
:10A0C000C1637047C06B7047EFF30880704700BFF3
:10A0D000406B7047C0E900128360704710B5054BB4
:10A0E000054C1846A1684FF480720BF04FF8A06041
:10A0F00010BD00BF0024002000ED00E0F0B40E4FC2
:10A100000E4E3C680523012505FA03F2224203EBBB
:10A11000430103F1FF3303D156F82110814205D0EA
:10A120005A1CF1D100210846F0BC704722433A6026
:10A130000846F0BC704700BF843C0020EC8204005D
:10A14000F0B40F4FDFF83CC03C68624605230125A0
:10A1500005FA03F1214202D1566C304207D1013B8E
:10A16000591CA2F10C02F3D10020F0BC704703EBA4
:10A17000430321435CF823003960F0BC704700BF03
:10A18000843C0020EC820400144B98421ED003F55E
:10A19000E04398421CD0A3F5343398421AD003F51B
:10A1A0000433984218D0B0F1402F06D0A3F5003305
:10A1B000984208BF002001D07047012008490122C1
:10A1C0000B68824023EA02030B6070470520F5E725
:10A1D0000420F3E70320F1E70220EFE700800240CC
:10A1E000843C002008B5174B984218D0B0F1402F9E
:10A1F0001ED003F5003398421CD0A3F504339842D7
:10A200001AD003F53433984218D0A3F5E0439842AE
:10A2100016D05A20E7F7C8F94FF0FF3008BD0023E9
:10A22000094A03EB430302EB830393F9040008BDDF
:10A230000123F5E70223F3E70323F1E70423EFE724
:10A240000523EDE700300040EC82040038B5184BE0
:10A2500098420D46144620D0B0F1402F1FD003F590
:10A26000003398421DD0A3F5043398421BD003F568
:10A270003433984219D0A3F5E043984208BF052330
:10A2800004D05A20E7F790F94FF0FF33094A0A4803
:10A2900042F8235040F8234038BD0023F6E701235D
:10A2A000F4E70223F2E70323F0E70423EEE700BF1D
:10A2B00000300040883C0020A03C0020024A034BB4
:10A2C00010681B68184700BFA03C0020883C002095
:10A2D000024A034B50685B68184700BFA03C00204F
:10A2E000883C0020024A034B90689B68184700BFD7
:10A2F000A03C0020883C0020024A034BD068DB6869
:10A30000184700BFA03C0020883C0020024A034BB5
:10A3100010691B69184700BFA03C0020883C002042
:10A32000024A034B50695B69184700BFA03C0020FC
:10A33000883C0020002815D0006041608260C36026
:10A34000046145618661C761444604624C464462CB
:10A35000544684625C46C462644604636E46466347
:10A3600074468463002906D0C46B043C0439256814
:10A370000D60B442F9D1946BA646566BB546002BDE
:10A3800006D0D46B043C043B1D682560B442F9D16F
:10A39000146BA446D46AA346946AA246546AA146A2
:10A3A000146AA046D769966955691469D3685168DB
:10A3B000106892687047006041608260C360046109
:10A3C00045618661C761444604624C464462544616
:10A3D00084625C46C462644604636E4646637446A7
:10A3E0008463C46B043C043925680D60B442F9D120
:10A3F000C769866945690469704700604160826089
:10A40000C360046145618661C761444604624C468D
:10A410004462544684625C46C462644604636C468B
:10A4200044637446846304697047846BA646446B36
:10A43000A546046BA446C46AA346846AA246446A3D
:10A44000A146046AA046C769866945690469C3686C
:10A4500082680068416870470649074A074B9B1AA3
:10A4600003DD043BC858D050FBDC00F025F8FFF7B3
:10A4700001FE0000B88B04004020002000240020D2
:10A48000FEE7FEE7FEE7FEE7FEE7FEE7FEE7FEE7A4
:10A49000FEE7FEE7BFF34F8F0549064BCA6802F49B
:10A4A000E0621343CB60BFF34F8F00BFFDE700BFF7
:10A4B00000ED00E00400FA0508B57F4B1A68511C56
:10A4C00028D07E4B0D2A1B6800F09A807A4A1268C9
:10A4D0000D2A40D07A4AD2F8883043F47003C2F88B
:10A4E0008830BFF34F8FBFF36F8F4FF01023D3F837
:10A4F0000C22D20700F1BF80D3F80022002AC0F25C
:10A500009480D3F80432002BC0F28F806D4B6E4ADA
:10A510001A6008BD6D4A6E4B12781B680D2AC3F392
:10A52000031310D1012B6DD9684A694B12781B684F
:10A530000D2AC3F3031306D1012B19D95E4B1A68F8
:10A54000501C40F0B680614A614B12781B680D2A9E
:10A55000C3F30313BED1012BBCD84FF08043D3F813
:10A560000024D10744BF6FF00102C3F80024B1E713
:10A570004FF08052574BD2F80414C3F82015D2F88C
:10A580000814C3F82415D2F80C14C3F82815D2F80F
:10A590001014C3F82C15D2F81414C3F83015D2F8DF
:10A5A0001814C3F83415D2F81C14C3F84015D2F8A7
:10A5B0002014C3F84415D2F82414C3F84815D2F86F
:10A5C0002814C3F84C15D2F82C14C3F85015D2F83F
:10A5D0003014C3F85415D2F83414C3F86015D2F807
:10A5E0003814C3F86415D2F83C14C3F86815D2F8CF
:10A5F0004014C3F86C15D2F84424C3F870259DE7C5
:10A60000012B0CD82C4A4FF0804312680021C3F86C
:10A610000C11C3F81011C3F83815531C84D0274B04
:10A620000D2A1B687FF452AF86E72B4A0123C2F83C
:10A630000435D2F80034002BFBD04FF01023122148
:10A64000254AC3F80012D2F80034002BFBD04FF09B
:10A6500010231221204AC3F80412D2F80034002B30
:10A66000FBD000231C49C2F80435D1F80034002B7C
:10A67000FBD0FFF70FFF184B0122C3F80425D3F8D6
:10A680000024002AFBD04FF01021134BD1F80C22EC
:10A6900022F00102C1F80C22D3F80024002AFBD0DA
:10A6A00000210D4AC3F80415D2F80034002BFBD06A
:10A6B000DFE704331B680BE73001001034010010A2
:10A6C00000ED00E01C2100200090D003E00F00F01E
:10A6D000E80F00F000C0004000E00140D0E9022394
:10A6E000D1E90201994208BF90422CBF012000200D
:10A6F000704700BF2DE930480C4800F0CFFA0C4BF2
:10A700000C49D3E90023D1E9004512EB000B43F1DA
:10A71000000CAC4508BFA3455846614603D21BF167
:10A7200080704CF10001BDE8308800BF202100207E
:10A73000803800208838002030B583B005460C46AC
:10A740000B4801A900F07CFB70B10570446001A9C1
:10A75000074800F07FFB08B903B030BD054800F0A2
:10A76000A1FA002003B030BD042003B030BD00BF0B
:10A77000143D0020202100201B4B1B782DE9304880
:10A7800023B118B1037F03F0FF041BB90024204656
:10A79000BDE830880546FFF7ADFFD5E902239942B1
:10A7A00008BF90421BD32B69BBB1D5E90530984750
:10A7B00029690029EAD02B7F03F0FF04002BE5D0A4
:10A7C000D5E9022312EB010B43F1000CC5E902BCF1
:10A7D0002946064800F0EEFBD9E72B77E5E7294646
:10A7E000024800F0E7FBD2E78243002038830400F0
:10A7F0002DE9F04F83B0834600F024FA40B15B4965
:10A80000D1E9002312F1807443F10005C1E900454C
:10A810000021584600F030FA554C30B1236823B17E
:10A820002068FFF7A9FF002323600121584600F0AC
:10A8300023FA20B1FFF75EFF4E4BC3E9000101A9E7
:10A840004D4800F017FB08B34C4E4D4F4A4D03786E
:10A85000012B6CD073D3022B0ED130464FF0000881
:10A8600000F0BCFB30B180F81C80304600F0B6FB35
:10A870000028F8D101233B7001A9284600F004FB11
:10A8800001A9284600F0F6FA0028E0D1DFF8EC80B4
:10A89000DFF8F090DFF8F0A003E00D2838D00023B7
:10A8A0002360404600F0A0FB2368002858D05BB12D
:10A8B0002368D0E90201D3E90223994208BF9042FC
:10A8C0001FD223681B7F3BBB404600F087FBD0E9CB
:10A8D00002670546FFF70EFF361A67EB0107012EE8
:10A8E00077F1000310DB56451BD8AA684FF4960396
:10A8F0000021484600F026F90028CED1236843B352
:10A90000256003B0BDE8F08F0021484600F0AAF9A9
:10A910002846FFF731FFC2E72168404600F04AFBB6
:10A92000D2E7484600F0BAF900EB0A02DEE74168D8
:10A930002368994211D0304600F05AFB9CE74168E9
:10A940000B7F002B98D101230B77304600F032FBB0
:10A9500092E7584600F0CCF8D2E7002323608BE75B
:10A96000002BCED1584600F0C7F8CAE78038002047
:10A97000243D002088380020143D00203883040046
:10A980008243002020210020FFFFB40010B5134BAC
:10A9900013491B68134882B058220193082300F022
:10A9A00015FA044610B1204602B010BD0E4A0F48F9
:10A9B00001A900F05BF804460028F4D101210B48FE
:10A9C00000F038F901231946094A084800F098F8C0
:10A9D000084B012220461A7002B010BD34830400D7
:10A9E000BC3C0020143D0020F1A7030020210020E2
:10A9F000FFFF7F00824300204AB1A1F101010368FB
:10AA0000B1FA81F14909C3E9041200207047072017
:10AA1000704700BF037F0BB1002070472DE930481D
:10AA2000826104460D46FFF765FE236910EB050BB6
:10AA300041F1000CC4E902BC03B1256121460020AC
:10AA4000BDE83048FFF778BE0023014603770120B8
:10AA5000FFF772BE014800F04FB800BF2021002070
:10AA6000014800F045B800BF20210020F0B444792F
:10AA70001C4D1D4FE600AB1947F824201B7973BB12
:10AA800003680A88C3F808258A7890F904305201CF
:10AA9000002BD1B2DFB21CDB5A09920002F16042F6
:10AAA00003F1604302F5614207F01F074FF0010C0C
:10AAB00003F561430CFA07F783F80013C2F88071BD
:10AAC0001760AB19012245F834001A710020F0BC60
:10AAD0007047064B07F00F073B441976F1E7082053
:10AAE000F0BC7047283D0020303D0020FCEC00E029
:10AAF000036801221A607047036801225A60704798
:10AB000070B48C0004F5A0740068A4B24FF48035D2
:10AB10008D400026C0F80853C0F84853065183B052
:10AB20000459019401F5A87122F07F42019C40F87C
:10AB30002120C0F844530BB1C0F8045303B070BCDB
:10AB4000704700BF2DE9F04F04684FEA81084FF4C9
:10AB500080358D4004EB080C08F5A076C4F8485306
:10AB6000B6B2C4F8085381460F464FF0000AD4F835
:10AB70000415DCF84005CCF8401544F806A085B073
:10AB8000401A20F07F40A159029101289B4622F0F3
:10AB90007F42029B0ED1264B019243F001034FF4FA
:10ABA00080609847D9F80040019A44F806A0A3595C
:10ABB0000393039BD4F80465C4F84453931B23F018
:10ABC0007F43012B18D107F5A877194B013244F8C0
:10ABD000272043F001034FF480609847D9F80040E4
:10ABE000D4F804359E421FD10020C4F84453C4F861
:10ABF000045305B0BDE8F08FA044531EC8F84025AB
:10AC0000D4F80415CBF1FF1B5B1A0BF57F4B23F037
:10AC10007F439B4508D3002BE6D10132C8F840257D
:10AC2000D4F804359942DFD00D2005B0BDE8F08F8F
:10AC3000105A040003680222C3F8442309B1C3F880
:10AC4000042370470368D3F8040150B1002282B096
:10AC5000C3F80421D3F804310193019B012002B011
:10AC60007047704702684FF4803303FA01F1C2F86D
:10AC70004813C2F808137047890001F5A07189B222
:10AC80000368585840B100225A5082B05B58019373
:10AC9000019B012002B07047704700BF0368D3F8E2
:10ACA0000405704790F90430002B09DB5A09403243
:10ACB00003F01F030121034801FA03F340F8223097
:10ACC000704700BF00E100E0024A034B10681B68B8
:10ACD000184700BF283D0020303D0020BAB112685F
:10ACE000D243C1B130B401440C4C4D1E013810F8B0
:10ACF000013F082153405A08DB0748BF6240013931
:10AD00001346F8D18542F2D1D04330BC70474FF0A2
:10AD1000FF320029E6D1D043704700BF2083B8ED51
:10AD200010B483B050E8013F9CB2B0F80EC0644448
:10AD3000B0F80CC0644528BFA4EB0C04B0F808C000
:10AD4000644502BFBFF32F8F002208E0C4EA03046A
:10AD500040E8014CBCF1000FE4D14FF001028DF846
:10AD600003200193019B9DF803000B6003B05DF885
:10AD7000044B704710B483B050E8023F1FFAA3F4AD
:10AD8000B0F806C0644502BFBFF32F8F002211E068
:10AD9000B0F80EC06444B0F80CC0644528BFA4EB02
:10ADA0000C04C3EA044440E8024CBCF1000FE3D1B8
:10ADB0004FF001028DF803200193019B9DF80300E1
:10ADC0000B6003B05DF8044B704700BF99B110B43D
:10ADD000B2FBF3F403FB1424A4B244B9C0E9001499
:10ADE00084608281C38120465DF8044B704709204E
:10ADF0005DF8044B70470E20704700BF82B050E8EA
:10AE0000022FC188B2EB324F4FF0000317BF92B24E
:10AE100041EA014142EA014104E04268B2EB324FAB
:10AE200008BF012340E80212002AE8D18DF807305C
:10AE30009DF80730002B0CBF1120002002B0704796
:10AE400038B50446FFF76CFF10B10B882068184432
:10AE500038BD00BF0A884B889A4201D00020704755
:10AE600050E8012FC2EA024240E80123002BF7D14B
:10AE70000120704738B50446FFF77CFF10B14B88BE
:10AE80002068184438BD00BF0A884B889A4201D018
:10AE90000020704750E8022FC2EA224240E8022315
:10AEA000002BF7D10120704733DF7047064A074B6C
:10AEB00010B5002414701C60BFF35F8F044905486F
:10AEC00000F062F8204610BD844300203C3D002085
:10AED00044830400343D00202DE9F041244E054612
:10AEE0000121304604F008FFBFF35F8FD8B9042D6D
:10AEF0002BD0204B1A789AB91F4C012225701A705A
:10AF00001E4F7B688BB1B84605E0404600F046F81E
:10AF10007B6853B125781B68284698470028F4D1F0
:10AF2000BFF35F8F3060BDE8F0812378023B012BD7
:10AF30000ED903F007F9C0B94FF080430122C3F8DE
:10AF40000025BFF34F8F20BFFDE70B4C2578D7E7D7
:10AF5000BFF34F8F0A490B4BCA6802F4E0621343F8
:10AF6000CB60BFF34F8F00BFFDE7FFF79DFFE3E727
:10AF70003C3D00208443002083430020343D0020DA
:10AF800000ED00E00400FA05D1E900329342C0E987
:10AF9000001304BF00234360704700BF436843B100
:10AFA0000268D2E901210B449342436004BF0023AD
:10AFB0004360704770B54468064620680D4618B96E
:10AFC00008E02468206828B1B3682946984700281B
:10AFD000F7D120682860256070BD00BF43681868FD
:10AFE00008B102681A60704743681868704700BF6C
:10AFF0004068036873B18B4203D107E0814204D0FB
:10B00000034618680028F9D1704718460B6803609A
:10B0100001207047184670476DDF704779DF704731
:10B020007DDF704764DF70472DE9F04F83B00488FF
:10B030000C9EBDF83490B6F800A0002C39D098468C
:10B04000002317468B4605461C4603E02A88013438
:10B05000A24224DD6A6852F82400019000220DF11A
:10B06000030101A8FFF7DEFF20BB9DF80320BA42D1
:10B07000ECD13288D11903B349452BDC42440DF1A0
:10B08000030101A80123FFF7CDFF98B931889DF88E
:10B0900003200A4432802A880134A242DADC43B118
:10B0A0003388013BA3EB0A039BB2FF2B12D808F8AD
:10B0B0000A30002003B0BDE8F08F0231013289452B
:10B0C00092B207DB328008F802B03288013292B2C5
:10B0D0003280D3E70C2003B0BDE8F08F2DE9F041BA
:10B0E00082B01746089CBDF82450009401950222B6
:10B0F00006469846FFF798FF10B102B0BDE8F08110
:10B100004346394630461022CDE9084502B0BDE835
:10B11000F041FFF789BF00BF2DE9F04790F82D30CF
:10B1200017881446002286B005460E462280002B62
:10B1300040F0FC80AB78002B40F0FE80EA78A2B1B2
:10B140002388D91CB94200F2F3800221F1542388EC
:10B1500001339BB201212380F15423880B449BB21D
:10B160002380F25423880B4423806B68B3B1228878
:10B17000D11CB94200F2DC80022093F90010B054D7
:10B18000238801339BB20A222380F254238801339F
:10B190009BB22380F1542388013323802B89002B19
:10B1A00040F01B812B8A002B40F024812B8B002B3D
:10B1B00040F02D812B6A002B44D02288911DB9428A
:10B1C00000F2B6801988052940F203816FF44868BF
:10B1D00001EB080080B24FF27D3C604540F2F980FF
:10B1E0005888052840F2F5806FF4486E86441FFAAF
:10B1F0008EFEE64540F2ED804FF6FF7C614504D0BF
:10B20000604502D0814200F2E4800521B1542288D9
:10B21000013292B212212280B1542288013292B2BC
:10B2200022801988B1543244090A517022880232AE
:10B2300092B222805B88B35432441B0A5370238835
:10B24000023323806B6A002B2FD09988B4F800C09A
:10B25000881C0CF102020244BA4269D8FE2867D861
:10B26000033106F80C102288013292B2FF212280AD
:10B27000B1542288013292B222801988B1543244EA
:10B28000090A51702088023080B220809A8862B109
:10B2900099680393002900F09C80304409F076FF00
:10B2A000039B9A8823881344238095F82C30002B25
:10B2B00040F08A80287800283BD02B88012B00F0B2
:10B2C0008880228802F1020CBC4531D8012804D1C3
:10B2D0006B78023313449F422AD3BB1E9B1A06A9E4
:10B2E0009BB221F8083D06EB0C00FFF799FE00BB6E
:10B2F0002978BDF81020022900F0E180687890429A
:10B30000C0F0D8809342C0F0D5800921FE2A0FD822
:10B310002388501CF054238801339BB22380F154BE
:10B32000238801331A442280002002E0082F23D80A
:10B330000C2006B0BDE8F08723880433BB42F7D861
:10B3400004A8FFF76BFE0028F3D12388BDF8102076
:10B350000321F154238801339BB219212380F15436
:10B36000238801339BB2F1182380F254120A4A70E9
:10B37000238802332380E1E604A8FFF74DFE00286E
:10B38000D7D123889DF810200821F1542388013358
:10B390009BB21B212380F154238806A901339BB261
:10B3A00051F8070D2380F050334489889980238811
:10B3B00006339BB212F0FE0218BF01222380F25422
:10B3C000238801332380B5E6D5F82880B8F1000F33
:10B3D0002AD1072006B0BDE8F087CDE90047334603
:10B3E0000622022105F10800FFF778FE00283FF44D
:10B3F000D9AE9EE7CDE9004733460722032105F188
:10B400001000FFF76BFE00283FF4D0AE91E7CDE9C6
:10B41000004733461522142105F11800FFF75EFEA0
:10B4200000283FF4C7AE84E7B8F804300233FE2B9F
:10B430003FF67EAF4FF000094FF0160A2288013325
:10B44000B354238801339BB2238006F803A02388DA
:10B4500001339BB22380B8F80020F2543344120A1F
:10B460005A702088023080B22080B8F8043030440E
:10B470001A465BB1D8F808301946002BA9D009F05C
:10B4800085FEB8F8042023881344238009F10109BC
:10B4900095F82C305FFA89F94B4509EB49087FF69E
:10B4A00009AFAB6A03EB8808B8F804300233FE2B0F
:10B4B000C4D93DE7012906D01A46082126E7934260
:10B4C000BFF423AFF8E78342F6D3024608211DE715
:10B4D00075DF704776DF70477ADF70477BDF704734
:10B4E00030B51D4B1A8884B2A24283B001D003B09C
:10B4F00030BD1A4D187A297B88420FD32A7C00214F
:10B500001972E2B96B69002BF1D00022ADF8064048
:10B510008DF8042001A8984703B030BD104603F110
:10B520000A01FFF7D5FF28B11128E0D0AB69002B45
:10B53000F1D1DCE71A7A01321A7203B030BD3B2137
:10B540002046FFF7C7FF30F00803DBD0AB69002BC4
:10B55000D8D09847D6E700BF5C3D0020403D002092
:10B5600070B54B7A82B002467BB90F4C0E7A4868B0
:10B57000D4E90153002E0CBF29461946FFF74AFAB9
:10B5800008B1A3696BB902B070BD074B5B690020BD
:10B590000872002BF7D00121ADF806208DF80410B9
:10B5A00001A8984702B070BD403D00208388B3F5E4
:10B5B000FA7F28BF6FF4F97230B428BF9D18048851
:10B5C0004A8838BF002594420DD8408890420AD35B
:10B5D0008888A84207D303F2F313834234BF0020C4
:10B5E000012030BC7047002030BC70470288112A0F
:10B5F00070B503462FD01BD9122A07D0502A04D188
:10B600003A4CC188E289914236D070BD384C82886C
:10B6100025889542F9D100F1080104F10A00FFF7ED
:10B62000C5FF607221462846BDE87040FFF798BF0D
:10B63000102AEAD1C27B012AE7D12D4C21884FF68E
:10B64000FF7291422FD0294B9B69002BDDD0042043
:10B65000BDE870401847264C828823889A42D4D18E
:10B660006068FFF7F1F918B1204B9B6903B1984767
:10B670004FF6FF73238070BD028A022AC5D11C4D8C
:10B6800082882E889642C0D1123000F061FA30BB19
:10B690006868FFF7D9F90028B7D0A369002BB4D0A8
:10B6A000BDE870401847134A8588258003CA04F115
:10B6B0000A02C4F80E1003F110010023C4F80A00B6
:10B6C00023721046FFF772FF084B6072DB89002B74
:10B6D0009BD121462846BDE87040FFF741BF29466F
:10B6E0003046BDE87040FFF73BBF00BF403D002043
:10B6F0005C3D0020703D002000282FD0F8B50546A5
:10B7000006460FCD164F3C460FC4844695E8070009
:10B71000144B3B6084E80700BCF1000F18D0604672
:10B72000FFF7DAFE98B932681068516803C30E4B10
:10B730000E490F4A18464FF6FF7440F8041F1C804C
:10B740000021FFF759F9002814BF03200020F8BD9D
:10B750001846FFF7C3FE0028E9D0F8BD0E20704759
:10B76000403D0020703D00205C3D002090380020CE
:10B77000E1B40300F0B583B00190A1B1019D7DB1AA
:10B7800000240E4617462546214601A804F070FA0B
:10B79000394610B1A0B2B04701350134142CF3D1B1
:10B7A000284603B0F0BD0D46284603B0F0BD00BFEB
:10B7B0000146014804F05CBA7C3D002070B582B0BF
:10B7C00006460191019D6DB100242546214601A840
:10B7D00004F04EFA18B106EB450301359C800134A4
:10B7E000142CF3D13046356002B070BD2DE9F0471E
:10B7F0000388B0F80480103B8CB007460A2B1BD896
:10B80000DFE803F02F281A1A1A1A1A1A1A1D06004E
:10B81000047A38482409032C41464BD804F01EFA18
:10B82000032C49D04146344804F018FA022C47D082
:10B830004146324804F012FA0CB0BDE8F087037AB2
:10B84000002BF9D1437A2B481B0741464FD404F013
:10B8500005FAF1E741462A4804F000FA0CB0BDE8C9
:10B86000F087284EB3680CA8DB4340F8303D716880
:10B8700004F064FA009901A8FFF7A0FF019B83B1CF
:10B880000DF106097C3609EB430A39F8025F1E4CBC
:10B8900020462946043404F0E1F9A642F8D1D14506
:10B8A000F3D1B8F1130F12D9042003F0B1F80CB0A2
:10B8B000BDE8F08704F0B8F941460F4804F0B4F948
:10B8C00041460E4804F0B0F90CB0BDE8F08741469F
:10B8D0000B4804F0A9F941460B4804F0A5F9FB7B9D
:10B8E000012BA9D04146094804F09EF9A4E704F0D1
:10B8F0009BF9A1E7903D00208C3D0020883D002071
:10B90000803D0020783D00207C3D0020843D0020CB
:10B91000132801D900207047FFF74ABF132801D927
:10B9200000207047FFF744BF132801D9002070475B
:10B9300010B50446FFF73CFF08B9002010BD2146B2
:10B94000034804F095F9002814BF0220012010BD1F
:10B95000803D0020132801D90020704710B504460F
:10B96000FFF726FF08B9002010BD21460248BDE8B8
:10B97000104004F07DB900BF883D0020132801D994
:10B980000020704710B50446FFF712FF08B90020E9
:10B9900010BD21460248BDE8104004F069B900BF5F
:10B9A0008C3D0020132801D90020704710B50446B3
:10B9B000FFF7FEFE08B9002010BD21460248BDE891
:10B9C000104004F055B900BF903D002070B50A4BFF
:10B9D00082B002AE9B6846F8043D00252C46214605
:10B9E000304604F045F9013400B10135142CF6D18C
:10B9F000284602B070BD00BF783D002070B50E4AE9
:10BA000082B0D36802A8DB4340F8083D02AE9168DB
:10BA100004F094F9009B46F8043D00252C4621468D
:10BA2000304604F025F9013400B10135142CF6D16B
:10BA3000284602B070BD00BF783D002010B5034B12
:10BA400004465968FFF7BAFE204610BD783D002035
:10BA500010B5094982B0CA6802ABD24343F8042D3D
:10BA600004468968184604F069F920460199FFF7F1
:10BA7000A5FE204602B010BD783D002008B5182173
:10BA8000024804F0FFF8C0B208BD00BF783D0020B6
:10BA900070B50C4C054620460E4604F0E9F808B196
:10BAA000132D01D9002070BD2846FFF781FE002824
:10BAB000F8D0F01D04EB80002946BDE8704004F08A
:10BAC000D7B800BF783D0020F8B50E4C054620469B
:10BAD00017460E4604F0CCF808B1132D00D9F8BD76
:10BAE0002846FFF765FE0028F9D0F01D04EB800022
:10BAF00029461FB9BDE8F84004F0B0B8BDE8F840E9
:10BB000004F092B8783D0020034B9B680A4601463A
:10BB10001846FFF72FBE00BF783D0020F8B50A4C4D
:10BB200005460E4620462946174604F0A1F800B9FE
:10BB3000F8BD063504EB85043A4660683146BDE839
:10BB4000F840FFF717BE00BF783D0020AADF70471E
:10BB5000007800F0010070470078C0F340007047A3
:10BB600070B58C7890B01346002C40F0AF80012265
:10BB70008DF80E204A7C0C88ADF80C40013A002468
:10BB80008DF80240ADF80040042A09D8DFE812F031
:10BB90000500C600CA00CE00C20011228DF80020A8
:10BBA0008C7C013C042C09D8DFE814F00500C800A7
:10BBB000CC00B000C40011228DF80120CD7B9DF88F
:10BBC00002400A7C0E7B65F3C3040D7D62F304140E
:10BBD000002D4A7B14BF0225012566F3000465F39E
:10BBE000420412F0300F4FF000058DF80240CDE90D
:10BBF0000955CDE90B55CDE90D550F9569D10022B9
:10BC0000CDE906224D7B08928C688A7B8DF8245002
:10BC10008DF8252003AD8A88CDF814D00495ADF8B1
:10BC20001C201CB1CA880894ADF818208C69002C1F
:10BC30002FD000268DF80660ADF804602688227BA0
:10BC4000ADF82C606688ADF82E6001AD66680A9686
:10BC5000013A0D95042A28D8DFE802F0249484885C
:10BC6000900011228DF80520A67A9DF80650E27A00
:10BC700066F3C30562F30415A27B267A002A2C46DC
:10BC800066F3000414BF0222012262F342048DF81D
:10BC90000640CA6902B10C9209A904AAFFF756FF2F
:10BCA00010B070BD11228DF80420627B013A042A85
:10BCB000DAD801A555F822F063BC030055BD030096
:10BCC0005DBD03004DBD030075BD03008DF80E4042
:10BCD00050E7CA7CADF80850013A8DF80A50042AA2
:10BCE00007D8DFE802F0035F5B57530011228DF89D
:10BCF00009209DF80A2002AC0E94012464F342024C
:10BD000011248DF80A208DF8084078E712228DF86A
:10BD1000012053E722228DF8002041E721228DF8EF
:10BD200000203DE731228DF8002039E712228DF8FE
:10BD3000002035E722228DF801203FE721228DF8EF
:10BD400001203BE731228DF8012037E712228DF8E0
:10BD5000052089E721228DF8052085E731228DF81D
:10BD6000052081E731228DF804209EE712228DF80C
:10BD700004209AE722228DF8052075E722228DF80B
:10BD8000042092E721228DF804208EE722228DF8EC
:10BD90000920AEE712228DF80920AAE731228DF89A
:10BDA0000920A6E721228DF80920A2E790DF70473D
:10BDB000A5DF7047B5DF704710B5002384B0044697
:10BDC0006A46184602A9ADF80840ADF80A40039348
:10BDD0000093ADF80430FFF7E9FF04B010BD00BFD9
:10BDE00008B90E20704730B403464FF017151B24D6
:10BDF0000020172219611D6041F61B311C71DA8089
:10BE00001A819872D872998130BC70478388C3B9FF
:10BE100030B50288232A83B00C4613D036D93A2A8B
:10BE200018D0552A3FD0242A5ED0A37A3BB1E188AE
:10BE30000020FFF7BDFF10B90123A072E37203B029
:10BE400030BD7047007A0B7B984228BF1846FFF739
:10BE5000B3FFEAE74289C98825698A4228BF0A46B2
:10BE6000172A38BF1722228165B1E17A51B140F615
:10BE70007721ADF80010ADF80230ADF80420694626
:10BE80002046A8470023E372A372D8E7102A3FD0C8
:10BE9000112ACAD1172241F61B31A372E372E28044
:10BEA0002281A181CBE7C288C988A372172A38BF33
:10BEB00017228A4228BF0A4618462281FFF77AFFD6
:10BEC000E37A002BB1D12269002AAED02189ADF8E6
:10BED000023040F67720ADF80000ADF8041020469F
:10BEE00069469047A37AA1E70A69017A6173002A3B
:10BEF0009BD04DF67A20ADF80430ADF802308DF8C5
:10BF00000410ADF80000694620469047A37A8DE7FB
:10BF1000C37B08790873012B0CBF2188C98823894A
:10BF200008BFE1808B4204D3637B8342BFF47DAFC3
:10BF30008DE70020FFF73CFF18B90123E372207B57
:10BF4000F2E7112809BF0123207B207BA372EBE7D6
:10BF50002DE9F041DFF8988000238AB04FF6FF709A
:10BF600088F80030CDE9003300F0DCFC4FF6FF76B6
:10BF7000B0421FD0044648F2096707E000F06EFCAB
:10BF8000204600F0CFFCB042044613D0A4F5804513
:10BF9000ADB228466A4602A903F094FDB842204695
:10BFA000ECD0284603F0FEFC48F2076290420346BC
:10BFB00003D043B90AB0BDE8F081012388F800300E
:10BFC0000AB0BDE8F08100220721079305A84FF6CB
:10BFD000FF73CDE90522CDE90822ADF818408DF8B0
:10BFE0001410ADF8163000F063FA0AB0BDE8F08125
:10BFF0008543002010B58389047886B003F580431B
:10C0000000229BB2611ECDE90122CDE90322ADF8E9
:10C0100008300592042913D8DFE801F032323219D2
:10C0200003004368002B55D113238DF804304FF6DD
:10C03000FF7301A8ADF80830ADF8063000F038FA0B
:10C040002D4C23780BB1FFF783FF06B010BD43F6EC
:10C05000FE729342F4D8C289002AF1D14268002AC4
:10C0600042D00B2303928DF80430234C01224FF66B
:10C07000FF7301A82270ADF8063000F019FAE0E76E
:10C0800043F6FE729342C1891ED8D0E90132A4F171
:10C090000304B4FA84F464098DF80C108DF80D4093
:10C0A0000492E3B99DF81430082243F001038DF89F
:10C0B00014308DF804204FF6FF7301A8ADF8063058
:10C0C0000D4C00F0F5F9BCE701F580439BB29342BB
:10C0D000DBD9B5E7142203938DF80420A7E70922E2
:10C0E00005938DF80420E6E718460A238DF80430FE
:10C0F00000F0B4FBB9E700BF8543002010B5A1F5FF
:10C10000804182B0A0F58040002489B26B4680B2A5
:10C11000CDE9004403F09AFCA04214BF052020465C
:10C1200002B010BD30B5184889B003F06FFA30BBCB
:10C1300003F084FA0546F0B900F070FBCDE9035531
:10C140000DE005A803F0CEFB019B9C8804F580441C
:10C15000A4B205A803F0F0FB204600F067FB05A998
:10C1600003AA4CF2070003F08DFC01A90028E8D0D7
:10C17000284609B030BD8625284609B030BD0325C4
:10C18000284609B030BD00BFF5BF0300F0B5FF2859
:10C1900087B004D8012906D00C1F052C03D9072528
:10C1A000284607B0F0BD164603AA1F460C46FFF707
:10C1B000A5FFE0B901A903A803F094FB0546B0B9B7
:10C1C000019BB4705B8833800299A7B13A687068AC
:10C1D0009C00A24228BF2246164608F0D7FFB44270
:10C1E0000BD803A803F0A8FB284607B0F0BD05252F
:10C1F000284607B0F0BD7160F3E70C25F8E700BFF3
:10C20000024B0022C3E90022704700BFF43D00202A
:10C21000012804D0031F052B01D90120704770B5F8
:10C22000044686B0A0F5804016460D4680B203A9AC
:10C230000D4A03F027FC10B1002006B070BD01A923
:10C2400003A803F04FFB0028F6D1DDE90121938814
:10C250005288328003F58043B470716003A82B804C
:10C2600003F06AFB0120E8E7F43D0020F0B5FF2869
:10C2700087B005D88C78012C06D0231F052B03D955
:10C280000724204607B0F0BD0B46A4F580462146A2
:10C290005C681B88ADF80260A0F58047154603AACC
:10C2A000ADF80070CDE90143FFF728FF052813D052
:10C2B000694603A803F06EFB044648F206639C42FD
:10C2C0001AD00FD948F207639C4203D048F20D639D
:10C2D0009C420FD11124D4E7694603A803F056FB12
:10C2E0000446EAE734B9002DCBD0294603A803F071
:10C2F00009FCC6E70324C4E78624C2E74FF6FF70B3
:10C3000000F094BAFF2806D808B500F095FAFFF7B8
:10C310001FFE002008BD0720704700BF00F0B2BA22
:10C3200000F0D8BA00F0FEBA00F002BB70B41D4EA7
:10C330000546002202EB4203980036F82330AB4258
:10C3400005D00132042AF5D1002070BC704730447A
:10C3500083788B421ED0531C042BF5D05800C41890
:10C3600036F82440AC420ED002EB420206EB8202C9
:10C3700002E09489AC4205D00133042B02F10C0297
:10C38000F7D1E1E75800184406EB80001A4683789D
:10C390008B42E0D1837A9B07DDD14368002BDAD151
:10C3A00070BC70474C3F002070B5037A05465BB106
:10C3B0000D4E0024697A2144C9B2304600F06EFF68
:10C3C0002B7A0134A342F5D8AB7A002203F0FD03A7
:10C3D000FF204FF6FF716FF3000368722A72AB7291
:10C3E0002980A9706A6070BD3C3F002010B582B002
:10C3F0008278417A044600232B48CDE900338DF83A
:10C40000022000F031FF002839D0237AA178019072
:10C4100003EB83039B004A1EADF800308DF8021039
:10C42000072A08D8DFE802F01E070707071E042EB8
:10C430001423ADF800306946221D2088FFF716FF4F
:10C4400007280DD012D9112822D0862817D1A37A17
:10C45000164A03F0FD0343F001030121A37211709A
:10C4600002B010BD0123ADF80030E4E738B9A37A7B
:10C4700060F3410360F30003A37202B010BD032018
:10C4800002B010BD838809339B08ADF80030D2E7B5
:10C49000A37A064A43F002036FF300030121002050
:10C4A000A372117002B010BD3C3F002086430020F3
:10C4B0002DE9F047444EC168044686B037463346FE
:10C4C00000205A68914203F10C0375D00130042812
:10C4D000F7D100202378092B19D0132B69D0082B12
:10C4E0005FD04FF00008204600F0D8FA204601F057
:10C4F0009BFCDFF8D890204604F05EFA204604F05A
:10C500002BF899F800307BB906B0BDE8F087637A64
:10C51000002BE6D1002854D0827ADFF8B090436037
:10C5200042F0020298468272002489F800404FF0DF
:10C53000010A63001A1907EB8202927A91072DD43F
:10C54000D20727D589F800A0B8F1000F22D02344E4
:10C550009D007019FFF74AFFE0B17B5BADF8083032
:10C5600086284FF6FF73ADF8063016BF03900623FA
:10C57000072301A88DF8043000F090FA01A801F01B
:10C5800053FC01A804F018FA01A803F0E5FF06B077
:10C59000BDE8F0870134042CCBD1B5E789F800A0C1
:10C5A000D5E7657A002D9CD158B1FFF7FDFEA8466E
:10C5B00099E74FF0010896E700EB400007EB800099
:10C5C00088E780468FE700BF4C3F0020864300206D
:10C5D000F0B5174E002183B033460D464FF6FF7479
:10C5E000FF2701EB410206EB82021C809C705F7208
:10C5F000907A013100F0FD006FF300000429907281
:10C6000003F10C0303F8045C43F8085CE9D1502300
:10C61000CDE900134FF4A072064B0749074800F01C
:10C62000D5FD002814BF0320002003B0F0BD00BFDB
:10C630004C3F00207C3F0020FC3D00203C3F002080
:10C64000F8B51E4F0646002505EB45039A0037F85E
:10C650002330B34205F101040AD0042C2546F3D15E
:10C660003046FFF74FFE10B1072818BF0320F8BD72
:10C670003A4491783046FFF759FE08B1FFF794FE2F
:10C68000042C2346ECD06200111937F82110B14276
:10C690000ED005EB450507EB850202E09189B1421A
:10C6A00005D00133042B02F10C02F7D1D8E75A0070
:10C6B0001A441D4607EB82025C1CDAE74C3F00205F
:10C6C0000023FFF763BD00BF83B32DE9F041CD1F09
:10C6D000012D0C4625D8551E032D22D807461E468F
:10C6E0001546FFF723FE804688B3037AAB421BD181
:10C6F00098F80910FF291FD0002788F8085025480E
:10C7000000F0B2FD68B305EB85031B019BB29B08EB
:10C710003380B47070600FB1082C09D00020BDE8E0
:10C72000F0810720BDE8F0810F20FBE70E20704765
:10C730009B00063B8380F1E72946164800F05CFD2C
:10C74000FF28014688F809000FD00127D5E7FF210F
:10C750004FF6FF70FFF7EAFD804620B10780847036
:10C76000C6E70320DEE71120DCE798F80A3088F8F6
:10C77000020003F0FD0300226FF300034FF6FF7188
:10C7800088F80A30A8F8001088F80820C8F80420B3
:10C790001120C7E73C3F002008B5FFF7C7FD18B1DF
:10C7A000FFF702FE002008BD052008BDCB1F012BAE
:10C7B00001D90720704770B50646104615460C464D
:10C7C000FFF7ACFD50B130462146FFF7AFFD38B161
:10C7D00005808470BDE87040FFF708BE072070BD7B
:10C7E000052070BD4FF6FF73984210B509D0FF28A1
:10C7F00004460FD80846214603F020FA50B92046D7
:10C8000010BD08464FF4807103F03CFA80B2B0F5D9
:10C81000807FF5D14FF6FF7010BD00BF4022002190
:10C82000014808F0D7BC00BF803F00200149FFF756
:10C83000D9BF00BF803F00204FF6FF72904209D061
:10C8400010B505490446FFF7CDFF201AB0FA80F075
:10C85000400910BD00207047A03F0020FF2800D9EC
:10C86000704710B501460446044803F0F7F9214625
:10C870000348BDE8104003F0F1B900BF803F00203D
:10C88000A03F0020FF2801D9002070470146014841
:10C8900003F0EEB9803F002038B54FF6FF739842A1
:10C8A0000D4615D0013084B2FF2C04D90CE09CB2A7
:10C8B000B4F5807F08D02146284603F0D9F9631CDF
:10C8C0000028F4D0204638BD4FF6FF74204638BD0E
:10C8D0000024F0E7F8B51149FFF7DEFF4FF6FF75CA
:10C8E000A84217D0FF28044612D80D4EA6F1200703
:10C8F00007E02046FFF7D0FFA84204460AD0FF2CED
:10C9000006D82146304603F0B3F939460028F0D165
:10C910002046F8BD4FF6FF742046F8BD803F00204A
:10C92000A03F00200149FFF7B7BF00BFA03F002094
:10C9300070B50024064E25462146304603F098F98E
:10C940000134B4F5807F0544F6D1284670BD00BFA0
:10C95000803F0020074B1A7802B9704710B5044693
:10C9600004F0BCFA204601F0BBFA2046BDE81040B6
:10C9700003F0D4BE8843002010B582B00024019299
:10C980006A460094FFF702FC02B010BD2DE9F04F9B
:10C9900087B083464FF6FF708A4601929946FFF7AB
:10C9A000BFFC00250421CDE9031503AB04AA062131
:10C9B00002AE044602950596FFF7E8FB07283FD034
:10C9C0004FF6FF77B8464FF0FF3660B1052814D117
:10C9D0002046FFF7A5FC03AB04AA06210446FFF797
:10C9E000D5FB0028F2D1029BAB4224BFA0461D46D6
:10C9F000B3423CBF1E462746EAE74FF6FF739C4210
:10CA00001AD1A04520D0A7420CBF05200020BBF1C1
:10CA1000000F01D0ABF80080BAF1000F01D0CAF8C6
:10CA20000050019B03B11F80B9F1000F05D0C9F878
:10CA3000006007B0BDE8F08F032007B0BDE8F08FBD
:10CA4000052007B0BDE8F08F0520E0E70F4B70B57B
:10CA50001C7814B90E4B1C7070BD0E4D0E4E002389
:10CA6000294630461A46FFF791FF052805D0B0FA4F
:10CA700080F4074B64091C7070BD00232B60044BCD
:10CA80004FF6FF7232801C7070BD00BF88430020DB
:10CA90008A430020C03F0020664300202DE9F0417A
:10CAA000054686B0808804F095F92B786880083BAD
:10CAB000032B3BD8DFE803F0283D1702654A664E9A
:10CAC00011783378002940F08A804BB1634F0024FD
:10CAD00057F8243028469847337801349C42F7DBD6
:10CAE00006B0BDE8F0815B4C2378002B37D15C4B5E
:10CAF0001B78DBB15B4BAA881B889A4216D1564E35
:10CB0000FFF7A4FF3378E0E76B7A2BBB56490A683E
:10CB10001AB1E868824200F09480514B1B782BB127
:10CB2000504BAA881B889A4200F086804A4E337880
:10CB3000CBE7494E6A7A3378002AC6D14A48016861
:10CB40000029C2D0EC68A142BFD1484C02602168E4
:10CB5000EA6001392160B8E7012BE7D1DDE74FF644
:10CB6000FF70FFF7DDFB4FF6FF7398420646BED11C
:10CB7000FFF7D8FBB042BAD1374E327800230DF11F
:10CB800004080C2101932370C8E90133C8E9033379
:10CB9000ADF80800ADF806008DF804109AB12F4FDB
:10CBA0001C4657F8243028469847337801349C4275
:10CBB000F7DB43B1002457F82430404698473378D8
:10CBC00001349C42F7DB264B1B78002B88D0254A8A
:10CBD000AB8812889A4283D1FFF738FF80E70DF1C6
:10CBE000040800240D2101941470C8F80440C8E919
:10CBF00003444FF6FF728DF80410A968ADF80820C1
:10CC0000ADF806200391002B3FF46AAF134F57F89D
:10CC1000243028469847337801349C42F7DB002BB8
:10CC20003FF45EAF002457F82430404698473378ED
:10CC300001349C42F7DB53E72B7A062B7FF476AF67
:10CC40005DE7084A044EA8880B60EB6010803378DB
:10CC50003BE700BF8743002089430020C43F0020FA
:10CC60008A43002066430020D03F0020C03F0020C0
:10CC700078B1F8B5074E337853B1074F0546002415
:10CC800057F8243028469847337801349C42F7DB24
:10CC9000F8BD704789430020C43F0020F8B5074E17
:10CCA000337853B1064F0546002457F82430284600
:10CCB0009847337801349C42F7DBF8BD8943002064
:10CCC000C43F0020FFF7EABFFFF7E8BF38B5FFF722
:10CCD00029FAD0B9FFF77CFCB8B901F0C9F8A0B9BE
:10CCE00000F09CFB88B903F09DFC70B903F070FE66
:10CCF00058B9074A074C0849084B10604FF6FF75B2
:10CD00000122258008701A7038BD032038BD00BF8D
:10CD1000D03F0020664300208A4300208843002043
:10CD20000A4B1B787BB10A4A1378022B09D810B43E
:10CD3000591C084C117044F8230000205DF8044B86
:10CD40007047042070470820704700BF88430020C8
:10CD500089430020C43F0020034B1B780BB101F036
:10CD6000D9B80820704700BF8843002008B5054B9C
:10CD70001B782BB101F0F0F8082808BF112008BD7E
:10CD8000082008BD8843002009B101F0E3B87047CE
:10CD9000024B1B7803B9704703F084BD8843002021
:10CDA000034B1B780BB100F093BF0820704700BF06
:10CDB00088430020084B1B7843B151B110B50C4695
:10CDC00003F096FF00232080184610BD0823184664
:10CDD00070470E231846704788430020024B18788E
:10CDE00000B97047FFF7A0BA8843002000B50B4B8D
:10CDF00083B01B785022019243B159B10A4601AB6E
:10CE00000721FFF7B9FD03B05DF804FB082003B06C
:10CE10005DF804FB0E2003B05DF804FB884300209E
:10CE2000034B1B780BB103F0E7BF0820704700BF2E
:10CE30008843002010B4054C24781CB15DF8044BE5
:10CE4000FFF7A4BD08205DF8044B7047884300201D
:10CE5000354B1B78002B38D02DE9F041334B344D46
:10CE6000064693E8030088B02B7801AC84E8030001
:10CE700013B3DFF8C880D8F8005015BB2D4B2E4FE8
:10CE80001A883B68B24224D05A1C20D00133214674
:10CE900030462A4A3B60FFF7E9F998B13B68002227
:10CEA000013B11283B60C8F800200AD0862809D031
:10CEB000072818BF032005E0FFF7C8FD2B78002BDB
:10CEC000D7D1112008B0BDE8F081082070471320A9
:10CED000F8E7002BDAD008233046194C0795CDE946
:10CEE0000355CDE905558DF80C3003F073FF9DF81F
:10CEF0001C302278ADF80E0065F300030621ADF872
:10CF000010608DF8155006958DF81C308DF81410B2
:10CF100042B10C4E56F8253003A8984723780135C6
:10CF20009D42F7DB0020CDE78843002050830400BA
:10CF30008A43002066430020C03F0020D03F0020ED
:10CF400089430020C43F002076DF704710B50446B7
:10CF500082B059B901A9FFF723FF43F202029042C0
:10CF600000D0B0B99DF804309B0710D400212046B2
:10CF7000FFF7FCFE58B1112809D00D2810D00B285E
:10CF800005D043F20202904201D001F041FD02B00F
:10CF900010BD01F03DFD9DF804309B07F7D4E5E797
:10CFA00020461321FFF7D0FFF1E700BF017839B128
:10CFB000072900D0704780680028FBD001F028BD09
:10CFC0004088FFF7C3BF00BF2DE9F041037886B06A
:10CFD0000446142B1BD8DFE803F00B1A4C1A1A1A5C
:10CFE0006A1A1D1A1D1A1A1A1A1A1A1A1A235C001A
:10CFF0008088FFF72DFF862868D0112866D0132877
:10D0000003D8584BC340DB0701D401F001FD06B043
:10D01000BDE8F081544B01221A7006B0BDE8F081E2
:10D02000524B534A1C68504B524F002504F10808DC
:10D0300015701D704FF6FF76624202F0070204F091
:10D04000070358BF5342013437F81320B24201A8F6
:10D050000AD0029527F813600195CDE9035505958F
:10D06000ADF80820FFF7B0FFA045E5D106B0BDE858
:10D07000F081037A012BCAD800238288059301A886
:10D08000CDE90133CDE90333ADF80820FFF79CFF6C
:10D09000BDE78368364948F20D620020934208706C
:10D0A00002D0B3F5064FB2D100F066F8AFE7304CCE
:10D0B0002378002BABD12C4D2B78E3B102F09CFCF4
:10D0C000B0B148F207629042A1D09EE72749294AB1
:10D0D0000B68A08822F8130001335A4202F00702BD
:10D0E00003F0070358BF53420B6000F045F88EE78A
:10D0F000012323708BE701A802F00EFD30BBBDF8C1
:10D100000A30002B14BF012300232B70D6D100233B
:10D1100001AA19461846FFF78DFE064628B1431F9F
:10D12000012B7FF674AF30466FE7BDF80400FFF7C0
:10D1300077FE064608B101F06BFC0122731F934293
:10D140002A707FF664AF002EB8D0ECE701F060FCE7
:10D15000BDF80A30002B14BF012300232B707FF48D
:10D1600056AFD4E7C100080071230020D43F00204F
:10D170008B4300202821002000B587B00023062221
:10D1800001A8CDE90133CDE9033305938DF80420DF
:10D19000FFF71AFF07B05DF804FB00BF42685AB101
:10D1A000FF2938B50D4606D00446BFF35F8F104601
:10D1B00002F05EFD08B938BD70476068BFF35F8F4D
:10D1C0002946BDE8384002F049BD00BF70B4DDE932
:10D1D000034570B169B163B105FB04F6964208D806
:10D1E0003CB135B1C0E90245C0E9001370BC002074
:10D1F0007047072070BC7047F8B5002830D003682E
:10D2000006466BB3406858B3B3684BB300250F466E
:10D21000FF2429460EE0FF2C19BF2B1B01330123ED
:10D220002C469F421DD00135B368EDB29D42294680
:10D2300016D2706802F002FDBFF35F8F0028EAD0BB
:10D24000FF2C0BD0AC4209D23368214630460BB1DB
:10D25000FFF7A4FF0134E4B2AC42F5D1FF24E2E7CA
:10D26000FF242046F8BD00BFA8B102689AB1426809
:10D270008AB1FF2938B50D460BD00446BFF35F8F46
:10D28000104602F0F5FC20B1E368206803FB0500BE
:10D2900038BD002038BD0020704700BF18B10368BA
:10D2A0000BB1FFF77BBF70477EDF70477FDF7047B2
:10D2B00086DF704710B50446408803F019FDA08052
:10D2C0002046BDE8104000F06FBD00BF00B587B03C
:10D2D000002304220193ADF806000DEB0200CDE916
:10D2E0000233CDE904338DF80420FFF7E3FF07B0E4
:10D2F0005DF804FB30B50E4D87B0002403948DF823
:10D300000C10ADF80E2029780194224603250494D0
:10D31000ADF806008DF81030029405948DF8045095
:10D32000FEF7D2FB01A8FFF7C5FF07B030BD00BF75
:10D330007323002030B5134B0A1C87B018BF01229D
:10D340000C4619780546FEF7BFFB0F4BA4F101020E
:10D35000B2FA82F2197828465209FEF7B5FB00238B
:10D36000012201A801930393ADF806508DF80C40FB
:10D370000293CDE904338DF80420FFF79BFF07B03B
:10D3800030BD00BF7523002074230020F0B51D4B75
:10D3900087B00D46197816460446FEF779FB38B972
:10D3A000014633462A462046FFF7A4FF07B0F0BDEA
:10D3B000154B20461978FEF76BFB04F580730028A7
:10D3C0004FF0070198B214BF01270227FFF7E4F9D5
:10D3D00078B105280DD00023CDE901330390CDE9C4
:10D3E000043301A80723ADF806408DF80430FFF799
:10D3F00061FF33462A4639462046FFF77BFF07B0D8
:10D40000F0BD00BF7523002074230020024B0A7872
:10D410001978FEF759BB00BF72230020F8B5184CED
:10D420002378182B28D0174D2B78182B20D0164E88
:10D430003378182B18D0154F3B78182B10D0237841
:10D44000182B0BD02B78182B08D03378182B05D03D
:10D450003B78182B0CBF03200020F8BD0320F8BD3B
:10D46000FEF70CFB3870EAE7FEF708FB3070E2E7E6
:10D47000FEF704FB2870DAE7FEF700FB2070D2E726
:10D4800073230020752300207423002072230020C2
:10D490002DE9F0418AB00E4617460546FEF73EFAE2
:10D4A00020220446002102A807F094FE012C10D08F
:10D4B00054B1002E6AD1852102AB28460022FFF725
:10D4C000F5FE0AB0BDE8F08143F202000AB0BDE803
:10D4D000F081DFF8D080002298F800102846FEF78F
:10D4E000F3FA002E5AD0284603F002FC4FF6FF73E1
:10D4F000984229D13378DA0758BF002139D505F58C
:10D50000807080B26B4601220721FFF7DDF81128F9
:10D51000D7D000283ED101465022019807F05AFE8C
:10D5200001991F4A0B4601F1180C03F8344B2846A9
:10D5300005974F1C11310293CDE906C7099203F0FC
:10D54000EDFB48BB014617E098F800102846FEF7AF
:10D550009FFA0028CED12846FFF7B8FE98F80010B1
:10D560002846FEF795FA0028C4D13378DB0715D496
:10D5700085210B4B05970993012C9DD102AB3246B7
:10D580002846FFF793FE0AB0BDE8F081284603F075
:10D59000AFFBAFE7032094E7082092E78521EDE792
:10D5A000D83F00207223002038B50C460546FEF710
:10D5B000B5F901280AD13CB121462846FFF774FE8F
:10D5C000042808BF112038BD204638BD43F20200B0
:10D5D00038BD00BF2DE9F0470388113B88B00446F1
:10D5E000092B2ED8DFE803F0522D05682D2D2D2DA7
:10D5F000A1308088FEF792F9012811D1227AA588FE
:10D60000BA4B12F0010F08BF0226024618BF0126CE
:10D6100028461978FEF758FA31462846FFF78AFE61
:10D6200034F8041F0434002303A805220594CDE92F
:10D630000333CDE90633ADF80E108DF80C20FFF75B
:10D6400039FE08B0BDE8F087A94B80881978FEF74D
:10D650001FFA05460028F4D1A088FEF77BF90028C0
:10D6600000F0DA80A14BA08819782A46FEF72CFA40
:10D67000A388ADF80E3003A802238DF814508DF85E
:10D6800015508DF80C30FFF715FEDAE7037A858820
:10D69000964A3D2B284641F23D03117814BF4FF4C2
:10D6A00088541C46FEF7F4F90028CAD021462846C3
:10D6B0000022FFF76BFEC4E700F11006304603F0CE
:10D6C00065FB4FF6FF7398420546074678D0014642
:10D6D000A08803F087FBA788844B3846197801227D
:10D6E000FEF7F2F938460021FFF724FE284601AA8A
:10D6F0000721FEF7E5FF002875D0002500231A4614
:10D700002946A088FFF7D4FD08289AD0002840F0C9
:10D710008B80A37EDB0794D5002D92D1A0882B4669
:10D7200041F20602FFF7E6FD8BE7704B057A1978A8
:10D73000868875B1427A304602F00304FEF7A8F9F4
:10D7400000283FF47EAF224629463046FFF71EFEF2
:10D7500077E72A463046FEF7B7F9637A13F00403F9
:10D760004CD006F58077BFB2384601AB01220721C5
:10D77000FEF7AAFF804600285CD003AF0723384697
:10D780000395CDF814808DF80C30ADF80E6004953B
:10D79000CDE90655FFF78EFD637AA1888DF8155007
:10D7A00013F0040F0CBF0222012202233846ADF809
:10D7B0000E108DF814208DF80C30FFF77BFD40E73C
:10D7C000A08803F095FAB4F80480484B0546197810
:10D7D00040460122FEF778F940460021FFF7AAFDF6
:10D7E000BD428AD082E7A37ED90786D5029D95F8EF
:10D7F0004430DA0740F1B98034357FE7A288ADF8CC
:10D800000E2003A802228DF815308DF80C208DF81B
:10D810001420FFF74FFD14E701460123A08841F2D1
:10D820000602FFF767FD0CE70590A188002303A817
:10D830000722FCE6304603F05BFA4FF6FF7398428E
:10D84000054681461DD0C14638462A460721FEF7C7
:10D85000ADFF034600284FD1637AA288ADF80E20B1
:10D8600013F0040F0CBF022101210222012303A89F
:10D870008DF814108DF80C208DF81530FFF71AFD77
:10D88000DFE60146029803F013FA48450546824652
:10D890005FD0DFF860A00146304603F0A3FA9AF8A3
:10D8A00000103046FEF7F4F881460028CBD1304610
:10D8B000FFF70CFD9AF800103046FEF7E9F8002853
:10D8C000C2D1637AA1888DF8150013F0040F0CBF44
:10D8D00002220122022303A8ADF80E108DF81420B5
:10D8E0008DF80C30FFF7E6FCABE600BF7323002099
:10D8F0007523002072230020862803AF3ED04FF00E
:10D900000008384605930723CDE90388CDE906884A
:10D910008DF80C30ADF80E60FFF7CCFC637AA1886F
:10D920008DF8158013F0040F0CBF02220122022390
:10D930003846ADF80E108DF814208DF80C30FFF736
:10D94000B9FCB9F1000F3FF47CAE284603F054FA5D
:10D9500077E6FEF7D3FC5045054632D029463046DF
:10D9600003F040FA4FF001096EE7314605F1460039
:10D9700003F0F2F900287FF43FAFBEE600233846FB
:10D980000622CDE90333CDE9053307938DF80C204A
:10D99000ADF80E60FFF78EFC637AA288ADF80E201A
:10D9A00013F0040F0CBF022101210222012338468B
:10D9B0008DF814108DF80C208DF81530FFF77AFCD7
:10D9C0003FE603AF042307223846CDE903880593D9
:10D9D000ADF80E60CDE906888DF80C20FFF76AFCE3
:10D9E000637AA1888DF81580DAE600BF28B3027843
:10D9F00002F08203802B1ED0C2F30213042B1AD82C
:10DA000002F0F203322B16D0437881788B4212D881
:10DA1000062B10D910290ED8C17810B411F00404C7
:10DA200005D10379580702D40B43190706D5002006
:10DA30005DF8044B704700207047704703F0030007
:10DA4000D30703D5003018BF0120F1E7B0FA80F00A
:10DA50004009EDE731F0080323D0112921D070B53A
:10DA60008AB000230D29064615460C46CDE905333C
:10DA7000CDE90733099315D003F03AF90723ADF840
:10DA80001660ADF8180005AD8DF814300FCD6E4658
:10DA90000FC62B68336068460294FFF7E9F80AB0B6
:10DAA00070BD704703F024F90323ADF81660ADF89C
:10DAB000180005AC8DF814300FCC6E460FC62368E5
:10DAC00033607DB12B7813F0010F0CBF02220122CD
:10DAD00041F2011368468DF80820ADF80A30FFF7CF
:10DAE000C7F8DCE70222F3E72DE9F043244B8FB0BF
:10DAF0000025CDE90A551B68099309AC07468946FC
:10DB000094E807000DF1040888E807003846C4E9E6
:10DB10000355C4E90155099503F0EAF80523ADF86A
:10DB20002800ADF826708DF824300FCC04AE0FC657
:10DB30002368336004A8CDF81890CDF81C80FFF757
:10DB400097F8104B01991A683846FFF7A1FC0E4B65
:10DB5000A0F11102B2FA82F204461978384652094D
:10DB6000FDF7B2FF094B2A4619783846FDF7ACFF9E
:10DB700021463846019AFFF76DFF0FB0BDE8F083EC
:10DB80002440002018400020792300207823002022
:10DB90000021FFF7A9BF00BF2DE9F04706468EB070
:10DBA000904699460D4600294DD1384B0A911B6885
:10DBB00009930B9109AC94E807000DF1040A8AE877
:10DBC00007003046C4E90355C4E90155099503F03F
:10DBD0008FF80527ADF82800ADF826608DF8247081
:10DBE0000FCC0DF1100CACE80F002368CDF81CA091
:10DBF00004A8CCF80030FFF73BF8254BDDF804A073
:10DC00001B785BB3424651463046FFF7CDFC1128E6
:10DC10000446204B27D0002219783046FDF754FFE8
:10DC20000B2C19D012D8BCB1082C15D00327B9F190
:10DC3000000F04D0524621463046FFF70BFF38460E
:10DC40000EB0BDE8F0874FF0000ADBE70D2C03D0E3
:10DC500043F202039C42E9D12746E8E79DF80D30E4
:10DC6000002BCFD1EBE7197801223046FDF72CFFCE
:10DC7000094B2A4619783046FDF726FF074B4246E6
:10DC800019783046FDF720FF0027D0E72440002018
:10DC90008C43002078230020772300207623002067
:10DCA000094B70B519780446FDF7F2FE074B05469F
:10DCB00019782046FDF7ECFE2A460146012320464E
:10DCC000BDE87040FFF768BF76230020772300206F
:10DCD00000293AD0F0B583B005460C46FDF724FE86
:10DCE000064670B3284603F003F8A6F1020623782F
:10DCF000B6FA86F64FF6FF72821A4FEA561618BF2A
:10DD0000012266F3000362F3C3032370074628462B
:10DD1000FDF720FE237860F3410323702846FDF7CA
:10DD20002DFE237860F3820323702846FDF73AFE28
:10DD300068B10120237860F304130020237003B03E
:10DD4000F0BD43F2020003B0F0BD0E20704728463C
:10DD5000FDF700FE0028EDD038466A460721FEF7A1
:10DD6000AFFC20B9019B93F84430DB07E1D40020DD
:10DD7000E0E700BF10B582B002ABE02203F8042D4B
:10DD80000C461946FFF7A4FF22789DF8041030B91D
:10DD900032EA01030CBF0120002002B010BD0023B5
:10DDA000184602B010BD00BF30B50378052B83B014
:10DDB000044614D0122B04D02046FEF759FF03B0BE
:10DDC00030BD184B40881A687AB1FDF7C3FD014693
:10DDD00068B960880A460123FFF7DEFEECE7816838
:10DDE0004088FFF781FE03B030BD0121F3E7227ABE
:10DDF00060880025C2F340012B4661F38203C2F321
:10DE0000000161F3C303C2F3800202A962F30413A9
:10DE100001F8043DFFF7AEFF80F00102D2B22946BF
:10DE20006088D8E72440002008B50378083BDBB2BF
:10DE30000B2B06D8012202FA03F340F60F0213421D
:10DE400000D108BD064B074918780022FDF766FE91
:10DE5000054B064918780022BDE80840FDF75EBE74
:10DE60007923002091DB030078230020A1DC03004C
:10DE700010B5174C2378182B0DD0164C2378182B7F
:10DE800010D0154C2378182B13D0144C2378182B52
:10DE900016D0002010BDFDF7F1FD20700D4C237849
:10DEA000182BEED1FDF7EAFD20700B4C2378182BD0
:10DEB000EBD1FDF7E3FD2070084C2378182BE8D157
:10DEC000FDF7DCFD1828207008BF0320E1D110BD4C
:10DED0007823002076230020772300207923002058
:10DEE00008B5FFF777FB074B074918780022FDF7C5
:10DEF00015FE064B064918780022BDE80840FDF7DC
:10DF00000DBE00BF7923002091DB030078230020A1
:10DF1000A1DC030010B5044670B1FFF767FD88B1BE
:10DF2000094B2068186021790848094A19710121B4
:10DF300003601170002010BD0449054A08600121EA
:10DF4000117010BD072010BD1C400020244000208F
:10DF50008C430020FFF75ABA00230A461946FFF700
:10DF60001BBE00BF10DF704711DF704710B582B0D5
:10DF700004460C496846FDF707F8019B2BB90DE0F4
:10DF80006846FDF70BF8019B43B1D3E90021204619
:10DF900090470028F4D1112002B010BD002002B03B
:10DFA00010BD00BF5C83040010B582B0044609496F
:10DFB0006846FCF7E9FF019B4BB1D3E900212046FD
:10DFC00090476846FCF7EAFF019B002BF5D102B0B1
:10DFD00010BD00BF748304000B4991F81623EC2395
:10DFE00052091341DB070BD5084B9A6822B11A6816
:10DFF00042F480021A6070474FF480030B60704750
:10E0000042F2020000F004BD00E100E0A043002065
:10E01000F0B51B4D2C7883B01CBB1A4F012620464F
:10E020003E70FFF7A3FF112818D02046FFF7BCFF72
:10E0300002A8154B00F8054D1B68019300F0F8FC91
:10E04000124901A8FFF78EFFB0FA80F304465B097E
:10E050009DF803002B7000F011FD34B1204603B091
:10E06000F0BD0824204603B0F0BD094B3C701C7085
:10E07000FFF7B2FF3046FFF797FF204603B0F0BD31
:10E080008E4300208D4300205883040009B2020013
:10E090008F430020F0B51F4D2B7883B083B301234D
:10E0A0001D4E18463370FFF761FF112824D002205F
:10E0B000FFF77AFF02A8002700F8017D00F0B8FC06
:10E0C000FFF752FF04469DF807002F7000F0D6FCC2
:10E0D0009CB9124B34709A68B2B9114B4FF480025C
:10E0E000C3F88020BFF34F8FBFF36F8F0320FFF77C
:10E0F0005BFF204603B0F0BD0024204603B0F0BD16
:10E100000824204603B0F0BD1A6822F480021A6089
:10E11000ECE700BF8E4300208D430020A043002089
:10E1200000E100E0054B1B7833B1054B1B780BB9C0
:10E13000FFF76EBFFFF7AEBF082070478D4300208A
:10E140008E430020014B1878704700BF8E4300209B
:10E150000B4B1B7873B10B4B9A6862B90A4B4FF4A7
:10E160008002C3F88020BFF34F8FBFF36F8F074B40
:10E1700001221A7070471A6822F480021A60F6E7CA
:10E180008E430020A043002000E100E08F430020E8
:10E1900010B5084C237813B1074B1B7803B910BD99
:10E1A000064B4FF48002C3F80021FFF715FF002350
:10E1B000237010BD8F4300208E43002000E100E05B
:10E1C000034B1B7813B1034B18787047012070473D
:10E1D0008E4300208F43002000B583B06846084975
:10E1E000FCF7D2FE019B43B1D3E90020904768467B
:10E1F000FCF7D4FE019B002BF6D103B05DF804FBC5
:10E2000068830400FFF7E8BF60DF704769DF70478D
:10E2100061DF7047134B1B781BB330B5124D91B0C3
:10E2200034240DF1020103A8ADF80240FFF7F0FF1E
:10E2300088B9294601A8FCF7A7FE029B002BF0D065
:10E24000D3E9002103A8904701A8FCF7A7FE029B91
:10E25000002BF5D1E5E7052801D000F0D9FB11B07E
:10E2600030BD70479043002080830400002942D0D5
:10E2700070B584B00023214A0A60CDE901330C4611
:10E28000012501A98DF804000626202003938DF8AE
:10E290000650ADF80860FFF7B9FF01A922680193A5
:10E2A0004020CDE902338DF80550FFF7AFFF01A9FB
:10E2B0002268039328460425CDE901338DF80450E4
:10E2C000FFF7A4FF0DEB0501226802934FF4E4650C
:10E2D000A12003930195FFF799FF2268019301A9FB
:10E2E0000124A020CDE902338DF80440FFF78EFF12
:10E2F000184604B070BD0E20704700BF40200020BB
:10E3000008B5FFF781FF10B9014B01221A7008BD53
:10E31000904300204BDF704710B5114C84B001A82A
:10E32000FFF7F8FFA8B9214602A8FCF72DFE039BD2
:10E33000002BF4D0D3E900210198904702A8FCF704
:10E340002DFE039B002BF5D101A8FFF7E3FF00286A
:10E35000E9D0052801D000F05BFB04B010BD00BF80
:10E360008C83040000207047A8DF7047ADDF704742
:10E37000AEDF7047B0DF704762DF70473CDF704749
:10E380003DDF7047704700BFF8B10388112B17D0ED
:10E3900010D9F0B5512B89B0044618D0532B07D1B2
:10E3A000314DC288EB889A4202D12B7E002B44D19A
:10E3B00009B0F0BD102B09D12B4B82889A80704791
:10E3C000294B81889A88914233D070477047264DF7
:10E3D0008388A8889842EBD1A379022BE8D12189C0
:10E3E000EA889142E4D1A27B043A022AE0D90026CD
:10E3F00001AF02AA69890293CDE90466CDE90666F8
:10E400008DF810300397FFF7B1FFF0B140F2FD1324
:10E41000ADF8143004A9A888FFF7ACFF1128F9D093
:10E42000BDF81430002BC3D104F1080000F046F908
:10E43000BEE74FF6FF729A80704700F0C9F90028D6
:10E44000B6D06B6902209847B2E73846FDF784FBE7
:10E450000028DBD09DF81630ADF8146043F00103BE
:10E460008DF81630D6E700BF2840002030B5144B99
:10E4700087B0DA888DF8050002248DF80610988898
:10E48000ADF8082000230321CDF80A302025ADF88F
:10E490000E300DEB040201ABADF8021002A98DF8AD
:10E4A00004508DF80A40CDE90423FFF761FF20B93D
:10E4B000BDF80230032B18BF0C2007B030BD00BFE1
:10E4C0002840002010B54FF0FF310020FFF758FF23
:10E4D000044608B1204610BDB121FFF74FFF0446A6
:10E4E0000028F7D1044B01205B6998470220FCF714
:10E4F000F3FC204610BD00BF2840002030B51A4B69
:10E5000005460FCB87B002AC84E80F004DB32A68F4
:10E51000164B4FF6FF7000215A6198801976EAB1C8
:10E52000124800F083F808B107B030BD06A94FF6D5
:10E53000596321F8143D012318460D4A8DF8063021
:10E54000FFF712FF0028EFD120460849FFF714FF1C
:10E550000028E9D1054800F087F8E5E7054A5A6147
:10E56000DEE70E2007B030BD98830400284000206D
:10E570002A40002085E30300B2DF70474FF0020C11
:10E5800000DF704710B50E4C2368BBB11A7EAAB1EC
:10E590000278082A0AD0092A10D1FFF793FF68B140
:10E5A000236802205B69BDE810401847027A012AFF
:10E5B00004D11A69013A1A61002AEED010BD00BFD9
:10E5C0009C43002017490B6853B34B6843B370B5A5
:10E5D000083198470828044621D0134D2B6888B18C
:10E5E00000221A765A7606210120FFF73FFF18B164
:10E5F0002B6803205B6998472B6802205B69BDE8A4
:10E60000704018470121587619760846FFF72EFF0B
:10E6100028B12B6803205B6998472B681C7670BD76
:10E62000704700BF844000209C430020034620B177
:10E63000034A04481360FEF773BB0E20704700BF07
:10E640009C43002085E5030008B501F0B1FD00B151
:10E6500008BD0448FFF792FF0028F9D1BDE8084043
:10E6600001F0B6BD8440002030B589B004461E22BA
:10E6700000210DF1020006F0ADFD2246608812F87F
:10E68000063B8DF80230042528240123ADF8005004
:10E690008DF80D406946032417258DF810308DF84C
:10E6A0000C308DF81130ADF804508DF813408DF812
:10E6B0001240FDF755FA09B030BD00BF2DE9F04218
:10E6C000047B012C96B01FD13E4D2F68797E064603
:10E6D00059BB02A8502206F07DFDB88801A9FEF7BB
:10E6E00069FB48B9BDF804004FF6FF73984265D046
:10E6F00002A9FEF77BFB18B31128347B1ED00F282C
:10E7000014BF0421072101E02E4D02212046FFF70E
:10E71000ADFE18B12B6803205B6998472B68022077
:10E720005B69984716B0BDE8F08220460621FFF7E6
:10E730009DFE0028F6D01128347BE0D10621E5E7C4
:10E740000DF1580C204F5CF84F0DDCF80410DCF88C
:10E750000820DCF80C30BCF814900FC70DF13C0E0B
:10E76000DCF810003860BEE80F009CF816C087F88F
:10E7700006C007F1080CA7F80490ACE80F009EE86B
:10E78000070016AB8CE80700082223F8522D2A68F0
:10E7900007F1240190881A462346FFF7EDFE002872
:10E7A000AAD10A49A7F1140051F8083B984700285C
:10E7B000A2D12B685C7616B0BDE8F082347B0721CD
:10E7C000A4E700BF9C430020484000208440002074
:10E7D00010B5064C236800205B6998472468FEF753
:10E7E000A7F8206102F08CF9002010BD9C430020A6
:10E7F000A8DF7047F0B5074689B014461E460D469F
:10E80000E9B114B9204600F003F91E2200210DF1F0
:10E81000020006F0DFFC0C4B0E9A1888ADF8007071
:10E8200002236946ADF80440ADF8064002958DF824
:10E8300011608DF80D30FDF793F909B0F0BD084671
:10E8400000F0E6F8DDE700BF6843002070B586B051
:10E8500006A941F60A0321F80C3D01230446624A49
:10E860008DF80E301846FFF7C3FF0546002869D122
:10E870002288002A69D12289002A40F08D80228ACC
:10E88000002A40F09680228B002A40F09F80228C44
:10E89000002A69D1228D002A72D1236B1BB3D3E9E0
:10E8A0000021160A100C8DF81410110E8DF811604D
:10E8B0008DF810208DF812008DF8131099684B4ACE
:10E8C00094F83C308DF81510080A0E0C00928DF863
:10E8D0001600082204A942F623208DF81760FFF7DE
:10E8E00089FF00283CD1616B51B141480A7994F805
:10E8F0003C300968009042F62A20FFF77BFF78BB86
:10E90000A26BFAB113788DF8103053888DF811305E
:10E910001B0A8DF8123093888DF813301B0A8DF87E
:10E92000143094F83C30D488324A0092250A0722E9
:10E9300004A942F650208DF816508DF81540FFF7C7
:10E9400059FF0546284606B070BD2B4894F83C3068
:10E950006168009042F62920FFF74CFF00288AD01A
:10E960000546284606B070BD244894F83C30616ADC
:10E97000009042F62620FFF73DFF00288AD0EFE7FF
:10E980001F4894F83C30E16A009042F62820FFF7D7
:10E9900031FF002881D0E3E71A4894F83C30E16861
:10E9A000009042F62420FFF725FF00283FF467AFD0
:10E9B000D6E7154894F83C306169009042F625206E
:10E9C000FFF718FF00283FF45EAFC9E70F4894F83F
:10E9D0003C30E169009042F62720FFF70BFF00284A
:10E9E0003FF455AF0546BCE768430020D040002007
:10E9F000B8400020B0400020A040002090400020FF
:10EA0000C8400020A8400020C040002098400020BE
:10EA100000B585B000230390194601AA44F2010015
:10EA2000CDE90133ECF7F0FB05B05DF804FB00BF66
:10EA300070B4EFF3108472B60D4B9A68AAB90D4901
:10EA40000D4E01259D60D1F8805035401D60C1F804
:10EA50008060D1F884505D604FF0FF33C1F884309E
:10EA6000027004B962B670BC704701230370F8E706
:10EA7000A043002000E100E0FC06FFBD094B9A68BE
:10EA80007AB170B910B4EFF3108172B6064A1C68FF
:10EA900014605C685460986001B962B65DF8044B1C
:10EAA00070477047A043002000E100E070B50A4CB9
:10EAB0000A48626886885388016882B00333002060
:10EAC0009BB2009003259B0001EB86010448257052
:10EAD00001F078F902B070BDFC400020C841002070
:10EAE000A4230020014608B50548FCF7A9F9002237
:10EAF000026042608260C26002614261826108BD60
:10EB0000B44100201D4B0A6800EB800003EB80033A
:10EB10005B6803F5805072B35388033302EB8302C2
:10EB2000824217D21368013314D05388033302EBA7
:10EB3000830398420ED330B44FF6FF759488AC42ED
:10EB40000AD0148844B19468013405D001200A60C9
:10EB500030BC704700207047984209D91A680132CA
:10EB60001A4605D05C88033403EB84039842E5D24F
:10EB7000002030BC704703F10802D1E714410020A7
:10EB8000F0B5426883B01AB11F4BDC68A2421FD2B5
:10EB900000270E4605460F800197002005E0019BE7
:10EBA0002A689C6894420DD0308801A9FFF7AAFF1B
:10EBB0000028F4D1338801339BB23380002BEBD093
:10EBC00003B0F0BD114A6B6013892B8103B0F0BD17
:10EBD0001B699A42DCD812F00303D9D10B4C05898A
:10EBE0002489A542D4D105689468A542D0D10848AB
:10EBF0004068824206D900F58050824202D20B80E2
:10EC00000120DDE71846DBE7A4230020FC400020BC
:10EC1000144100202DE9F0419C8854B9DFF864804C
:10EC200017460E4605461C4698F8000058B10123C9
:10EC3000A38048F20960BDE8F08186B11988328866
:10EC400091420CD0A0882146FFF75CFF80B1236879
:10EC5000002DF2D099882A889142EED0F2E7084937
:10EC60009A6809893981C7E900230020BDE8F0814D
:10EC7000A388206001339BB2A380002BD4D0D8E7B7
:10EC8000FC4000201441002030B40E4C0E4A638832
:10EC900003EB830302EB8302D3685BB10B4B0C489D
:10ECA0001968022205259A8025700023012230BCB4
:10ECB00001F0BCB80425516825700548012230BC1C
:10ECC00001F0B4B8FC40002014410020C8410020ED
:10ECD000A423002008B5074B191D5888FFF712FF21
:10ECE00018B9BDE80840FFF7CFBFBDE80840FFF7FF
:10ECF000DDBE00BFFC4000202DE9F04FDFF880832F
:10ED0000DFF880A3DFF880B3DFF880938BB005468F
:10ED1000D8F80040002C00F0898023785A1E052A7C
:10ED200060D8DFE802F05237371C1C03002D40F09A
:10ED3000B88099F80B2099F80030002A00F037814C
:10ED4000013B89F80B50062B00F2A482DFE813F098
:10ED500034038C02AF01C401A2028F027202002DA3
:10ED600040F01C812779012F00F05581C0F02C81E3
:10ED700005AE022F0595C6E90255356140F09E802B
:10ED80002846023B0690042B35D8DFE803F07E6A64
:10ED90005E579300A68AA07D002D40F0E080B7006A
:10EDA000AD4DB91905EB8101B1F808C04A6802EB15
:10EDB0008C02062800F2D282DFE810F01702C201AE
:10EDC000D301E801FC019101B701002D40F0BB80A7
:10EDD0002279032A00F29580DFE812F0A9005A0197
:10EDE0009E007300002305AEC6E9033348F20E62AD
:10EDF000B36005930692994C04F1100554F8043B56
:10EE0000304603B19847A542F8D1514600255846EF
:10EE1000C8F80050FCF738F80121914800F0B2FF23
:10EE200000287FF475AF0BB0BDE8F08F514658460F
:10EE3000FCF720F80446C8F800006EE7E388ADF858
:10EE4000203004238DF81430D5E70323E18822898C
:10EE50008DF81430E3680793ADF82010ADF8222048
:10EE6000C9E7A37D2289A088E168ADF82020A3F13D
:10EE70000603B3FA83F35B0902228DF82430ADF860
:10EE8000220007918DF81420B5E701232189A2887B
:10EE90008DF81430E3680793ADF82010ADF8222008
:10EEA000A9E705AE0023B3600593C6E903334FF429
:10EEB0000643069305238DF814309CE748F20E6054
:10EEC0005FE7684E684A31686848634D00272771DC
:10EED0000823009700F076FFB9F802303468B18853
:10EEE00003EB830305EB830205F82370536833605B
:10EEF000022354601181B380002894D0D8F80040D8
:10EF000023785B4905AE00224A600592C6E90222D9
:10EF1000326148F20D6034E7524A544811680023C8
:10EF2000237102249480012200F080FFE4E74D4B1E
:10EF3000504A19684D480123237100230093082388
:10EF400000F040FFD8E705AE494A0023536005931F
:10EF5000C6E9023333614FF4064306934BE70228B8
:10EF6000E28876D9B7003C4DB81905EB8000D11C7A
:10EF7000B0F808C0614401813E4405EB8605C2F546
:10EF80007F42698905AEFD320A4400216A81B16081
:10EF90000591C6E903114FF40640F2E605AE0022E2
:10EFA000B2600592C6E903224FF40640E9E6072B5A
:10EFB00000F2C081DFE813F07701BE01BE014D0110
:10EFC000AD013E013E01A701022305AE237130468B
:10EFD000E36805930DF1120106950795FFF7D0FD43
:10EFE000002800F01D810699234A8B88E3800B8856
:10EFF00023811E4800950423BDF8124000F0E2FE74
:10F00000002840F0D481144B04EB840403EB840407
:10F010000123237407E7164B1B78002B00F0F380C5
:10F0200005AE164B32462946A01DFFF7F3FD00281A
:10F0300000F0C58148F20963104A9842C2E90055C0
:10F040003DD1C6E90055C6E9025535612846237809
:10F0500097E6014DB7008FE714410020E4400020FF
:10F06000C4410020C8410020AC830400A423002038
:10F07000F4400020B4830400A8830400D44100209D
:10F080001041002008410020B4410020FC40002035
:10F09000B44D2B78022B40F0778100236968B24A87
:10F0A0000093B2482B70082300F08CFE24E7FFF792
:10F0B000FDFC00283FF4B7AED8F8004005AE0022B2
:10F0C00041F61D5123783261C6E90022C6E90222C9
:10F0D000884208BF104654E6FFF7D6FDE9E7A44B87
:10F0E000A44A1B8803934FF0060C0023516884F850
:10F0F00016C0A14A00939D48042300F063FE002837
:10F1000000F04D81A27DE388022A48F20D600FD8FD
:10F110003E4405EB8605C3F57F436A89D8F8004075
:10F12000FD3313446B8105AEC9E7E38841F61D50FA
:10F13000B91905EB8101DA1C0C8922440A81E7E741
:10F14000032B0CBF052306230020A375111D00907F
:10F15000042304F10802854800F034FE0028D1D1D0
:10F1600061E623698148002B14BF032301234FF07C
:10F17000000CA37502F108010423CDF800C004F1CE
:10F180000C0200F01FFE0028BCD14CE6E388774853
:10F190004FF0010C84F816C04FF0000C02F10C0186
:10F1A0009B002269CDF800C000F00CFE00283FF45F
:10F1B0003AAEA7E76F4BA0690392186000226C4932
:10F1C0005A601846FFF7DCFC039A002800F009811A
:10F1D0000223A37511460423002200926348E2181B
:10F1E00000F0F0FD00288DD11DE602230020A3755C
:10F1F000042311460090E2185C4800F0E3FD00286B
:10F200003FF411AE7EE75D4B0595C3E9005505AEB1
:10F21000237848F20160C6E90155C6E90355B0E517
:10F2200048F209600023C6E90033C6E902333361BE
:10F230002378A6E5524B534A19684C4800230093A3
:10F240000724C9F80430082389F8004000F0BAFD0B
:10F250002FE74B4AD9F804109388498803330B44AD
:10F260000221938089F80010FFF734FD21E7B9F8F7
:10F2700002203C4D9300134405EB8305002369688D
:10F28000394A009306240823384889F8004000F0E2
:10F2900099FD0EE705AE0023B3600593C6E903337D
:10F2A00048F20E6305E62F4DB9F808202B7801329D
:10F2B000B3FA83F300215B09A9F80820012289F839
:10F2C0000A30A9F8021089F80B1089F800204BB118
:10F2D000244DEB68002289F80A201BB92A7C002AF9
:10F2E00040F0898005AED8F800400020706089F8B1
:10F2F0000000A9F80200C9F804000590C6E9020060
:10F30000306123783DE5012389F8003099F80A300F
:10F31000DDE7B9F80220134D19489300991805EB61
:10F32000810104684F6886884C60022407600E8162
:10F330008480A0E7013B062BACD801A252F823F051
:10F34000B9F3030069F20300AFF00300D9F0030042
:10F3500095F203006FF2030035F20300E38848F2F0
:10F360000E60E5E614410020AC830400A4230020D5
:10F370006A430020D8400020A8830400D441002024
:10F38000C8410020B48304001D4A05AE0123137058
:10F39000002353600593C6E902333361DDE5039B27
:10F3A00003EB830B05EB8B0501232B743BE5D8F8AE
:10F3B000004048F20D6035E799F80A3087E7114CB4
:10F3C00000950699104A1148A488042300F0FAFC1D
:10F3D0000028ECD10E4B04EB840403EB8404277467
:10F3E00021E505AE0590C6E90100C6E903002378D2
:10F3F00048F20960C5E4A9F80230FFF76BFC58E653
:10F40000F4400020D4410020A8830400A42300205D
:10F41000144100204068FFF76FBC00BF08B5012110
:10F42000044800F097FC00B108BDBDE80840FFF7B4
:10F4300063BC00BFC44100202DE9F0474E4C247846
:10F4400082B0002C4FD0002969D00D884FF6FF7490
:10F45000A54243D04C88002C40D04C68A40763D10F
:10F46000002A45D0B2F800905788804601A81E4671
:10F470000C46FFF737FB054600285DD06368036143
:10F480004FF0000A0670A0F8149080F816A0012131
:10F490003A4800F06BFC22886388AB80032EE8605A
:10F4A0002A81EF8058D0A5F80AA001A93448FBF7BB
:10F4B000D1FCB8F1000F0BD0324AEB681289C8F8C2
:10F4C00000300023A8F80820C8F8043088F80A3073
:10F4D000FFF7A4FF002002B0BDE8F08748F2036008
:10F4E00002B0BDE8F08748F2016002B0BDE8F087E5
:10F4F0000F89FA1C92B240F2FE34A24219D8224D72
:10F500002E78B6BBB5F80AC02C8964441444A4B262
:10F51000B4F5806F2DD862446A81B146A5E748F200
:10F52000046002B0BDE8F08748F2026002B0BDE8B6
:10F53000F08748F20860D3E7134B09EB890903EB26
:10F540008909C7F57F47B9F80A30FD371F44A9F884
:10F550000A7048F20760C3E7D8F80030AB610422B4
:10F56000AA750DEB0201A5F80AA00548FBF772FC8D
:10F57000A2E748F20660B3E7F44000200C41002007
:10F58000B4410020FC400020144100208368F0B505
:10F5900001334FF002040C8015D01B4F00F580554D
:10F5A0004FF6FF7608304FF0010CB0F802E00EF194
:10F5B000030400EB8404A54206D20AB101231370B0
:10F5C0004FF480630B80F0BD8388B34216D003886C
:10F5D000A3B183685C1C11D03C689C4200D23B60A4
:10F5E0000B88033373440B804388033300EB8300A1
:10F5F0008542E8D903680133D7D1F0BD002AEFD0A6
:10F6000082F800C0ECE700BF0C41002038B5094B80
:10F610001A68042A0AD01D68074C024601211846C0
:10F6200044F8252000F0A2FB002038BD48F20B6012
:10F6300038BD00BFD0410020E44000202DE9F04F4C
:10F640009B4C89B022780023CDE90333CDE9053303
:10F65000079372B1974C04F1100554F8043B03A8CA
:10F6600003B19847A542F8D10025284609B0BDE866
:10F67000F08F201D02F0FF0600F090FB07460028E7
:10F68000F2D140F6F8731B685D1C00F09D804FF0CE
:10F69000805211695269DFF848828749C8F81030F2
:10F6A0004046A3F500530022C8F80C3000F082FB5E
:10F6B00005460028D9D11C238C2280498048FBF7BD
:10F6C00085FBA9464FF0020BAA46D8F80C3019EB7F
:10F6D000030C59F803204CD07A4B9A4200F08280F8
:10F6E00001324BD078480AEB8A0300EB83020321F6
:10F6F0000BF1FF3B0AF1010A00F823101FFA8BFB04
:10F700001FFA8AFAC2F804C009F58059B9F5005FFA
:10F71000DBD1BBF1010F62D9FFB2022F5FD0062F00
:10F7200000F09180002F5AD002A8FFF7DBF90028E3
:10F7300000F0BA800123013F03700A2F09D8DFE8E7
:10F7400007F0120812080F080F081506150002230B
:10F75000037102A95A48FBF77DFBFFF75FFE84E7C0
:10F7600001230371F5E700230371F2E7032303711B
:10F77000EFE7531C02D0534B9A42B3D10CF1040370
:10F780000CF580511A68013203F10403AAD19942A1
:10F79000F8D14E4B1A68002A7ED04B4ADFF838E188
:10F7A0000AEB8A0302EB830110460222C1F804C06F
:10F7B0000A8100F823200AF10101AEF802A01FFA25
:10F7C00081FA47F001079FE7414B4FF080521B68D9
:10F7D00011695269581C08BF02FB01F35BE748F24C
:10F7E0000A6542E7DCF804303A498B423AD00131ED
:10F7F0008B42BED1002E55D0374A344BA2F802A01E
:10F80000314A196801910AEB8A0E02EB8E01084613
:10F81000022102F82E1002460AF1010A01985060F6
:10F8200011811FFA8AFA604600222C49C3F800C0F1
:10F830000193FFF7ABFE019B9B88022B14BF0823AB
:10F8400004231F4360E71B4D01220023227005F1B2
:10F850001006636055F8043B03A803B19847B5420E
:10F86000F8D101E70AEB8A0217489300002100F85B
:10F8700022100146184403F1100208330A44C0F86C
:10F8800004C0194460460AF1010AFFF77FFE47F001
:10F8900002071FFA8AFA37E70222C3F800C09A80EB
:10F8A00001268EE7094BBEE748F20765DDE600BF9B
:10F8B000F4400020E4400020C883040028410020D8
:10F8C000B4410020DEC0ADDE14410020C84100205C
:10F8D00014100010FE011EF1FC400020CC4100205D
:10F8E000A423002010B309B370B582B00C460DF10B
:10F8F00006010546FFF744F9A0B1BDF806000D4B1F
:10F900006E6800EB800003EB800001210C3000F0FA
:10F910002DFA6B6826600C33012200206360AA7206
:10F9200002B070BD48F2096002B070BD48F20460D8
:10F93000704700BF14410020F0B110B582B00DF146
:10F9400006010446FFF71CF990B1BDF806300E4AD7
:10F9500003EB830302EB8303DA6882B1A27A72B10C
:10F96000DA680021013A0846DA60A17202B010BDDF
:10F9700048F2096002B010BD48F20460704748F2D6
:10F98000056002B010BD00BF144100200223002218
:10F99000FFF752BD18B103230022FFF74DBD48F217
:10F9A00004607047124B1B78DBB14FF6FF7398422F
:10F9B00014D010B582B0044601A8FFF793F898B1AF
:10F9C0000522012302700371C48001A90948FBF7D5
:10F9D00041FAFFF723FD002002B010BD48F203609A
:10F9E000704748F20160704748F2076002B010BDEE
:10F9F000F4400020B4410020114B1B78A3B100B5A6
:10FA000083B001A8FFF76EF8A0B10623037001A927
:10FA10000C48FBF71FFA0C4B1A7842B9FFF7FEFCB3
:10FA2000002003B05DF804FB48F20160704701223A
:10FA3000DA72F3E748F2076003B05DF804FB00BF39
:10FA4000F4400020B4410020FC40002010B50C4CD4
:10FA500082B0ADF806002078ADF8041060B13AB17C
:10FA600033B101A90DF10600FFF7D4F802B010BDC3
:10FA700048F2046002B010BD48F2016002B010BD4F
:10FA8000F440002000B50E4B83B01B78ADF80600A3
:10FA900083B151B14AB1134600200A460DF1060167
:10FAA000FFF7B8F803B05DF804FB48F2046003B058
:10FAB0005DF804FB48F2016003B05DF804FB00BF91
:10FAC000F440002000B50E4B83B01B78ADF8060063
:10FAD00083B151B14AB113460DF106000A46002127
:10FAE000FFF798F803B05DF804FB48F2046003B038
:10FAF0005DF804FB48F2016003B05DF804FB00BF51
:10FB0000F440002020B119B103680B600020704759
:10FB100048F20460704700BF3F4B1B78002B6ED04B
:10FB200000286FD0F0B43D490025C0F80250C0F85D
:10FB30000650C0F80A504E890B894C68C0F80E5028
:10FB4000334402229BB202801CB1354A256895429B
:10FB50005BD001220280CD68028941884789324406
:10FB60000D4486890281C3F5806189B2A26845800F
:10FB70008E423B4438BF81810132438104F580517C
:10FB800004F108032BD06289033203EB8202914215
:10FB90001BD34FF6FF759A88AA4223D01A880AB35E
:10FBA0009A6801321ED08288013282805A880332DC
:10FBB00003EB8203994212D91A6801320FD05A8896
:10FBC000033203EB82029142E5D2C489C288CB1A88
:10FBD00004EBA30301320121C381C2800174002020
:10FBE000F0BC7047C488C2890134C4805C88033289
:10FBF0002244C2815A88033203EB8203DAE748F2D7
:10FC00000160704748F2046070476568054A2A44FD
:10FC1000012AA0D99DE700BFF44000201441002034
:10FC2000DEC0ADDE02FEE10E01F01F024B09012134
:10FC300000EB8300914000F075B800BF10B50123C0
:10FC400001F01F04490900EB810003FA04F100F000
:10FC50005DF8E04000F0010010BD00BF01F01F02A0
:10FC600001234909934000EB8100D94300F066B8B5
:10FC70004B0901F01F0150F82300C84000F00100BB
:10FC8000704700BF2DE9F84301F1FF384FEA5813E0
:10FC900000F104080F46064608EB830804460025D9
:10FCA00023686FEA030999FAA9F9B9FA89F9B9F150
:10FCB000200F18D0A9444F450CD814E02368DB432B
:10FCC00093FAA3F3B3FA83F3202B05EB03090AD0CD
:10FCD0004F4508D949463046FFF7B0FF0028EDD11F
:10FCE0004846BDE8F8830434444505F12005D7D1E2
:10FCF000B9464846BDE8F88350E8002F0B4640E877
:10FD0000003C9CF0000FF7D11046704750E8002FE0
:10FD100042EA010340E8003C9CF0000FF6D1104697
:10FD2000704700BF50E8003F43EA010240E8002C62
:10FD30009CF0000FF6D11046704700BF50E8003F1E
:10FD400003EA010240E8002C9CF0000FF6D11046B7
:10FD5000704700BF50E8002F02EB010340E8003C71
:10FD60009CF0000FF6D11046704700BF50E8003FEE
:10FD700003EB010240E8002C9CF0000FF6D1104686
:10FD8000704700BF50E8003FA3EB010240E8002CA1
:10FD90009CF0000FF6D11046704700BF012350E8D9
:10FDA00000CF4CEA030240E8002191F0000FF6D1A9
:10FDB0006046704720B119B101600B6811461847C1
:10FDC0000E20704750B32DE9F0414AB3D0F800E05F
:10FDD000BEF1000F27D01D4673B14768D7F80480E5
:10FDE000B3FBF8F708FB173737B942EA0104A40759
:10FDF00005D01020BDE8F0810920BDE8F081C4687D
:10FE0000A142F6D301F1FF3C04696544A542F0D854
:10FE1000DEF80C40A446BDE8F04160470E20704774
:10FE20000E20BDE8F0810820BDE8F08100B3D0F8D5
:10FE300000C0F0B5BCF1000F1CD0AAB14768D7F8DC
:10FE400000E00EF1FF370F4210D1C768B9420DD361
:10FE50004D1E04690EFB0255A54207D8DCF8104080
:10FE6000A446BDE8F04060470920F0BD1020F0BD79
:10FE70000E2070470820F0BD29DF704728DF70474B
:10FE800003689A6832B330B50479856887B0002377
:10FE9000019102930093CDE9033305956CB1012CD8
:10FEA00007D1C368416904911B03022102938DF8B5
:10FEB00000106846904707B030BDD0E9031443698D
:10FEC000049301258DF80050CDE902416846904722
:10FED00007B030BD704700BF08467047002070472C
:10FEE000024B187A003018BF01207047784200207A
:10FEF000034B187A0122B0FA80F05A744009704717
:10FF00007842002008B510461A4605F03FF9002057
:10FF100008BD00BF10B5064B06480024C3E90044E5
:10FF2000C3E902441C61FAF769FF204610BD00BF17
:10FF3000784200206842002010B5094C094B43600C
:10FF40002046FFF72BFF40B9FEF7FCF81C23207476
:10FF50008C2205490548FAF739FF002010BD00BF83
:10FF600078420020BC830400DC410020684200206D
:10FF700038B5254C237AFBB1244B1B681A79022132
:10FF8000217222B3012A0AD1D3E903021044FFF7F8
:10FF900075FF80B3112802D10123237238BD1846A2
:10FFA0000321FFF76DFF002323726360184919488E
:10FFB000BDE83840FAF768BF15491648FAF75AFF06
:10FFC000124A034610600028D8D1606038BDD3E9DA
:10FFD0000525521BB2F5805F28BF4FF48052D3E94C
:10FFE00003109208012A38BF012229442844FFF750
:10FFF00043FF0028CED1237C002BCFD10220BDE8C7
:020000040004F6
:10000000384000F009B800BF78420020904200203C
:100010008C4200206842002010B5234C237AA3B103
:10002000022B08D1022811D0032804D1E368013340
:10003000082B1CD8E360637C1BB1BDE81040FEF7C1
:1000400071B8BDE81040FFF793BF10BD174B18689B
:1000500003790022E260D3B1012BECD1D0E9043264
:10006000013393420361E6D10021217205E00F4A7A
:1000700000231068E36023720D21FFF701FF0C4994
:100080000C48FAF701FF637C002BD6D1D9E7D0E901
:100090000523D11AB1F5805F94BF5B1803F5805337
:1000A0009A428361C7D1DFE7784200209042002066
:1000B0008C42002068420020831E012B00D970472B
:1000C000FFF7AABF00F0FD03012B00D07047A0F19D
:1000D0000100044BB0FA80F04009002218745A74F1
:1000E000FFF746BF7842002010B5064C201DFFF7F1
:1000F00055FE08B9637C03B110BDBDE81040FFF7A1
:1001000037BF00BF784200202DE9F04383B081461D
:100110000D46114801A917469846FAF791FEB0B16D
:10012000002401232D0B446001A903710461846143
:10013000C560C0F80090C0F8088047610648FAF72B
:1001400089FEFFF7D1FF204603B0BDE8F08304200D
:1001500003B0BDE8F08300BF684200202DE9F04104
:1001600082B080460F46104801A916461D46FAF790
:1001700067FEA0B10024089B83604460C0F8008043
:10018000C0E90367456101A9846104710648FAF773
:1001900061FEFFF7A9FF204602B0BDE8F081042010
:1001A00002B0BDE8F08100BF6842002013DF704755
:1001B00040F6F8731868421C01D0FFF7F7BF034BF5
:1001C0001868431CF9D10420704700BF14100010B8
:1001D0000148FFF7EBBF00BF00C00100A0DF704780
:1001E000A1DF7047ADDF7047B3DF7047B4DF704702
:1001F00010B50446408800F07BFDA0802046BDE895
:100200001040FCF74BBD00BF70B54FF6FF728AB0CF
:1002100000249042CDE90044CDE902440494ADF8B5
:10022000020001D10AB070BD054600F027FC0B2882
:10023000064629D00FD911280BD043F20203984269
:1002400012D12246144B28461978FBF73DFC0AB020
:1002500070BD0122F6E738B90E2368468DF80030EC
:10026000FFF7C6FF3246EDE70024072305A8CDE9D6
:1002700005440796ADF81650CDE908448DF81430C2
:10028000FFF7B6FF2246DDE70F2368468DF8003002
:10029000FFF7AEFF2246D5E794430020FFF7B4BF37
:1002A0002DE9F0474A4E88B031780546FBF7F0FB60
:1002B00010B108B0BDE8F0870446284600F044FCC1
:1002C000082839D017D8002863D006281DD1284621
:1002D00000F00EFD00F054FC00273E4B3A46197822
:1002E0002846FBF7F1FB224631782846FBF7ECFB6A
:1002F00008B0BDE8F08743F20203984215D043F2FC
:100300000143984213D011280FD00023CDE90333C5
:100310000590CDE9063303A80723ADF80E508DF8FC
:100320000C300127FFF764FFD7E70127D5E7284600
:10033000FFF76AFF0127D0E70DF10600FFF754FF32
:10034000BDF80630012BC2D9274601230DF108085C
:100350004FF0020942F6021A07E0524529D0013354
:10036000BDF806209BB29A42B1D9414600221846F8
:10037000CDE90398FFF73AFF42F605210028A6D100
:10038000BDF80820002FE8D1571AB7FA87F77F0980
:10039000E5E7CDE90344CDE90544079410230124A2
:1003A00003A8ADF80E508DF80C302746FFF720FF5C
:1003B00093E7194603AA01AB28460493FFF712FFFF
:1003C000002884D1BDF80430002B80D085E700BF21
:1003D000974300209643002010B582B0044600F0F9
:1003E00087FC00236A460921FBF7D0FE052801D0CF
:1003F00002B010BD034B204619780122FBF764FBC5
:1004000002B010BD9243002030B50E4B83B002AA5B
:100410001B6842F8043D42F6A624002501236946E4
:10042000ADF80250ADF800408DF802300446FFF7F9
:10043000D5FE28B904491A4620460978FBF744FB43
:1004400003B030BDE88304009143002030B50121A2
:1004500087B005462648FFF74FFCBFF35F8F08B112
:1004600007B030BD0446284600F0BAFA112803460A
:100470001BD012D986282ED043F2020290421BD103
:100480001C4B224628461978FBF71EFBBFF35F8FF3
:10049000174B00221A6007B030BD68B915490246F3
:1004A00009782846FBF710FBDAE7124B2846197843
:1004B0000122FBF709FBE9E70024CDE90444072208
:1004C000CDE9014401A80393ADF806508DF804204E
:1004D000FFF78EFED4E70623CDE9014401A8ADF86D
:1004E0000650CDE9034405948DF80430F0E700BFD1
:1004F000944200209543002038B5037803B138BDFD
:1005000004464088FFF780FE6588284600F006FB19
:1005100028B10C4B284619780122FBF7D5FA6088E0
:10052000FFF75AFF084B094918780022FBF7F6FA43
:1005300002460028E3D1064B06491878BDE838404A
:10054000FBF7ECBA96430020954300204D040400CD
:100550009243002009040400F0B50378082B83B00F
:100560000ED0294C207829490022FBF7D7FA024601
:1005700020B9274B27491878FBF7D0FA03B0F0BD14
:10058000437A0446002BECD1057A072D22D0082DA2
:1005900031D0012DE5D16A4629468088FCF790F8D4
:1005A00006460028DDD1019B1B78002BD9D0A088FE
:1005B00000F010FC4FF6FF739842D2D0164F124C49
:1005C00039782A46FBF780FA324638781349FBF728
:1005D000A5FAC7E780880C4C00F0FCFB4FF6FF73D0
:1005E00098420546BED001222178FBF76DFA2846D5
:1005F000FFF7F2FEB6E70A4A11680129B1D1BFF34D
:100600005F8F014C1360ADE7954300204D0404005B
:10061000924300200904040096430020A102040034
:10062000944200202DE9F843FBF728FA1E4C1F4D99
:100630002070FBF723FA2870FBF720FA1C4E1D4FA1
:100640003070FBF71BFA3870FBF718FADFF8708090
:10065000DFF8709088F80000FBF710FA89F80000C6
:10066000FBF70CFA2378144A182B107019D02B784A
:10067000182B16D03378182B13D03B78182B10D0AA
:1006800098F80030182B0CD099F80030182B08D0AF
:10069000182806D0094B00201860BFF35F8FBDE813
:1006A000F8830320BDE8F88395430020944300209D
:1006B000964300209743002093430020944200205B
:1006C000924300209143002070B5114B82B000246A
:1006D00022460D4601261978CDF802400923ADF8CF
:1006E00000608DF802300646ADF80640FBF7ECF9E5
:1006F000084B09493046A54208BF1946019100F050
:10070000F7FA22466946FBF7B1FD02B070BD00BFA3
:1007100092430020EC830400F083040070B503884A
:100720008588353B86B004461F2B23D8DFE803F0CD
:10073000521022222222222222222222222222227B
:1007400022222222222222222222226722862230D2
:10075000494E28463178FBF79BF958B13178002291
:100760002846FBF7B1F9E18800296CD00021284622
:10077000FFF7AAFF414C424B424918780022FBF791
:10078000CDF9207840490022FBF7C8F906B070BDCA
:10079000002611232846CDE90166CDE903668DF8D0
:1007A0000430ADF80650059600F0A2FAADF8080046
:1007B00000F0E6F9354B314C197832462846FBF704
:1007C00083F9284632462178FBF77EF901A8FFF726
:1007D0000FFDD0E72E4E28463178FBF759F9002857
:1007E000C8D0002231782846FBF76EF9E288002A4B
:1007F00031D028460021FFF767FF204CBBE7037B81
:10080000012BB7D1827A012AB4D1018942F60213B1
:100810009942AFD11F4C28462178FBF755F90022A9
:1008200020781D49FBF77AF902460028A2D11B4B1C
:100830001B491878114CFBF771F99CE72846FFF724
:10084000E3FC0E4C97E7E389012B90D1217C00312A
:1008500018BF01218BE7A389012BCAD1E189284662
:10086000FFF7BEFC0028C4D1034A044C1178284687
:100870001A46FBF729F97EE79343002096430020B0
:10088000944300209D020400A1020400974300202D
:1008900091430020954300204D0404009243002022
:1008A000090404002DE9F0418CB000F029F901A8F9
:1008B000FBF7C4F8019EDFF85480DEB100244FF648
:1008C000FF7703E00134A4B2B44213D20CAB03EBC4
:1008D000440333F8285C284600F00AFAB842F1D104
:1008E00001342846012298F80010A4B2FBF7ECF876
:1008F000B442EBD398F80000034900220CB0BDE8E5
:10090000F041FBF70BB900BFA102040096430020A1
:10091000AFDF7047B1DF7047B2DF7047B3DF7047BA
:1009200010B50446808800F055FA60802046BDE886
:100930001040FCF7C7B900BF70B51D4B1D4C93E8C4
:100940000300238888B04FF6FF7501AEAB4286E8FE
:10095000030007D122E02088FBF7E2FCA84203460F
:1009600020801BD0184600223146FBF77FFC03464F
:100970000028F0D00022218807921128CDE9032217
:10098000CDE90522ADF8101008D0862B03A807D0BA
:10099000072205938DF80C20FFF7C2FF08B070BD49
:1009A00006238DF80C30FFF7BBFF08B070BD00BF09
:1009B000F48304006C430020044B1A884FF6FF7345
:1009C0009A4201D0FFF7B8BF704700BF6C430020C8
:1009D000024B4FF6FF721A80002070476C430020D4
:1009E0002DE9F04182B0074600F082F94FF6FF731F
:1009F00098423CD0064601244FF003086B4622463D
:100A000008213046FBF760FE03230546F0B9019A42
:100A10003846911D42F8048BFFF77EFF01340346F0
:100A20000821D8B10C28304603D1A4B2FBF7B4FE9C
:100A3000E4E70821052B18BF1D46FBF7ADFE002893
:100A400018BF0325284602B0BDE8F081072814BF6F
:100A500005460C25284602B0BDE8F08132463046F6
:100A6000FBF7A4FE0546284602B0BDE8F08143F23C
:100A70000205284602B0BDE8F08100BF2DE9F04133
:100A800082B0074600F034F94FF6FF73984227D141
:100A90000026354603244FF00108234632462946F6
:100AA0003846FFF737FF04280AD008280AD00B2859
:100AB0000AD0B8F1000F08BF0B2002B0BDE8F081EA
:100AC0001120F6E70020F4E714F0020406D195B1F6
:100AD0002646254603244FF00008DEE70124FAE706
:100AE0006A460821FBF7ECFD0028D1D1019DAE88B4
:100AF0002C680635CFE7002EDFD02E460324EAE728
:100B000008B54FF6FF70FBF70BFC034B1880BDE8F0
:100B10000840FFF711BF00BF6C43002000B585B04F
:100B20000DF10703039300F0E3F802AA0121FBF79C
:100B3000C7FD20B9039B187805B05DF804FB0020C1
:100B400005B05DF804FB00BF38B50C4B04461846F1
:100B5000FFF7E4FE78B9198843F203054FF6FF72F8
:100B60002046FFF7D5FEA84200D038BD19880131D4
:100B700089B21980F2E7032038BD00BF6E43002020
:100B800010B5074B044693E8030082B06B4683E838
:100B90000300002219462046FBF768FB02B010BD97
:100BA000FC83040046DF7047F8B50C4D074600246F
:100BB00001E0142C0ED02B88BB42A6B205F10A0529
:100BC00004F10104F5D13046FAF7A2FE0028F0D076
:100BD0003046F8BD4FF6FF763046F8BD984200200B
:100BE00090B191B108B50A780378534013F0FE0F25
:100BF00008D101310622013004F0B9FAB0FA80F0D0
:100C0000400908BD002008BD70470846704700BF76
:100C10002DE9F0414C1C0E460546214601301022BC
:100C200005F1110706F1110804F0A1FA08BB2B46E3
:100C300005F1100101E08B421BD013F8012F002AAF
:100C4000F9D073784BB9214606F1100201E09142C8
:100C50000FD011F8013F002BF9D041463846FFF77D
:100C6000BFFF6B7C03F0FE03042B1ED10120BDE807
:100C7000F08141463846FFF7B3FF6B7C03F0FE037B
:100C8000042B0FD00022062B09D0737C03F0FE0347
:100C9000042B04D0062B08BF1046BDE8F081104697
:100CA000BDE8F0810020BDE8F0810122EBE700BF44
:100CB00070B584B006460D46FBF7A2FA02AA0DF104
:100CC00006010720FBF7A4FA60B1BDF80640AC426C
:100CD0003046F3D00399FFF79BFF0028EED0204663
:100CE00004B070BD4FF6FF74204604B070BD00BF65
:100CF00013280DD810B50446FAF70AFE28B104EB04
:100D00008403054A32F8130010BD4FF6FF7010BD82
:100D10004FF6FF70704700BF98420020132816D886
:100D200038B504460D46FAF7F3FD68B1094A04EBFD
:100D3000840302EB4303002053F8022F2A609A88B1
:100D40009B79AB71AA8038BD43F2020038BD43F2F3
:100D5000020070479842002038B505884DB9821CC2
:100D600000F10A0412F8013B1BB99442FAD10020A9
:100D700038BD0B88AB42FAD102310822023004F0B0
:100D8000F6F9B0FA80F0400938BD00BF30B585B043
:100D90000546FBF735FA0CE0039C284604F14601B2
:100DA000FFF7DAFF04F12A0178B92846FFF7D4FFEC
:100DB00058B902AA0DF106010720FBF729FA00280D
:100DC000EAD14FF6FF7005B030BDBDF8060005B0A2
:100DD00030BD00BF4FF6FF73984201D0FFF7E4BE6D
:100DE000704700BF132804D800EB8000014B23F8A4
:100DF000101070479842002070B54FF6FF75A8425A
:100E000003D1BDE87040FBF71BBC0446FFF7CCFEE6
:100E100006462046FBF714FC30B9132E04D806EB27
:100E20008606024B23F8165070BD00BF9842002082
:100E300030B58DB010300DF1FF330DF10F0510F806
:100E4000014D03F8014FAB42F9D100230D784C78E6
:100E5000897806936846CDE904338DF81C308DF807
:100E60001D108DF81F508DF81E40FFF79BFE9DF85A
:100E70002F009DF82E109DF82D301070517093703A
:100E80000DB030BD30B5034685B030F8015F33F8A2
:100E9000042F84789B78ADF80C20084602AA03A999
:100EA0008DF80E30ADF804508DF80640FFF7C0FF06
:100EB000BDF80420BDF808309A4204D0012080F02B
:100EC000010005B030BD9DF806209DF80A309A4219
:100ED000F4D1002080F0010005B030BD0388102B54
:100EE00000D07047F0B5041D0FCC91B006AD0FC512
:100EF0000FCC0FC59DF81C3094E8030003F0FE03EF
:100F0000062B85E8030014D1BDF81830484907982E
:100F100003EB83035B004FF6FF74CC52CA18BDF895
:100F200020409DF822101172C2F80200D48011B046
:100F3000F0BDFBF765F99DF81C305B08012B25D946
:100F4000022BE1D107AE01AC0DF1020505E09DF8E1
:100F50001C3003F0FE03042B5DD0224629460720F7
:100F6000FBF756F90028F2D1BDF81830304A07983F
:100F7000B488B17903EB83035B004FF6FF75D5525C
:100F80001344C3F80200DC801972D0E701AC0DF104
:100F90000205224629460720FBF73AF9002844D0EB
:100FA000029911F1110FF4D04E7C9DF81C30734062
:100FB00013F0FE0F4FF0060201F112010DF11D00BA
:100FC000E7D104F0D4F80028E3D1BDF8021007AE51
:100FD000BDF81820164F079802EB82035B00FD183E
:100FE000F952AB1CC5F80200B08898804FF6FF702C
:100FF000B5799D7181429AD000232046ADF8062034
:10100000ADF808108DF80430FBF75EFE2046FFF7C0
:1010100073FA11B0F0BD029930460131FFF732FF8B
:1010200000289AD0BDF80210D2E707AE9CE700BFB7
:10103000984200202DE9F84FDDF828904A45904667
:1010400038BFC846B8F1000F1BD09B468A460546FC
:101050001746002406E0A14588BF0BF804000134C0
:1010600044450ED02B68A74288BF1AF804101E69A9
:1010700098BF00212846B0470028ECDA0248BDE8B6
:10108000F88F0020BDE8F88F0AFCFFFF30B583B071
:101090000468069D00956469A047044A0446DDE99A
:1010A0000701EFF7F1FA204603B030BD010A030053
:1010B00082B070B50C4684B005464968206802AC21
:1010C00003C4039908AC481084E80C00CB0745BF63
:1010D0002A58029B029CD4580AAB2E1893E80300AE
:1010E0008DE8030008AB0CCB3046A04704B0BDE848
:1010F000704002B0704700BF82B0D0B50699C160A1
:1011000000F1100400260027C0E9086704A9204662
:1011100081E80C00EFF75AFD2046BDE8D04002B050
:10112000EFF708BD82B038B5D0E9084504A981E8D9
:101130000C0054EA050303D1BDE8384002B0704703
:101140000446F1F77FFDD4E908238B4208BF8242B1
:10115000F2D2002304F1100500200021C4E90801A7
:10116000E3602846EFF732FD2846BDE8384002B07C
:10117000EFF7E0BC70B5044600250A4B036000F1B0
:10118000100681602A460121304625716571EFF70E
:10119000C7FC3046E560E56284F82850EFF7CAFCEA
:1011A000204670BD148404002DE9F041044682B04D
:1011B0000E46154610309846BDF82870F5F7CEF863
:1011C00026806580182003F0AAFF08AB054693E847
:1011D00003006A4682E803002E4603CA46F80C8BD9
:1011E0000023084AEB6047F00207736068602046FE
:1011F000A780A560E360C4E90833A9606A6102B012
:10120000BDE8F081B11004002DE9F04385B0BDF8D0
:1012100038806BB30C9C44B30F2902D1B8F1C00FD6
:1012200026D1064628201C460D46174603F077FFB8
:101230000CAB814693E803003A468DE80300234651
:10124000CDF8088029464846FFF7AEFF33680E4ABE
:101250005B6893420FD14846EFF7D6FD484603F04E
:1012600057FF0A4805B0BDE8F0830D9CE407D3D4CE
:101270006FF47A70F6E73046494698470028EAD17D
:1012800005B0BDE8F08300BF55FF020016FCFFFF6C
:101290002DE9F04390F8283089B004460D469BB103
:1012A000002D4FD100220023C4E908230023E3606E
:1012B00004F11000EFF73EFCE0682F4B002808BF58
:1012C000184609B0BDE8F08380682C4A03685B6D5E
:1012D00093424CD12A4B04934FF0000804AACDF856
:1012E0001480284FC688B0F808C03B68DFF89C908F
:1012F00092E8030016F4807F4FF0C0068DE80300EB
:101300000CBF052204226146184602962346FFF7C9
:101310007BFF1D4B3A68CDE9063808AB13E90300A3
:1013200023468DE8030002961046232142F21072F4
:10133000FFF76AFF99F8003063B1012384F8283081
:10134000002DAFD0F1F77EFC421941EBE573C4E903
:101350000823ABE70093232242F2107342F210708D
:101360000021F1F77FFC012389F80030E5E7032134
:101370009847A068AEE700BF11FCFFFF7996020016
:10138000F9100400643B002025110400984300205C
:10139000F0B52B4B81682B4ECD88B1F808C037686B
:1013A00093B00022CDE9063206AB80F8282004462F
:1013B00093E8030015F4807F4FF010058DE80300DB
:1013C00014BF0422052223460295614608A8FFF7B0
:1013D000EBFE3B681C4D9B68AB4228D108A8EFF799
:1013E00013FD1A4B04930023059304AB93E8030009
:1013F000366810238DE80300029342F210722346F0
:10140000232108A8FFF7D0FE33689B68AB4212D1B6
:1014100008A8EFF7F9FC002100230020C4E9080127
:10142000E36004F11000EFF7D1FB13B0F0BD3846D4
:1014300008A99847D2E7304608A99847E8E700BFCF
:10144000F9100400643B0020D501030025110400BD
:1014500090F8283010B504463BB923791BB12368B6
:1014600020469B689847002010BDFFF791FFF4E7E6
:1014700090F82830044A10B5044602600BB1FFF71B
:1014800087FF204610BD00BF1484040090F8283068
:10149000054A10B5044602600BB1FFF779FF2046FC
:1014A00003F036FE204610BD14840400024B186879
:1014B000BFF35B8F704700BF60430020024B18688A
:1014C000BFF35B8F704700BF3821002030B5214A41
:1014D00021F00043934287B01BDD1F4A934205DD94
:1014E00002460B4602F024FF07B030BD02AADDF72A
:1014F0005BFC00F00303012B11D0022B23D0DBB1E6
:101500000124DDE90423DDE902010094DEF75CFC3F
:10151000EAE700220023DDF72FFF07B030BDDDE949
:1015200004450093DDE9020122462B46DEF74CFC20
:1015300001F1004107B030BDDDE90423DDE902011E
:10154000DDF71AFFD0E7DDE90423DDE90201DDF76D
:1015500013FFEDE7FB21E93FFFFFEF7F21F00043A1
:101560001946704730B51F4A21F00043934287B0B7
:101570001CDD1D4A934205DD02460B4602F0D8FEF3
:1015800007B030BD02AADDF70FFC00F00300012810
:10159000DDE9042312D002281CD0A0B1DDE902014C
:1015A000DDF7EAFE01F1004107B030BD00230093F2
:1015B00000220023DEF708FC07B030BDDDE90201A0
:1015C000DDF7DAFEDCE70124DDE902010094DEF755
:1015D000FBFBD5E70124DDE902010094DEF7F4FB13
:1015E000E0E700BFFB21E93FFFFFEF7F30B5144A82
:1015F00021F00043934287B019DD124A934205DD82
:1016000002460B4602F094FE07B030BD02AADDF799
:10161000CBFB440004F00204C4F10104DDE904231F
:10162000DDE902010094DEF787FC07B030BD01233D
:10163000009300220023DEF77FFC07B030BD00BF1F
:10164000FB21E93FFFFFEF7F334A21F00043934244
:10165000D0B506460F460C460DDD02460B4600206F
:101660002E4903F047F9002F4FF000022B4B2EDBE1
:1016700002F060FED0BD2A4A934207DD27490020D0
:10168000002CF7DA01F100431946D0BDB3F1725FC7
:1016900020DB244A934226DDFFF760FF02460B461B
:1016A00002F048FEDEF72CFE00224FF0804302F0ED
:1016B00041FE02460B4600204FF0804103F01AF92C
:1016C00002460B460020154902F032FED8E702F030
:1016D0002FFED0BD0022114B02F02CFE32463B46BD
:1016E00002F0DEFFD0BDFFF739FF00224FF040438C
:1016F00002F0D6FFDEF704FE00224FF080430646DC
:1017000001F1004702F016FE02460B46304639460C
:1017100003F0F0F8B4E700BFFFFFEF7F0000F03FF9
:10172000FFFF3540FFFFEF3F70B5C1F30A56A6F249
:10173000FF33132B0A4608DC002B1BDB0F4C44FA4B
:1017400003F3002022EA030170BD332B044607DDBA
:10175000B3F5806FF8D102460B4602F0EBFD70BD89
:101760004FF0FF33A6F2134623FA06F6114624EA99
:10177000060070BD002002F0004170BDFFFF0F00A9
:1017800000B585B0234A0190019B23F000439342AA
:101790001DDDB3F1FF4F08DBDDED017A77EEE77A6F
:1017A00017EE900A05B05DF804FB02A901F06EFC8B
:1017B00000F00302012A14D0022A22D0D2B1012261
:1017C0000399029802F084F907EE900AE8E70021F5
:1017D00001F0B4FD07EE900A17EE900A05B05DF82F
:1017E00004FB0399029802F073F907EE900AF1EEF8
:1017F000677AD5E70399029801F0A0FD07EE900AF9
:10180000CEE70399029801F099FD07EE900AF1EEF8
:10181000677AC5E7D80F493F00B585B0244A0190E3
:10182000019B23F0004393421EDDB3F1FF4F08DB21
:10183000DDED017A77EEE77A17EE900A05B05DF8F4
:1018400004FB02A901F022FC00F00300012816D0DD
:10185000022823D0D0B10399029801F06FFD07EE62
:10186000900AF1EE677AE7E70022002102F030F9F2
:1018700007EE900A17EE900A05B05DF804FB039995
:10188000029801F05BFD07EE900AD5E7012203996B
:10189000029802F01DF907EE900ACDE701220399A4
:1018A000029802F015F907EE900AF1EE677AC3E7A5
:1018B000D80F493F2DE9F043DFF898808BB00446FC
:1018C0000D46DBF769FF98F90030013306460F46F5
:1018D0002BD022462B462046294603F07BF9814631
:1018E00018BB20462946FFF739FE0022164B03F0AD
:1018F00067F9D0B1154B164801930122CDF820901D
:101900000092CDE90445CDE9024502F037F998F996
:101910000030022BCDE906010CD0684602F02CF90C
:1019200040B1089B5BB9DDE90667304639460BB02C
:10193000BDE8F08302F074FC21230360F1E702F0BC
:101940006FFC089B0360EEE70000F03F208404007A
:10195000646D04007A2300202DE9F0438BB0044627
:101960000D46DCF76DF9244B93F90080B8F1FF3F89
:1019700006460F460ED022462B462046294603F047
:1019800029F9814630B900221C4B2046294603F034
:10199000F9F820B9304639460BB0BDE8F083002293
:1019A000002301210091164ECDF8209010461946D3
:1019B000CDE90445CDE90245019602F09BFFB8F15F
:1019C000020FCDE906010CD0684602F0D5F840B10F
:1019D000089B5BB9DDE90667304639460BB0BDE8C8
:1019E000F08302F01DFC21230360F1E702F018FCF4
:1019F000089B0360EEE700BF7A2300200000F03F61
:101A0000288404002DE9F043DFF898808BB0044669
:101A10000D46DCF7A1F998F90030013306460F4670
:101A20002BD022462B462046294603F0D3F8814688
:101A300018BB20462946FFF791FD0022164B03F004
:101A4000BFF8D0B1154B164801930122CDF8209074
:101A50000092CDE90445CDE9024502F08FF898F9EE
:101A60000030022BCDE906010CD0684602F084F864
:101A700040B1089B5BB9DDE90667304639460BB0DB
:101A8000BDE8F08302F0CCFB21230360F1E702F014
:101A9000C7FB089B0360EEE70000F03F30840400C2
:101AA000646D04007A230020DCF786BB2DE9F04F3B
:101AB000DFF8CCA08BB004460D46DCF76DFC9AF93C
:101AC0000030013306460F4637D022462B462046CB
:101AD000294603F07FF8834678BB20462946FFF766
:101AE0003DFD0022244B8046894603F05FF820B379
:101AF000404649460022204B03F062F89AF9006004
:101B000060B3CDE90445CDE902450121002200235F
:101B10001A4F0091CDF820B010461946019702F0F7
:101B2000E9FE022ECDE906010CD0684602F024F849
:101B300040B1089B6BB9DDE90667304639460BB00A
:101B4000BDE8F08F02F06CFB21230360089B002BA3
:101B5000F1D002F065FB089B0360ECE702230890DC
:101B60000093064FCDE90445CDE9024520462946BC
:101B700000220023D2E700BF0000F03F38840400B9
:101B80007A2300202DE9F04F8BB01D4606460F4604
:101B9000144600F07FFC294B93F900A0BAF1FF3FF7
:101BA0008046894635D022462B462046294603F0FA
:101BB00011F870BB32463B463046394603F00AF80E
:101BC000834630BB002200232046294602F0D0FF86
:101BD000F8B11B4BCDF820B00122CDE90267CDE969
:101BE0000445CDE90023BAF1000F17D000220023ED
:101BF0001046194602F07EFEBAF1020FCDE9060149
:101C00000ED102F00DFB21230360089B83B9DDE9AF
:101C10000689404649460BB0BDE8F08FCDE906671E
:101C2000684601F0A9FF0028EBD0089B002BEED0FE
:101C300002F0F6FA089B0360E9E700BF7A23002070
:101C40004C8404002DE9F0438BB004460D46DCF7CC
:101C500053FE364B93F90060731C804689460DD0C5
:101C600022462B462046294602F0B4FF30B9002216
:101C700000232046294602F0A3FF20B140464946F2
:101C80000BB0BDE8F0832A4B0890CDE90245CDE9C1
:101C900004450193DEB9274F4FF0604620462946A0
:101CA00000220023CDE9066702F062FF002835D04C
:101CB00002230093684601F05FFFB8B1089BD3B9D7
:101CC000DDE90689404649460BB0BDE8F0831A4B72
:101CD0000022CDE90623204629460022002302F0F7
:101CE00047FF68B102239E420093E3D102F098FAC5
:101CF00022230360E2E702F093FA089B0360DFE728
:101D00000123022E00930BD102F08AFA21230360F3
:101D10000A4801F033FFCDE90601CFE70123009324
:101D2000684601F029FF0028F2D1EDE77A23002070
:101D300054840400FFFFEFC70000F0FF646D04004F
:101D40002DE9F0438BB004460D46DCF7A1FF374B7D
:101D500093F90060731C804689460ED022462B46BC
:101D60002046294602F036FF074630B900220023FC
:101D70002046294602F010FF20B9404649460BB0E4
:101D8000BDE8F0832A4B0897CDE90245CDE904452B
:101D90000193DEB9274F4FF06046204629460022C6
:101DA0000023CDE9066702F0E3FE002835D00223C8
:101DB0000093684601F0E0FEB8B1089BD3B9DDE9B5
:101DC0000689404649460BB0BDE8F0831A4B002215
:101DD000CDE90623204629460022002302F0C8FE52
:101DE00068B102239E420093E3D102F019FA222344
:101DF0000360E2E702F014FA089B0360DFE70123C7
:101E0000022E00930BD102F00BFA212303600B4842
:101E100001F0B4FECDE90601CFE701230093684647
:101E200001F0AAFE0028F2D1EDE700BF7A230020DE
:101E300058840400FFFFEFC70000F0FF646D04004A
:101E40002DE9F0432B4E8BB080468946DDF7D0F963
:101E500096F90030013304460D4603D001F086FEAA
:101E6000074620B1204629460BB0BDE8F083404626
:101E7000494601F07BFE0028F4D01F4B96F9004044
:101E800008970322CDE90023CDE90489CDE9028931
:101E9000404649460022002364B902F091FE4FF00B
:101EA0006042E8B1154BCDE90623684601F064FEB7
:101EB00068B908E002F084FE002298B1104B022CB1
:101EC000CDE90623F1D102F0ABF922230360089B90
:101ED00053B9DDE90645204629460BB0BDE8F0833D
:101EE000084BE0E7084BEAE702F09AF9089B036029
:101EF000EFE700BF7A23002060840400FFFFEF4774
:101F00000000F07FFFFFEFC70000F0FF2DE9F04F6A
:101F10008BB004460D4600F0CFFB294B93F900A08F
:101F2000BAF1FF3F06460F4612D022462B46204606
:101F3000294602F04FFE834650B94FF000084FF09B
:101F400000092046294642464B4602F01BFE20B9B6
:101F5000304639460BB0BDE8F08F0122194BCDF861
:101F600020B00092CDE90445CDE902450193BAF1D4
:101F7000000F17D042464B464046494602F0BAFC95
:101F8000BAF1020FCDE906010ED102F049F9212381
:101F90000360089B73B9DDE90667304639460BB02C
:101FA000BDE8F08FCDE90689684601F0E5FD00281F
:101FB000EFD1EAE702F034F9089B0360EBE700BFDA
:101FC0007A2300206884040000F036BC10B52DEDA3
:101FD000028B8AB008EE100A00F0E8FC334B93F94C
:101FE0000040631C09D0B4EE488AF1EE10FA04D622
:101FF000B5EEC08AF1EE10FA03D90AB0BDEC028B3F
:1020000010BD2B4B019318EE100A0023089302F029
:10201000EFFACDE90401CDE90201CCB9254BB5EECB
:10202000408A4FF06042F1EE10FACDE9062334D138
:1020300002230093684601F09FFDB0B1089BCBB925
:10204000DDE9060102F024FE0AB0BDEC028B10BDF2
:10205000194BB5EE408A0022F1EE10FACDE90623C5
:102060000DD102239C420093E4D102F0D9F822233F
:102070000360E3E702F0D4F8089B0360E0E7012384
:10208000022C00930BD102F0CBF8212303600B4804
:1020900001F074FDCDE90601D0E701230093684605
:1020A00001F06AFD0028F2D1EDE700BF7A2300209D
:1020B00070840400FFFFEFC70000F0FF646D0400B0
:1020C0002DE9F0432DED048BB34E8BB008EE900A52
:1020D00008EE101A00F0E0FC96F900506B1C044664
:1020E00030D0B4EE488AF1EE10FA2BD6F4EE688ABE
:1020F000F1EE10FA68D69FEDA99AF4EE498AF1EE56
:1021000010FA25D1B4EE498AF1EE10FA40F0908031
:102110000123A34A009318EE900A0023019208932A
:1021200002F066FACDE9020118EE100A02F060FA38
:1021300000220023CDE90401CDE90623002D60D063
:102140004FF07E5420460BB0BDEC048BBDE8F0830D
:1021500001F0FCFD0546002800F09A8007EE904A49
:10216000F5EE407AF1EE10FAECD118EE900A01F09B
:10217000EDFD0028E6D018EE100A01F0E7FD00287A
:10218000E0D00423864A009318EE900A00230893B7
:10219000019202F02DFACDE9020118EE100A02F0C8
:1021A00027FA96F9003000240025022BCDE904011E
:1021B000CDE9064503D0684601F0DEFC38BB02F0ED
:1021C0002FF82223036022E0B5EE408AF1EE10FAE8
:1021D000B8D10123724A009318EE900A00230192AD
:1021E000089302F005FACDE9020118EE100A02F098
:1021F000FFF96C4B0022022DCDE90401CDE9062345
:102200009ED0684601F0B8FC002800F08480089B4E
:102210001BB102F005F8089B0360DDE9060102F03E
:1022200037FD044620460BB0BDEC048BBDE8F083BF
:1022300018EE100A01F08AFD002883D0B5EEC08A9E
:10224000F1EE10FA7FF57EAF0123554A009318EEA8
:10225000900A00230893019202F0CAF9CDE9020125
:1022600018EE100A02F0C4F996F90030CDE9040125
:10227000002B55D04C490020022BCDE9060153D14B
:1022800001F0CEFF21230360089B002BC5D0C0E7DF
:1022900018EE900A01F05AFD00283FF45FAF18EEE7
:1022A000100A01F053FD00283FF458AF18EE900AD1
:1022B00002F09EF9804618EE100A894602F098F95D
:1022C00007EE904AF4EE677AF1EE10FA96F9007094
:1022D00072D6F6EE007A0322314B08950092CDE9D2
:1022E0000289CDE90401019328EE278A17BB2F4B01
:1022F000F5EEC08A4FF06042F1EE10FACDE9062308
:1023000024D4684601F038FC0028BDD101F088FFD4
:1023100022230360B8E701F083FF2123036076E7FF
:1023200000220023CDE90623684601F025FC0028A1
:10233000AAD1A5E71E4BF5EEC08A0022F1EE10FAF5
:10234000CDE9062315D4022FE0D0DAE718EE100A03
:1023500001F062FD07EE900AF4EE487AF1EE10FA11
:1023600016D0144B96F900704FF06042CDE9062369
:10237000E9E718EE100A01F04FFD07EE900AF4EEBF
:10238000487AF1EE10FA03D0074B0022CDE906237C
:1023900096F90070D7E700BF7A2300200000000004
:1023A000788404000000F03F0000F0FFFFFFEF47DB
:1023B0000000F07FFFFFEFC701220B4B0895009252
:1023C000CDE90289CDE904010193002FA8D0C9EE1F
:1023D000097A17EE900A02F00BF9022FCDE90601F7
:1023E0003FF44EAFA0E700BF7884040010B52DED98
:1023F000028B8AB008EE100A00F098FF234B93F985
:102400000040631C09D0B4EE488AF1EE10FA04D6FD
:10241000B5EEC08AF1EE10FA03D40AB0BDEC028B1F
:1024200010BD01231A4A009318EE100A00230192EE
:10243000089302F0DDF80022CDE90401CDE90201A4
:102440000023ACB11046194602F054FA022CCDE933
:1024500006010FD101F0E4FE21230360089B7BB944
:10246000DDE9060102F014FC0AB0BDEC028B10BDE0
:10247000CDE90623684601F07FFB0028EED1E9E7AD
:1024800001F0CEFE089B0360EAE700BF7A2300203C
:10249000808404002DE9F04723F0004E5EEA020636
:1024A00020D07E4E21F00048B04589461ADC5642C5
:1024B00016437B4F4EEAD676BE42144612D8F045FC
:1024C0001D4694468246074601F0004612DC0FDBAB
:1024D00090420DD30ED1734BF60F03EBC603D3E935
:1024E000000105E002F0DCF802460B4602F002FAB9
:1024F000BDE8F087B8F5801F3BDB4FEA2852A2F217
:10250000FF32BEF5801F80F28F80BEF1000F40F0D9
:102510009F80002C2346644904DD5B00002B01F101
:10252000FF31FADC614B9A4270DBC9F3130343F4C9
:1025300080135E4881425BDBC5F3130444F48014CE
:10254000501A07E052EA050321D0EB0F03EB4203D8
:102550006F0001381A1BA7EB0C05F8B1674538BFAF
:1025600002F1FF32002AEDDAFA0F02EB43037F009B
:10257000EFE7B8F1000F5CD1BAF1000F53464A4AB9
:10258000BFDD5B00002B02F1FF32FADCB9E7454BFF
:10259000F60F03EBC606D6E90001A9E7674538BF89
:1025A00002F1FF32002ABCBF3D461A4652EA05033B
:1025B000EDD03F48824208DCEB0F03EB420282423F
:1025C00001F1FF314FEA4505F6DD384B99424EDA0D
:1025D0005B1A142B54DC01F21E41DD4002FA01F1BA
:1025E00042FA03F31E4341EA0502314610467FE7F3
:1025F000401A1F2826DC01F21E450EFA00FE24FABE
:1026000005F504FA00FC45EA0E0499E79F1A1F2F0E
:1026100027DC02F21E4308FA07F82AFA03F30AFA43
:1026200007F743EA080384E74FEA2E51A1F2FF318E
:1026300078E71E4A4FEAC8235B00002B02F1FF3205
:10264000FADC5EE71B4D6D1AAC404FF0000C77E7EB
:1026500016494FEACE235B00002B01F1FF31FADC73
:1026600060E7144B9B1A0AFA03F3002761E7A2F50F
:102670008012164301F2FF3346EA0351284637E73A
:102680001F2B07DC01F21E4102FA01F125FA03F2C9
:102690000A43AAE7074B591A0A41A6E7FFFFEF7F53
:1026A0000000F07F005B0400EDFBFFFF02FCFFFF7A
:1026B000FFFF0F00E2FBFFFF5E4A8A432DE9F04176
:1026C00004460D4600F0958000290B4606468446D8
:1026D00056DD0F1500F0A580C3F31303A7F2FF37F3
:1026E00043F480134FEADC72F80702EB43034FEA2E
:1026F0004C0504D5ED0F05EB43034FEA8C0500268E
:102700007F10B44616224FF400110CEB01009842E2
:102710004FEAD5744FEA450503DC1B1A00EB010CA8
:102720000E44013A04EB43034FEA5101EDD1104648
:10273000964620244FF0004209E051D05B00013C56
:1027400003EBD5734FEA52024FEA450537D0634594
:1027500002EB0E01F1DD002901EB020E0ADBE0467F
:10276000A3EB0C03A94288BF03F1FF336D1A104499
:10277000C446E3E7BEF1000FF1DB0CF10108EFE71F
:1027800021F00042024329D0002942D10146CA0A61
:10279000153B4905002AFAD012F4801001D044E01C
:1027A00060465200D40200F1010CF9D5CCF12004AE
:1027B00001FA0CFCE1401F1A41EA02038CE72B43AB
:1027C00021D14408731003F17F53F20703F500137E
:1027D00048BF44F0004403EB07512046BDE8F081B8
:1027E000A942ABD8002901EB020EC3DB98460023B7
:1027F000BCE702460B4601F053FF22462B4601F090
:1028000099FDBDE8F081411C16BF421C01365408F9
:10281000D8E7024601F08CFD02460B4602F06AF84A
:10282000DCE71A4631463B46B6E78C4620244FF09B
:10283000FF30BFE70000F07F30B583B007EE900AAD
:102840000191019B23F00042B2F1FF4F17DC20F011
:102850000041B1F1FF4F054611DCB3F17E5F3FD07F
:102860009C1704F0020444EAD07481B9022C4CD0C5
:102870009FED437A032C08BFF0EE477A03E09DED0D
:10288000017A77EE277A17EE900A03B030BDF2B1E5
:10289000B2F1FF4F29D0B1F1FF4F18D08A1AD215EB
:1028A0003C2A35DC002B36DA3C3234DADFED357A7F
:1028B000012C47D0022C3CD0002CE4D0DFED326A52
:1028C0009FED327A77EEA67A77EEC77ADBE7DFED17
:1028D000307A9FED307A002DB8BFF0EE477AD2E71C
:1028E00003B0BDE8304001F04FB9B1F1FF4F30D037
:1028F000022C0AD0032C39D0DFED277A9FED217A04
:10290000012C18BFF0EE477ABDE7DFED207ABAE779
:10291000DFED1F7ACCE7019807EE100AC7EE877A41
:1029200017EE900A01F00EFA01F02EF907EE900A68
:10293000BEE7DFED156A9FED157A77EEA67A77EEA2
:10294000677AA0E717EE903A03F1004307EE903A5A
:1029500099E7022C10D0032C0BD0DFED107A9FEDFD
:10296000107A012C18BFF0EE477A8CE7DFED047A7D
:1029700089E7DFED0C7A86E7DFED0B7A83E700BFAE
:10298000DB0F49C0000000002EBDBB33DB0F494008
:10299000DB0FC93FDB0FC9BF00000080DB0F49BF61
:1029A000DB0F493FE4CB16C0E4CB164000B52DED5C
:1029B000028B83B00190019830F0004337D000289B
:1029C00042DBB0F1FF4F4EDAB0F5000F56DADFED23
:1029D0002C7A9DED017A67EE277A6FF0180217EED8
:1029E000900AC3157F3B1344DA0F134407EE903A65
:1029F000C2F17F01C0F3160040EAC150B8EEE78A89
:102A000001F0E6FADFED1F7ADFED1F6A9FED1F7A16
:102A100006EE100A66EE277AE8EE267AE8EE077AE6
:102A200017EE900A03B0BDEC028B5DF804FBDFEDFE
:102A3000186A9FED187AC6EE877A17EE900A03B0EF
:102A4000BDEC028B5DF804FBDDED017A9FED117AA0
:102A500077EEE76AC6EE877A17EE900A03B0BDEC10
:102A6000028B5DF804FBDDED017A77EEA77A17EEB5
:102A7000900A03B0BDEC028B5DF804FB0022B0E7C6
:102A80000000004CD95BDE3EDB27543580209A3EA7
:102A9000000000CC000000002DE9F04731F00046B6
:102AA0002DED028B12D020F00047B7F1FF4F80468A
:102AB00006DDBDEC028B5A48BDE8F04701F0A8B92D
:102AC000B6F1FF4F08DDB7F17E5FF2D14FF07E50D7
:102AD000BDEC028BBDE8F08700280C462BDB4FF0E5
:102AE0000009B6F1FF4F38D0B6F17E5F3DD0B4F1AA
:102AF000804F19D0B4F17C5F05468A4643D1B8F1C6
:102B0000000F6FDA01F01EF9B7F1FF4F01D0002F6F
:102B10003FD1A7F17E5757EA090369D0B9F1010FF8
:102B2000D6D180F00040D3E707EE900A67EEA77A8F
:102B300017EE900ACCE7B6F1974F21DAB6F17E5F37
:102B400008DBF315C3F1960346FA03F202FA03F326
:102B5000B34256D04FF00009C6E7B7F17E5FB5D05B
:102B60003BDD002C28DB0846B2E7002CB0DA07EE8C
:102B7000100AF7EE007AC7EE877A17EE900AA7E7F9
:102B80004FF00209ADE701F0DDF8B7F1FF4F15D0C6
:102B9000A7B1B7F17E5F11D04FEAD873013B59EA74
:102BA000030233D0B6F19A4F40DD1E4A974200F33C
:102BB0009481002CC0F29781002089E7002C07DA6D
:102BC00007EE100AF7EE007AC7EE877A17EE900A42
:102BD000B8F1000FBFF67CAF9BE7002CECDA81F078
:102BE000004075E7BDEC028BBDE8F04700F09EBBEE
:102BF00007EE900A77EEE77AC7EEA77A17EE900A0B
:102C000066E702F00102C2F102096DE707EE905A91
:102C100077EEE77AC7EEA77A17EE900A58E700BF7B
:102C2000646D0400F7FF7F3F0000804BB7F5000F95
:102C300080F249815FED047A07EE100A67EE277A89
:102C40006FF0170217EE907AF048F915C7F31607E0
:102C50007F398742114447F07E5240F33681EC4879
:102C6000874240F3B9819FEDEB5A0131A2F5000292
:102C7000F0EE453A0020F7EE006A04EE902A74EE7A
:102C8000A67AB7EE007A87EE278A521042F00052F9
:102C900002F58022024434EEE67ADFEDDF8A9FED12
:102CA000DF2A9FEDDF0ADFEDDF0A9FEDDF1ADFEDA0
:102CB000DF1ADFEDDF2A9FEDDF3A27EE084A07EE45
:102CC000902A24EE046ADC4AA6EE282A14EE100AA2
:102CD000104005EE900AA2EE060AB1EE652A77EEE4
:102CE000E66AA2EE277AF0EE607AE0EE067A74EEFB
:102CF000E64AF0EE476AB0EE417AA7EE867AE2EE57
:102D0000246AE7EE061A66EE886A75EE847A26EE85
:102D1000066A67EEA67AF0EE084AE6EE217AB0EE91
:102D2000646AA5EEA56A07EE101A36EE276ADFED93
:102D3000C31A16EE101A114006EE101A76EE644A07
:102D4000B8EEC77AE2EE254A77EEE47A67EE847A47
:102D5000E6EE267AF0EE676AE5EE866A16EE901ADF
:102D6000114006EE901AE2EE066A05EE901A77EE32
:102D7000E67A67EEA27AE5EE837A77EEA37AF0EE52
:102D8000676AE5EEA16A76EE856A76EE876A16EEE8
:102D9000901A114006EE901A36EEC77A37EE457A51
:102DA000A5EEE17A77EEC77A24F47F6424F00F046D
:102DB00007EE10AA06EE104A67EE877A37EE466AEB
:102DC00007EE104AE6EE267A09F1FF3959EA0303C5
:102DD00026EE877ABFEE008A77EE876AB7EE006A42
:102DE00016EE900A18BFB0EE468A002820F0004385
:102DF00040F39480B3F1864F00F387807AD0B3F12B
:102E00007C5F00F39780002116EE903A23F47F63F5
:102E100023F00F0306EE903A9FED896ADFED895AA1
:102E20009FED893ADFED893A9FED892A9FED894A26
:102E3000DFED894A9FED895A36EEC77AF0EE002A17
:102E400077EEC77A26EE867AA7EEA57AF7EE005AD5
:102E5000F0EE477AA6EE837A27EE076AF0EE471A7D
:102E6000E6EEC31AF0EE636AE6EE026A77EEE17A06
:102E7000A6EE864AE7EE277AE4EE064AA4EE865AE4
:102E8000F0EE456AB0EE475AA6EEC65AF0EE456A35
:102E900036EEE26A27EE055AC5EE066A76EEE77A66
:102EA00037EEC77A35EEC77A17EE103A03EBC15307
:102EB000B3F5000FC0F2A28007EE903A67EE887A71
:102EC00017EE900A04E60022BEE69FED525A00205B
:102ED000F0EE453AF7EE006ACFE6614A974248DDE8
:102EE000002C7FF769AEDFED5F7A67EEA77A17EE09
:102EF000900AEDE59FED5C6A76EEC76A37EE866A6A
:102F0000B4EEE66AF1EE10FA14DD9FED567A68EE43
:102F1000077A67EE877A17EE900AD9E5534A93420B
:102F200063DC7FF46CAF76EEC76AF4EEE76AF1EE2D
:102F300010FA5ADADB154FF400027E3B42FA03F333
:102F40000344C3F3C7524A4C7F3A1441C3F31601FA
:102F500023EA040306EE903AC2F1170241F400019D
:102F600037EE667A11410028B8BF494277EE876A8A
:102F70004AE707EE100AF7EE007A77EE677A9FEDE0
:102F8000296A9FED3C7ADFED3C4ADFED3C5AB1EE19
:102F9000675AF5EE006AA5EE266AF6EE006AE6EEDE
:102FA000676A27EEA76A66EE866A27EE667AA7EE5C
:102FB000A47AF0EE476AE7EEA56A16EE902A22F4AC
:102FC0007F6222F00F0207EE902AE5EE257A06EEE8
:102FD000902A77EE677AE7E69FED295ADFED293AE6
:102FE0004FF40010F7EE086A47E69FED277A68EE87
:102FF000077A67EE877A17EE900A69E517EE100AEE
:1030000000F072FF07EE900A58E700BF71C41C0081
:10301000D6B35D000000000042F1533E55326C3ED5
:1030200005A38B3EABAAAA3EB76DDB3E9A99193F2A
:103030004F38763FA0C39D3600F0FFFF0038763F43
:103040008CBEBF351872313F0072313F0EEADDB5DC
:103050004CBB313355B38A38610B36BBABAA2A3E21
:103060000700803FCAF249713CAA3833000016437A
:10307000FFFF7F003BAAB83F70A5EC3600AAB83F1F
:1030800000C0153FDCCFD1356042A20D70B5994A22
:1030900020F00044944286B06BDD974A9442064685
:1030A0001CDC002824F00F04DFED947A944A07EE2C
:1030B000100A64DD944277EE677A00F0D5809FEDC8
:1030C000917A77EEC76A012077EEE67AC1ED006A61
:1030D00077EEC77AC1ED017A06B070BD8A4A944294
:1030E0000D4660DDB4F1FF4F80F2B480E215863A00
:1030F000A4EBC25307EE903ABDEEE77ADFED836AA8
:10310000B8EEC77A77EEC77A8DED037A67EEA67AC6
:10311000BDEEE77AB8EEC77A77EEC77A8DED047A1E
:1031200067EEA67AF5EE407AF1EE10FACDED057A6B
:1031300040F0CC80B5EE407AF1EE10FA0CBF0123DE
:103140000223734901910221009103A8294600F04E
:103150007FF9002E11DA95ED007AD5ED017AB1EE06
:10316000477AF1EE677A404285ED007AC5ED017A43
:1031700003E0002208604A60002006B070BD94425F
:1031800077EE277A00F08F809FED5E7A77EE876A80
:103190004FF0FF3077EEE67AC1ED006A77EE877A7E
:1031A000C1ED017AE9E700F0CDFD9FED5A6A9FED90
:1031B000535ADFED546A07EE100AF6EE007AE7EE96
:1031C000067AFDEEE77AB8EEE76A17EE900AF1EEBE
:1031D000465AF0EE477A1F28E5EE857A26EE267AE3
:1031E00054DD77EEC76A16EE903AE415C3F3C75381
:1031F000E31A082B54DD9FED487ADFED486AB0EE04
:10320000675AA5EE875A77EEC57AE5EE877AD6EE4D
:10321000267A75EE676AB0EE677A16EE903AC3F3D7
:10322000C753E41A192C53DCC5ED006AF0EE457A59
:1032300077EEE67A002E77EEC77AC5ED017A9CDA52
:10324000F1EE666AF1EE677AC5ED006AC5ED017AC6
:10325000404292E707EE900A77EEE77A0020C1ED50
:10326000017AC1ED007A88E7DFED2B6A9FED2B7ABA
:1032700077EEE67A012077EEC76A77EEE67AC1ED5F
:10328000006A77EEC77AC1ED017A76E7421E244BD9
:1032900053F8223024F0FF029A4277EEC76AA2D098
:1032A000C5ED006AC4E7DFED1C6A9FED1C7A77EE7E
:1032B000A67A4FF0FF3077EE876A77EEE67AC1EDB7
:1032C000006A77EE877AC1ED017A56E7032338E783
:1032D000DFED146ADFED144AF0EE457AE5EEA67AEA
:1032E00035EE677AA5EEA67A96EE247A77EEC76A6F
:1032F000D6E700BFD80F493FE3CB1640800FC93F48
:10330000D00FC93F43443537800F49430000804305
:103310009086040084F9223F0044353708A3852EA7
:103320001086040000A3852E32318D2407EE900A0A
:10333000F1EEE77A17EE900A704700BF20F00043E5
:10334000B3F1485F06EE100A06EE901A2EDAFDEE93
:10335000C67A17EE903A002B5FD026EE067ADFEDA4
:10336000343A9FED344ADFED344A9FED345ADFEDB5
:10337000347ADFED345AA7EE234AE7EE044AA7EE8B
:10338000245AE7EE057AE7EE275A65EE875A66EE8D
:10339000C66AB6EE006AE7EE256AF7EE007AD7EE67
:1033A000066A77EEE67A17EE900A704726EE067AFE
:1033B000DFED1F3A9FED1F4ADFED1F4A9FED1F5AB9
:1033C000DFED1F7ADFED1F5A1F4AA7EE234A934213
:1033D000E4EE074AA4EE875AE5EE077AE7EE875A4D
:1033E00065EE875AD3DD194A93421BDC03F17F4314
:1033F00007EE903AB7EE005A35EE675A66EEC66AA7
:10340000B6EE006AE7EE256AD7EE067A77EEE67A40
:1034100075EE677A17EE900A7047F7EE007A17EEAE
:10342000900A7047B6EE075AF5EE027AE6E700BF5B
:103430004ED747ADF6740F317CF293B4010DD037FF
:10344000610BB6BAABAA2A3D9999993E0000483F54
:103450002DE9F04F2DED048BD7B003F1FF39029326
:10346000D31E48BF131DBA4C649D0591DB1023EA9F
:10347000E37354F82560039303F10108A2EBC80835
:1034800016EB09028646A3EB090316D41A449FEDF6
:10349000B17A6598511C1AAA002BA4BF50F823409A
:1034A00007EE904A03F10103ACBFF8EEE77AF0EEC5
:1034B000477A8B42E2EC017AEED1029B002E4FEA72
:1034C00083044FEA860A1DDB1AAB181943AA734618
:1034D000191902EB0A0742ADF446B9F1000FDFED0E
:1034E0009D7A09DB02466346F3EC016A32ED017A0C
:1034F0008B42E6EE877AF7D1E5EC017ABD4200F126
:103500000400EAD1AAF1080306ADEB1804939FED7D
:10351000939ADFED918A009605ABB34674449A44C2
:1035200042AF76464FEA8B0356AA1A44BBF1000F0E
:1035300052ED146A16DD07EB8B02294666EE897A96
:10354000B0EE667AFDEEE77A32ED016AF8EEE77AE0
:10355000BA42A7EEE87A77EE866ABDEEC77AA1ECAA
:10356000017AEBD1414616EE900A019300F0BCFCC3
:1035700008EE100AF4EE007A68EE277A17EE900A49
:1035800000F0ECFB07EE100AF2EE007AA7EE678A75
:10359000B8F1000F019BFDEEC89AF0EE487AB8EE44
:1035A000E98A37EEC88A40F3C6800BF1FF3CC8F1C8
:1035B000080255F82C1041FA02F000FA02F2891ABA
:1035C00045F82C1019EE90CA8444C8F1070209EEA0
:1035D00090CA41FA02F2002A48DD19EE901ABBF1B6
:1035E000000F01F1010109EE901A40F33682D5F87F
:1035F00000C0BCF1000F40F09B80BBF1010F20D058
:10360000AE4601205EF8041F00F1010C002900F015
:103610009980E6468C467146CCF5807C8B4545F812
:1036200020C00CDD55F821002B4405EB810100E0A2
:103630000868C0F1FF0041F8040B9942F8D14FF03F
:10364000010CB8F1000F0EDDB8F1010F00F02E8172
:10365000B8F1020F07D10BF1FF3155F8213003F01B
:103660003F0345F82130022A00F00981B5EE408A77
:10367000F1EE10FA40F08680009B0BF1FF3C6345B1
:103680000EDC0BF18041013905EB8101002051F87E
:103690000439514540EA0300F9D1002840F00F8178
:1036A000009B013B55F82330002B40F0FC80049B2D
:1036B0004FF0010C53F804290CF1010C002AF9D049
:1036C000DC440BF1010EE64530DC039B029A0EEB65
:1036D00003015A4403EB0C0B1AAB01F1804103EBDD
:1036E0008202659B013903EB810107EB8E0E03EB30
:1036F0008B0B51F8043F9FED177A07EE903AF8EEE6
:10370000E77A1046B9F1000FE0EC017A09DB3346A5
:1037100001E072ED017AF3EC016AA342A6EEA77A0A
:10372000F7D15945AEEC017A0246E2D1E346F9E61B
:103730000121002070E715D10BF1FF3255F822204E
:10374000121248E7E34560467FF45CAF8C4678E7A9
:10375000E489040000000000000080430000803B7A
:103760000000C93FF6EE007AB4EEE78AF1EE10FAF7
:1037700080F25D81B5EE408AF1EE10FA4FF0000262
:103780003FF47AAFC8F1000118EE100A0192009ED2
:1037900000F0AAFB5FED106A019A07EE100AB4EE82
:1037A000E67AF1EE10FAC0F25B815FED147A67EE13
:1037B000277A0BF10103FDEEE77A08F10808F8EE2D
:1037C000E77AA7EEE67AFDEEE77ABDEEC77A17EE66
:1037D000101A45F82B1017EE901A45F823104146A1
:1037E0004FF07E50CDE9002300F07EFB019B009A54
:1037F000002B07EE100AC0F24A819F0042A907F190
:10380000040E5FED2A6A0F44381D05EB0E0171EDC1
:10381000017AF8EEE77AA94267EE877A27EE267AF0
:1038200060ED017AF3D10DF1B8081FED336AC4469B
:1038300003F101090025002EC0F20481A24CDFED46
:10384000A37A3846B0EE467A002103E0A94208DCAC
:10385000B4EC017AF0EC016A01318E42E6EE877A2F
:10386000F4DA01354D45ECEC017AA7F10407E2D119
:103870006499032955D8DFE801F0CAB7B75DF7EEC0
:10388000007A37EEC88ABCF1000F3FF4EFAE17EEB6
:10389000900A4146019200F027FB07EE900A019A38
:1038A00038EE678AE2E64FF0010C09E70BF1FF31D1
:1038B00055F8213003F07F0345F82130D3E655F861
:1038C0002C10009E6346A8F10808002987D10CF14E
:1038D0008041013905EB810151F80409013BA8F150
:1038E00008080028F8D07AE7DFED787A002A40F05F
:1038F000BF809DED2E7A0599002BC1ED007A77EE01
:10390000677A0BDD2FA80121B0EC017A01318B42DF
:1039100077EE877AF8DA002A40F0B680059BC3ED8F
:10392000017A19EE903A03F0070057B0BDEC048B12
:10393000BDE8F08F002B40F3C4809C0056A92144C1
:103940000DF1B80803F1804051ED286A013808EB09
:10395000830171ED017A37EEA67A884577EEC77A52
:1039600081ED007A77EEA67AF0EE476AC1ED017A32
:10397000EFD1012B40F3A58056AB1C448000031D02
:1039800054ED286A43442FA973ED017A37EEA67AE5
:10399000994277EEC77A83ED007A77EEA67AF0EE59
:1039A000476AC3ED017AEFD10830DFED487A08EBC2
:1039B000000308F1080833ED017A984577EE877A1D
:1039C000F9D1DDED2E6A9DED2F7A2AB1F1EE666A0E
:1039D000B1EE477AF1EE677A059BC3ED006A83ED9D
:1039E000017AC3ED027A9CE7002BFFF67DAF2EA88B
:1039F00000EB8301DFED357A043131ED017A884245
:103A000077EE877AF9D1002A3FF473AF30E0DFED2B
:103A10002F7AC6443EED017AF04577EE877AF9D1E8
:103A20000AB1F1EE677A059BC3ED007A79E719EEEA
:103A3000902ABBF1000F02F1010209EE902A3ADD53
:103A40000222D4E5DFED217A01354D45ECEC017A17
:103A5000A7F104077FF4EFAE0AE74FF0000CF0E5A2
:103A6000BDEEC77A5B4617EE101A45F82B10B6E686
:103A7000DDED2E6A0599B1EE677A002B76EEE77AD6
:103A800081ED007A3FF73EAFF1EE677A46E7649941
:103A900003293FF646AF01A050F821F0AD3A0400EB
:103AA000E9390400E939040035390400DFED077A0B
:103AB000002AB6D1B7E7F7EE007A37EEC88A0222BD
:103AC000D4E5DFED027A7CE7BC8904000000000049
:103AD00020F00043B3F1485F07EE900A06EE101A9B
:103AE00004DABDEEE77A17EE103A23B327EEA77A91
:103AF0009FED174ADFED174A9FED175ADFED175A72
:103B0000DFED176AE7EE044A27EE874AA4EE875AEC
:103B1000E5EE075AE5EE876A82B166EEC46AF6EE14
:103B2000005AE6EE256ADFED0F5A96EE876AA4EE9C
:103B3000256A77EEC67A17EE900A70479FED0A6AFB
:103B4000A7EE266AE6EE047A17EE900A704700BFE9
:103B5000D3C92E2F342FD7B21BEF3836010D50B9F1
:103B60008988083CABAA2A3EABAA2ABE41F0004194
:103B700001F58010C00F70470020704700200149F8
:103B8000704700BF0000F87F38B520F00044B4F162
:103B9000A14F07EE900A05460DDBB4F1FF4F5CDC48
:103BA0009FED557ADFED557A0028C8BFF0EE477AD1
:103BB00017EE900A38BD524B9C4261DCB4F1445F71
:103BC00050DB4FF0FF3327EEA76A9FED4E1A9FEDB3
:103BD0004E2ADFED4E1ADFED4E2A9FED4E3ADFED15
:103BE0004E3A9FED4E4ADFED4E4A9FED4E5A9FED05
:103BF0004E7ADFED4E5A66EE066A5A1CA6EE812A10
:103C0000E6EEA12AA2EE263AE2EEA63AA3EE264A74
:103C1000E3EEA64AA4EE265AA4EEA67AE5EE265ACC
:103C200027EE267AA5EE867A27EE277A3FD04049FE
:103C3000404A9B001944D1ED006A37EE667A13447E
:103C400037EE677AD3ED007A77EEC77A002DB8BFEA
:103C5000F1EE677A17EE900A38BD77EEA77A17EE85
:103C6000900A38BD9FED347A37EE877AF7EE006A16
:103C7000B4EEE67AF1EE10FAA3DD17EE900A38BD45
:103C800000F060F82D4B9C4207EE100A14DCA3F5FF
:103C9000D0039C4225DCF0EE007AFFEE006AE7EEEE
:103CA000276A002337EE277AC6EE877A8BE777EE0E
:103CB000C77A17EE900A38BD214B9C420BDCF7EE19
:103CC000087AF7EE006AE7EE276A022337EE677A92
:103CD000C7EE267A77E7FFEE006AC6EE877A0323FF
:103CE00071E7F7EE007A77EE676A37EE277A0123FD
:103CF000C6EE877A67E700BFDB0FC93FDB0FC9BF9E
:103D0000FFFFDF3ED769853C59DA4B3D21A215BD47
:103D10006BF16EBD356B883D95879DBD6E2EBA3DAE
:103D2000388EE3BD2549123ECDCC4CBEABAAAA3E8F
:103D3000008A0400F0890400CAF24971FFFF973F2E
:103D4000FFFF1B4020F00040704700BF20F0004004
:103D5000B0F1FF4FACBF00200120704782B001904E
:103D6000019A22F00041CB0D7F3B162B20DC002B6B
:103D700010462EDB234919410A4224D0DFED227A76
:103D80009DED017A77EE277AF5EEC07AF1EE10FA22
:103D900019DD002A04DA4FF4000242FA03F3184452
:103DA00020EA010307EE903A17EE900A02B070473E
:103DB000B1F1FF4FDDED017AF6D377EEA77A17EE7A
:103DC000900A02B07047DDED017A17EE900A02B05A
:103DD0007047DFED0D7A9DED017A77EE277AF5EEEB
:103DE000C07AF1EE10FAEEDD002A02DBDFED077A91
:103DF000DAE7FFEE007A002918BFB0EE677AF0EE3E
:103E0000477AD1E7FFFF7F00CAF249710000000046
:103E1000004870470000C07F10B485B00190019A3F
:103E200022F00041CB0D7F3B162B2ADC21B3002B67
:103E300011464FEAD27032DB294A1A4111421BD097
:103E40005208114207D04FF4001421EA020244FA4A
:103E500003F342EA0301234B03EB800090ED007A69
:103E600007EE901A77EE277ACDED037ADDED037A2F
:103E700077EEC77ACDED017A019805B05DF8044B75
:103E80007047B1F1FF4FF7D3DDED017A77EEA77AF6
:103E9000CDED017A019805B05DF8044B7047C2F38F
:103EA00016035B420F495B0A120D03F480031205EF
:103EB0001A4301EB800191ED007A07EE902A77EE2C
:103EC000277ACDED037ADDED037A77EEC77A17EE28
:103ED000903A23F0004343EAC0730193CCE700BF5C
:103EE000FFFF7F00108A040000B52DED028B83B028
:103EF0000190019B33F000421DD0B2F1FF4F0FD271
:103F0000B2F5000F20D3D20D0A44FE2A2CDC002A81
:103F10003DDD23F0FF4343EAC25307EE903A03E04E
:103F200007EE900A77EEA77A17EE900A03B0BDEC81
:103F3000028B5DF804FBDDED017A17EE900A03B009
:103F4000BDEC028B5DF804FB9DED017ADFED1B7A81
:103F50001B4B67EE277A9942CDED017A10DB019B6E
:103F6000C3F3C752193ACFE79FED168A019918EEAD
:103F7000100A00F041F907EE900A67EE887AD3E75D
:103F8000DFED117A9DED017A67EE277ACCE712F129
:103F9000160F06DA4CF250339942E5DC9FED0A8A9F
:103FA000E4E7193223F0FF4343EAC2539FED077A57
:103FB00007EE903A67EE877AB6E700BF0000004C44
:103FC000B03CFFFFCAF249716042A20D000000330D
:103FD00030B482B00190019B33F0004241D0002BFD
:103FE0004ADBB3F1FF4F54DAB3F5000F80F29D8046
:103FF000DFED6E7A9DED017A67EE277A6FF0180596
:1040000017EE903A6A4AC3F31604224402F40002FF
:1040100082F07E50DB1504F10F0120437F3B07EE59
:10402000900AC1F316012B44B7EE007A0F2903EB77
:10403000D25337EEC77A35DCB5EE407AF1EE10FA9E
:1040400075D1002B00F0AE8007EE903AB8EEE77A1B
:10405000DFED587ADFED586A67EE277AE7EE267AC9
:1040600005E0DFED566A9FED567AC6EE877A17EEC9
:10407000900A02B030BC7047DDED017A9FED507AB6
:1040800077EEE76AC6EE877A17EE900A02B030BC88
:104090007047DDED017A77EEA77A17EE900A02B04D
:1040A00030BC7047B0EE006A37EE066A9FED452AD5
:1040B000DFED453ADFED454ADFED452A9FED454A04
:1040C000DFED456ADFED457A4549C7EE065AC4F58E
:1040D0005712214402F522720A43002A06EE103AD2
:1040E00025EEA55AB8EEC63A25EE056AE6EE023A86
:1040F000A6EE224AE3EE864AE4EE067AE4EE866A0B
:1041000066EE856AE7EE866A3BDDB6EE006A27EE6C
:10411000066A26EE076A76EE866A66EEA56A03BB35
:1041200076EE666A77EE667AA1E700256AE7DFED4C
:104130002D6AF6EE007AE7EE667A67EE076A67EEBA
:10414000A67ADBB106EE903ADFED1A5A9FED1A6AB5
:10415000F8EEE66AE6EEE57A77EEC77AD6EE867A8C
:1041600085E7DFED147ADFED145AE3EE276A76EE89
:10417000667A77EEC77AD3EE257A78E777EE677AB4
:1041800075E777EE667A67EEA57A002BF6D09FED9D
:10419000096ADFED096AE3EE467A77EEC77AD3EE75
:1041A000267A64E7DFED067A61E700BF0000004C85
:1041B00020FB4A00D1F717378071313F000000CC57
:1041C000000000009788173E25333A3E2549923E6D
:1041D0004FD01C3E298E633EABAA2A3FCDCCCC3EAD
:1041E000305CCFFFABAAAA3E03F0004321F00042AF
:1041F00042EA0301704700BF01F0004120F0004097
:104200000843704710B5054C13462CB10A460146C9
:104210000220AFF3008010BD2046FCE70000000044
:10422000014B1868704700BF3C21002008B5074BC0
:10423000044613B10021AFF30080054B1868836A70
:1042400003B19847204600F061FF00BF0000000066
:10425000188A040070B50D4E0D4CA41BA410002547
:10426000A54209D10B4E0C4C01F022F9A41BA4105D
:104270000025A54205D170BD56F825309847013577
:10428000EEE756F8253098470135F2E77C23002009
:104290007C2300207C230020A0230020024B014629
:1042A000186800F09FBF00BF3C21002038B5074CC4
:1042B0000023054608461146236000F01FFF431CFB
:1042C00002D1236803B12B6038BD00BFAC4300208E
:1042D000084B37B51C68084D236A002B08BF2B46D6
:1042E000009313460A460146204600F0C9FF03B07A
:1042F00030BD00BF3C210020A0210020084B37B575
:104300001C68084D236A002B08BF2B4600931346F8
:104310000A460146204601F02EF803B030BD00BF2A
:104320003C210020A021002081F0004102E000BFDC
:1043300083F0004330B54FEA41044FEA430594EA65
:10434000050F08BF90EA020F1FBF54EA000C55EAA0
:10435000020C7FEA645C7FEA655C00F0E2804FEA71
:104360005454D4EB5555B8BF6D420CDD2C4480EA53
:10437000020281EA030382EA000083EA010180EA83
:10438000020281EA0303362D88BF30BD11F0004FD1
:104390004FEA01314FF4801C4CEA113102D0404207
:1043A00061EB410113F0004F4FEA03334CEA133342
:1043B00002D0524263EB430394EA050F00F0A7805A
:1043C000A4F10104D5F1200E0DDB02FA0EFC22FA55
:1043D00005F2801841F1000103FA0EF2801843FA49
:1043E00005F359410EE0A5F120050EF1200E012A3A
:1043F00003FA0EFC28BF4CF0020C43FA05F3C01878
:1044000051EBE37101F0004507D54FF0000EDCF1F0
:10441000000C7EEB00006EEB0101B1F5801F1BD399
:10442000B1F5001F0CD349085FEA30004FEA3C0C9D
:1044300004F101044FEA445212F5800F80F09A8093
:10444000BCF1004F08BF5FEA500C50F1000041EB97
:10445000045141EA050130BD5FEA4C0C404141EB9B
:10446000010111F4801FA4F10104E9D191F0000FC2
:1044700004BF01460020B1FA81F308BF2033A3F145
:104480000B03B3F120020CDA0C3208DD02F1140C3C
:10449000C2F10C0201FA0CF021FA02F10CE002F177
:1044A0001402D8BFC2F1200C01FA02F120FA0CFC70
:1044B000DCBF41EA0C019040E41AA2BF01EB0451B9
:1044C000294330BD6FEA04041F3C1CDA0C340EDCB7
:1044D00004F11404C4F1200220FA04F001FA02F3FA
:1044E00040EA030021FA04F345EA030130BDC4F1B8
:1044F0000C04C4F1200220FA02F001FA04F340EAAD
:104500000300294630BD21FA04F0294630BD94F05D
:10451000000F83F4801306BF81F480110134013D44
:104520004EE77FEA645C18BF7FEA655C29D094EAB5
:10453000050F08BF90EA020F05D054EA000C04BF33
:104540001946104630BD91EA030F1EBF002100201E
:1045500030BD5FEA545C05D14000494128BF41F0BD
:10456000004130BD14F580043CBF01F5801130BD21
:1045700001F0004545F0FE4141F470014FF00000AC
:1045800030BD7FEA645C1ABF194610467FEA655C5D
:104590001CBF0B46024650EA013406BF52EA0335FF
:1045A00091EA030F41F4002130BD00BF90F0000FED
:1045B00004BF0021704730B54FF4806404F1320429
:1045C0004FF000054FF0000150E700BF90F0000FE2
:1045D00004BF0021704730B54FF4806404F1320409
:1045E00010F0004548BF40424FF000013EE700BFD9
:1045F00042004FEAE2014FEA31014FEA02701FBF69
:1046000012F07F4393F07F4F81F06051704732F09A
:104610007F4208BF704793F07F4F04BF41F40021F1
:10462000704730B54FF4607401F0004521F000414F
:104630001CE700BF50EA010208BF704730B54FF0D9
:1046400000050AE050EA010208BF704730B511F0DA
:10465000004502D5404261EB41014FF4806404F112
:1046600032045FEA915C3FF4D8AE4FF003025FEA98
:10467000DC0C18BF03325FEADC0C18BF033202EB1C
:10468000DC02C2F1200300FA03FC20FA02F001FA76
:1046900003FE40EA0E0021FA02F11444BDE600BF19
:1046A00070B54FF0FF0C4CF4E06C1CEA11541DBFC8
:1046B0001CEA135594EA0C0F95EA0C0F00F0DEF893
:1046C0002C4481EA030621EA4C5123EA4C5350EA78
:1046D000013518BF52EA033541F4801143F48013C9
:1046E00038D0A0FB02CE4FF00005E1FB02E506F05A
:1046F0000042E0FB03E54FF00006E1FB03569CF0AF
:10470000000F18BF4EF0010EA4F1FF04B6F5007FB4
:1047100064F5407404D25FEA4E0E6D4146EB060626
:1047200042EAC62141EA55514FEAC52040EA5E50AF
:104730004FEACE2EB4F1FD0C88BFBCF5E06F1ED859
:10474000BEF1004F08BF5FEA500E50F1000041EB90
:10475000045170BD06F0004646EA010140EA02003D
:1047600081EA0301B4EB5C04C2BFD4EB0C0541EA5F
:10477000045170BD41F480114FF0000E013C00F374
:10478000AB8014F1360FDEBF002001F0004170BD98
:10479000C4F10004203C35DA0C341BDC04F11404B1
:1047A000C4F1200500FA05F320FA04F001FA05F23D
:1047B00040EA020001F0004221F0004110EBD3700A
:1047C00021FA04F642EB06015EEA430E08BF20EA36
:1047D000D37070BDC4F10C04C4F1200500FA04F3D9
:1047E00020FA05F001FA04F240EA020001F000416B
:1047F00010EBD37041F100015EEA430E08BF20EADE
:10480000D37070BDC4F1200500FA05F24EEA020E25
:1048100020FA04F301FA05F243EA020321FA04F054
:1048200001F0004121FA04F220EA020000EBD3700B
:104830005EEA430E08BF20EAD37070BD94F0000F0B
:104840000FD101F00046400041EB010111F4801F3F
:1048500008BF013CF7D041EA060195F0000F18BFF0
:10486000704703F00046520043EB030313F4801F2C
:1048700008BF013DF7D043EA0603704794EA0C0FE6
:104880000CEA135518BF95EA0C0F0CD050EA4106FC
:1048900018BF52EA4306D1D181EA030101F0004179
:1048A0004FF0000070BD50EA410606BF10461946A1
:1048B00052EA430619D094EA0C0F02D150EA0136AD
:1048C00013D195EA0C0F05D152EA03361CBF1046EE
:1048D00019460AD181EA030101F0004141F0FE418D
:1048E00041F470014FF0000070BD41F0FE4141F411
:1048F000780170BD70B54FF0FF0C4CF4E06C1CEA11
:1049000011541DBF1CEA135594EA0C0F95EA0C0FC5
:1049100000F0A7F8A4EB050481EA030E52EA033580
:104920004FEA013100F088804FEA03334FF08055A1
:1049300045EA131343EA12634FEA022245EA1115CE
:1049400045EA10654FEA00260EF000419D4208BF7F
:10495000964244F1FD0404F5407402D25B084FEA2C
:104960003202B61A65EB03055B084FEA32024FF4D8
:1049700080104FF4002CB6EB020E75EB030E22BF35
:10498000B61A754640EA0C005B084FEA3202B6EBF5
:10499000020E75EB030E22BFB61A754640EA5C00A4
:1049A0005B084FEA3202B6EB020E75EB030E22BF34
:1049B000B61A754640EA9C005B084FEA3202B6EB35
:1049C000020E75EB030E22BFB61A754640EADC00F4
:1049D00055EA060E18D04FEA051545EA16754FEA56
:1049E00006164FEAC30343EA52734FEAC2025FEA74
:1049F0001C1CC0D111F4801F0BD141EA00014FF003
:104A000000004FF0004CB6E711F4801F04BF0143D3
:104A10000020B4F1FD0C88BFBCF5E06F3FF6AFAEEF
:104A2000B5EB030C04BFB6EB020C5FEA500C50F17F
:104A3000000041EB045170BD0EF0004E4EEA113102
:104A400014EB5C04C2BFD4EB0C0541EA045170BD09
:104A500041F480114FF0000E013C90E645EA060E4D
:104A60008DE60CEA135594EA0C0F08BF95EA0C0F7B
:104A70003FF43BAF94EA0C0F0AD150EA01347FF4C3
:104A800034AF95EA0C0F7FF425AF104619462CE79A
:104A900095EA0C0F06D152EA03353FF4FDAE1046FD
:104AA000194622E750EA410618BF52EA43067FF44E
:104AB000C5AE50EA41047FF40DAF52EA43057FF4DE
:104AC000EBAE12E74FF0FF3C06E000BF4FF0010CE9
:104AD00002E000BF4FF0010C4DF804CD4FEA410C4D
:104AE0007FEA6C5C4FEA430C18BF7FEA6C5C1BD01A
:104AF00001B050EA410C0CBF52EA430C91EA030F9B
:104B000002BF90EA020F0020704710F1000F91EAF7
:104B1000030F58BF994208BF90422CBFD8176FEAC5
:104B2000E37040F0010070474FEA410C7FEA6C5C93
:104B300002D150EA013C07D14FEA430C7FEA6C5C9A
:104B4000D6D152EA033CD3D05DF8040B704700BFC6
:104B50008446104662468C461946634600E000BF14
:104B600001B5FFF7B7FF002848BF10F1000F01BDE6
:104B70004DF808EDFFF7F4FF0CBF012000205DF8B1
:104B800008FB00BF4DF808EDFFF7EAFF34BF012036
:104B900000205DF808FB00BF4DF808EDFFF7E0FFCF
:104BA00094BF012000205DF808FB00BF4DF808ED20
:104BB000FFF7CEFF94BF012000205DF808FB00BF87
:104BC0004DF808EDFFF7C4FF34BF012000205DF869
:104BD00008FB00BF4FEA410C7FEA6C5C02D150EA4F
:104BE000013C0AD14FEA430C7FEA6C5C02D152EAE5
:104BF000033C02D14FF0000070474FF001007047B6
:104C00004FEA410212F5001215D211D56FF47873F4
:104C1000B3EB625212D94FEAC12343F0004343EA97
:104C2000505311F0004F23FA02F018BF4042704772
:104C30004FF00000704750EA013005D111F00040FC
:104C400008BF6FF0004070474FF00000704700BF92
:104C50004A0011D212F5001211D20DD56FF47873FB
:104C6000B3EB62520ED44FEAC12343F0004343EA50
:104C7000505323FA02F070474FF00000704750EA9B
:104C8000013002D14FF0FF3070474FF00000704705
:104C90004FEA4102B2F1E04324BFB3F5001CDCF15E
:104CA000FE5C0DD901F0004C4FEAC0024CEA507096
:104CB000B2F1004F40EB830008BF20F001007047C5
:104CC00011F0804F21D113F13872BCBF01F00040C8
:104CD000704741F480114FEA5252C2F11802C2F1FA
:104CE000200C10FA0CF320FA02F018BF40F001007B
:104CF0004FEAC1234FEAD32303FA0CFC40EA0C002D
:104D000023FA02F34FEA4303CCE77FEA625307D169
:104D100050EA01331EBF4FF0FE4040F440007047A0
:104D200001F0004040F0FE4040F40000704700BF3A
:104D300053B94AB9002908BF00281CBF4FF0FF3102
:104D40004FF0FF3000F0D0B9ADF1080C6DE904CEA2
:104D500000F064F8DDF804E0DDE9022304B07047F8
:104D60002DE9F84382EAE274A4EBE2741546E20707
:104D700058BFDFF8609006460F4652BF4FF000085C
:104D800080468946640832463B463046394613D051
:104D9000FFF786FCE30706460F46F3D54046494633
:104DA00032463B46FFF77CFC640880468946324623
:104DB0003B4630463946EBD1002D07DA42464B469A
:104DC00000200449FFF796FD804689464046494643
:104DD000BDE8F8830000F03FD0B500220D4B064639
:104DE0000F46FFF75DFCFFF733FF0446FFF7DEFBDE
:104DF0000022094BFFF754FC02460B463046394669
:104E0000FFF796FAFFF724FF0022234610431946C6
:104E1000D0BD00BF0000F03D0000F0412DE9F0479B
:104E2000089E04468846002B4BD18A42154667D916
:104E3000B2FA82F24AB1C2F1200701FA02F320FA73
:104E400007F7954047EA030894404FEA154E230CB4
:104E5000B8FBFEF71FFA85FC0EFB178843EA0843F0
:104E600007FB0CF1994209D9EB1807F1FF3080F0EC
:104E70001B81994240F21881023F2B445B1AA4B275
:104E8000B3FBFEF00EFB103344EA034400FB0CFCC2
:104E9000A44509D92C1900F1FF3380F00781A445FE
:104EA00040F2048102382C4440EA0740A4EB0C0491
:104EB00000271EB1D4400023C6E900433946BDE8AF
:104EC000F0878B4209D9002E00F0EB800027C6E95D
:104ED000000138463946BDE8F087B3FA83F7002F62
:104EE00047D18B4202D3824200F2FA80841A61EBEE
:104EF000030301209846002EE0D0C6E90048DDE714
:104F000002B9FFDEB2FA82F2002A40F08F80491B1C
:104F10004FEA154E1FFA85F80127B1FBFEFC230C62
:104F20000EFB1C1143EA014308FB0CF1994207D91F
:104F3000EB180CF1FF3002D2994200F2CD8084468A
:104F4000591AA3B2B1FBFEF00EFB101443EA04445D
:104F500008FB00F8A04507D92C1900F1FF3302D255
:104F6000A04500F2B6801846A4EB080440EA0C40C5
:104F70009FE7C7F1200CBB4022FA0CFE4EEA030E5D
:104F800001FA07F420FA0CF521FA0CF34FEA1E4857
:104F90002543B3FBF8F92C0C08FB19331FFA8EFAE2
:104FA00044EA034309FB0AF49C4202FA07F200FABE
:104FB00007F10BD91EEB030309F1FF3080F0878066
:104FC0009C4240F28480A9F1020973441B1BADB2DC
:104FD000B3FBF8F008FB103345EA034400FB0AFA80
:104FE000A24508D91EEB040400F1FF336BD2A245A1
:104FF00069D90238744440EA0940A0FB0289A4EB55
:105000000A044C45C2464B4654D351D0002E69D0B9
:10501000B1EB0A0564EB030404FA0CFCFD40FC4010
:105020004CEA0505C6E90054002747E7C2F1200312
:1050300020FA03F7954001FA02F021FA03F34FEA50
:10504000154E3843010CB3FBFEF71FFA85F80EFB33
:10505000173341EA034107FB08F38B4204FA02F4D9
:1050600007D9691807F1FF3C2FD28B422DD9023F97
:105070002944CB1A81B2B3FBFEF00EFB103341EA98
:10508000034100FB08F38B4207D9691800F1FF3C8C
:1050900017D28B4215D902382944C91A40EA07476A
:1050A0003BE73746304609E70746E7E61846FBE6A2
:1050B0004145ABD2B8EB020A69EB0E020138134648
:1050C000A4E76046E9E7184695E76746D1E78146D9
:1050D0007CE702382C4447E7ACF1020C2B442FE765
:1050E000384608E73746E9E6704700BF024B5822CA
:1050F0001A604FF0FF307047AC430020024B58223B
:105100001A604FF0FF307047AC430020FEE700BF4D
:10511000EBF716BE0B4601461846FFF773B810B5FD
:10512000002814BF044601242046EBF7E3FD30B904
:10513000FCF7BCF908B900F00FF88047F4E710BDA0
:1051400008B500F004F808B5804700F005F808B588
:10515000FCF7B4F9FFF7F7FF08B50620FFF79EF854
:105160000120FFF7D3FF0A220021FFF7B1B830B5C5
:105170000024A24201D1002007E0035D01340D1993
:1051800015F8015CAB42F4D0581B30BD10B5431E7E
:105190000A44914200D110BD11F8014B03F8014FB0
:1051A000F7E7884210B501EB020307D8421E994287
:1051B0000AD011F8014B02F8014FF8E78342F5D904
:1051C0008118D21AD34200D110BD13F8014D01F855
:1051D000014DF7E702440346934200D1704703F8BC
:1051E000011BF9E71F2938B504460D4604D91623DB
:1051F00003604FF0FF3038BD426C12B152F82130DD
:105200004BB9204600F016F82A4601462046BDE874
:105210003840FFF74BB8012B0AD0591C03D1162395
:1052200003600120E7E7002442F82540284698471C
:105230000020E0E7FFF75ABF10F8012B11F8013BFF
:10524000012A28BF9A42F7D0D01A7047034613F8B4
:10525000012B002AFBD1181A0138704710B56AB12A
:105260000139841810F8013B11F8012F934203D142
:10527000A04201D0002BF5D1981A10BD1046FCE7D2
:105280002DE9F0478046894692461E460F463D4628
:10529000089815F8014B00F0E8F82044437813F023
:1052A000080332D12D2C32D17C78BD1C0122002E76
:1052B0005DD0102E09D1302C07D12B7803F0DF03FD
:1052C000582B4FD16C7810260235002A14BF4FF0AE
:1052D00000416FF000410027B1FBF6FC384606FBA9
:1052E0001C1EA4F13003092B17D81C46A64223DD4F
:1052F0007B1C07D084451CD301D1A64519DB00FBDC
:105300000640012715F8014BEBE72F46BFE72B2C92
:1053100004BFBD1C7C781A46C9E7A4F14103192BD0
:1053200001D8373CE2E7A4F16103192B04D8573CBC
:10533000DCE74FF0FF37E5E77B1C08D12223C8F8F4
:1053400000300846BAF1000F07D1BDE8F08702B17E
:105350004042BAF1000FF8D00FB105F1FF39CAF899
:105360000090F2E73024002EAFD10826ADE7302CB4
:10537000A3D00A26A9E72DE9F04780468946924640
:105380001E460F463D46089815F8014B00F06DF893
:105390002044437813F0080330D12D2C30D17C7891
:1053A000BD1C0121002E5CD0102E09D1302C07D15C
:1053B0002B7803F0DF03582B4ED16C781026023582
:1053C0004FF0FF320023B2FBF6F206FB02FC6FEA5D
:1053D0000C0C1846A4F13007092F17D83C46A642FA
:1053E00023DD002B1EDB82421CD301D1A44519DB37
:1053F00000FB0640012315F8014BEBE72F46C1E700
:105400002B2C04BFBD1C7C781946CBE7A4F14107C7
:10541000192F01D8373CE2E7A4F16107192F04D80E
:10542000573CDCE74FF0FF33E5E7002B09DA222396
:10543000C8F800304FF0FF30BAF1000F07D1BDE8D7
:10544000F08701B14042BAF1000FF8D00BB105F17D
:10545000FF39CAF80090F2E73024002EB0D10826B8
:10546000AEE7302CA4D00A26AAE7D0F8EC007047AB
:1054700082B001B901A942B14BB113780B60127827
:10548000101C18BF012002B070471046FBE76FF0F8
:105490000100F8E749B1FF2A85BF8A2303600A703B
:1054A0004FF0FF3098BF012070470846704700005A
:1054B000F8B500BFF8BC08BC9E467047F8B500BF01
:1054C000F8BC08BC9E4670470000000000000000C9
:1054D00000000000000000000000000000000000CC
:1054E0001042000000900400F906565335D7D8AE9C
:1054F00000300700610A0200990A0200B50A0200A2
:10550000CD0A0200E90A0200050B0200210B02008D
:105510003D0B02004D0B0200850B0200D50B020073
:10552000FD0B0200710C0200B90C0200C90C020054
:10553000D90C0200290D0200610D0200710D02005C
:105540006D160200A9530200B54C0200D94F0200AB
:10555000E54F0200FD4F020031260200F14F02002C
:10556000094D0200D14F0200FD330200492602001E
:10557000012A02002D290200DD280200312B020041
:105580008D23020069250200792502008D25020085
:10559000A9250200592F0200A92E0200853402001D
:1055A000A5340200AD5A0200B15A02001C5C04008E
:1055B0004C5C04007C5C0400D45D0400A54C02003B
:1055C000554D0200CD3E0200C9360200CD5A020000
:1055D000C55A0200C95A0200FD3202001131020010
:1055E00081310200312702004527020065270200B1
:1055F00025280200392802007128020085220200B5
:10560000D5250200E9250200ED250200F52502005E
:1056100001260200092602001926020021260200A6
:1056200029260200C5300200F5300200494D020073
:105630009D500200C9500200355102007521020040
:1056400081210200D9210200E1210200552502003A
:105650000525020001220200C522020039240200B1
:10566000C92202000D2302007523020085230200D7
:10567000A13002007D2B0200A52B0200CD2B0200E1
:10568000252C0200512C0200052A0200FD2A0200EE
:10569000352A0200652A02008D2A0200B52A02007E
:1056A000D52A0200513202007532020099320200FE
:1056B000BD320200DD320200A5300200B53002002A
:1056C000392F0200492F0200B12C0200B52502003B
:1056D0006D2D0200252E0200392E02004D2E0200F3
:1056E000612E0200752E0200892E0200C5250200DF
:1056F000CD250200B55A02003126020041260200E3
:1057000049260200C5260200C9260200CD26020055
:10571000E1260200152702001927020029270200AE
:1057200085280200912802009528020035340200E5
:10573000AD340200C5340200E93402003135020004
:1057400051350200BD360200D5360200D13D0200BF
:1057500035430400854B0400C14B04003143040071
:10576000F5480400A14604006D160200753F0200D2
:10577000993F02009D3F0200CD3F0200F93F020029
:105780002940020035400200794002009D4002009D
:10579000CD400200F940020001410200094102002F
:1057A00015410200254102001D0E0200490E0200B3
:1057B000A90E0200B50E0200E50E0200210F020044
:1057C000250F0200314102003D410200A1410200CB
:1057D000C5410200E9410200ED4302000D42020012
:1057E000B1420200E9420200F54202000543020014
:1057F0001143020035430200C9430200D9430200AD
:10580000791F0200811F02008D1F0200911F0200FC
:10581000951F0200991F02009D1F0200A51F020094
:10582000BD1F0200C91F0200D51F0200E11F0200B8
:10583000F51F02003D200200412002004D20020021
:105840005120020061200200692002006D20020048
:10585000712002007D2002008520020099200200B4
:10586000A5200200A92002003544020045440200A0
:1058700099440200A9440200E1440200ED44020000
:10588000B9440200C5440200D1440200F9440200B8
:105890000D45020021460200314602003D4602004D
:1058A000494602006D460200994702009D470200EA
:1058B000B1470200C5470200D9470200ED47020088
:1058C00001480200294802003548020065480200EC
:1058D00085480200894802009D480200ED48020008
:1058E000454902005149020099490200C14902009C
:1058F000D1490200D9490200814B0200B14B02009C
:10590000194A02002D4A0200914A0200A54A0200EB
:10591000BD4A0200154B02003D4B0200694B0200DC
:10592000B953020085510200D15102001552020004
:10593000455202005D520200B952020001530200BA
:105940004553020051530200815302008D5302005F
:10595000995302008D0F0200910F0200A90F02005F
:10596000BD0F0200D50F0200E90F02004D13020027
:10597000891402004D100200511002008110020033
:10598000AD1002002D110200391102007D1102003C
:10599000F111020009120200311202003912020054
:1059A0007D0D0200910D0200A50D0200B90D02004F
:1059B000CD0D0200E10D0200F50D0200090E0200FE
:1059C0007D540200A5540200B9540200CD540200D7
:1059D000E1540200F5540200095502001D55020071
:1059E000A5450200C9450200ED450200F14502004F
:1059F0000D46020051540200F953020045540200C2
:105A000061550200E15802006D550200795502000F
:105A10000338FDD8704700000100000000000000BE
:105A20000A00000000000000640000000000000008
:105A3000E803000000000000102700000000000044
:105A4000A08601000000000040420F00000000009E
:105A5000809698000000000000E1F50500000000BD
:105A600000CA9A3B0000000000E40B540200000052
:105A700000E87648170000000010A5D4E8000000F8
:105A800000A0724E1809000000407A10F35A00007E
:105A90004FBB610567ACDD3F182D4454FB21E93F46
:105AA0009BF681D20B73EF3F182D4454FB21F93F35
:105AB000E2652F227F2B7A3C075C143326A6813CBB
:105AC000BDCBF07A8807703C075C143326A6913C66
:105AD000000000000000E03F000000000000E0BF08
:105AE0000000E0FE422EE63F0000E0FE422EE6BF50
:105AF000763C7935EF39EA3D763C7935EF39EABDC8
:105B00000000000000000000000000000000008015
:105B100000000040FB21F93F000000002D44743ECE
:105B2000000000809846F83C0000006051CC783BB3
:105B300000000080831BF0390000004020257A38E7
:105B4000000000802282E336000000001DF369356A
:105B5000000000000000000051B2020051B202003B
:105B600051B20200490902004D09020081B202004F
:105B700051B2020051B2020031B5020055B202002A
:105B800085B5020059B602006DB20200B1120000E4
:105B9000267930DAA26E0273B604384AB1120000D8
:105BA000267930DAA26E0273B6043849CFDBDFE41F
:105BB000E7ECF1F63031323334353637383961625B
:105BC0006364656600000000000000000000000043
:105BD000C979030021790300491903004919030019
:105BE0005119030051190300391903005919030011
:105BF000917C030075190300597D0300917903001E
:105C000095190300491502005D150200957A0300FD
:105C1000322E3000322E3200322E5800080003F9A6
:105C2000000000000100000000000000E120020070
:105C3000FD330200DD200200AD200200B52002008D
:105C4000B9200200D9200200BD200200080004F99A
:105C5000000000000300000000000000E12002003E
:105C6000FD33020000000000D1200200000000000F
:105C70000000000000000000000000000C0002F91D
:105C8000000000000200000000000000E12002000F
:105C9000FD33020000000000CD20020000000000E3
:105CA0000000000000000000000000001C5C040078
:105CB0000700626F6F6C65616E0000001C5C040081
:105CC0000900756E646566696E6564004C5C04006D
:105CD00000000000000000001C5C04000000000048
:105CE0001C5C0400080066756E6374696F6E0000CA
:105CF0001C5C04000900756E646566696E6564006D
:105D00001C5C04000800496E66696E6974790000C5
:105D10001C5C040003004E614E0000001C5C04008B
:105D200009002D496E66696E697479001C5C040077
:105D300004006E756C6C00001C5C0400040074723E
:105D4000756500001C5C0400050066616C736500ED
:105D50001C5C040008005B4F626A6563745D0000B0
:105D60001C5C04000A005B46756E6374696F6E5DAF
:105D7000000000001C5C040006006E756D62657218
:105D8000000000001C5C040006006F626A6563741A
:105D9000000000001C5C04000600737472696E67EA
:105DA00000000000080004F90000000009000000E5
:105DB00000000000193F0200113F0200213F0200D5
:105DC000153F02000000000000000000000000007D
:105DD000000000000C0005F90000000004000000B5
:105DE00000000000B14C0200A14C0200A13E0200E4
:105DF000E53E02000000000000000000000000007E
:105E000000000000140004F9000000000800000079
:105E100000000000DD4B0200E94B0200B53E02002D
:105E2000F53E02000000000000000000000000003D
:105E300000000000080004F9000000000700000056
:105E400000000000AD4C0200A94C0200AD3E020073
:105E5000F13E020000000000000000000000000011
:105E6000000000000C0004F9000000000600000023
:105E700000000000D14B0200D94B0200993E020005
:105E8000E13E0200000000000000000000000000F1
:105E9000000000000000000000000000D15A0200D5
:105EA000455B0200D95A02008D5C020095FF02009A
:105EB000995D02001D5E02007A76677074756F69E5
:105EC00065617A76677074756F6965617A766770F7
:105ED00074000000756E6B6E6F776E001B1B000EFA
:105EE0001100000015160F18130000001C0B1F25D1
:105EF0001E00000000000000000000003D600200E5
:105F0000CD01030035600200F55F02003160020040
:105F10000564020029600200256002000000000004
:105F200000000000D15A020039640200D95A020070
:105F3000E581020095FF02004564020071640200E1
:105F40006518030069180300798602007D180300B4
:105F5000818302005181020085180300C4FFFFFF06
:105F600000000000D15A0200C5310300D95A0200D6
:105F70003D64020095FF0200696402009D64020016
:105F8000554249545F4C4F475F46535F565F303030
:105F9000320A00009C5F04000800000001000000BD
:105FA00002000000020000000200000003000000E8
:105FB00002000000040000000100000005000000D5
:105FC00008000000060000000100000007000000BB
:105FD00001000000080000000100000000000000B7
:105FE00000000000D15A020039640200716B020007
:105FF0003D64020095FF0200456602005D660200F6
:106000000000000000000000D15A020039640200C4
:10601000A57002003D64020095FF0200A96F020016
:10602000C16F02002C6004000800000001000000A5
:106030000C0000000200000005000000030000004A
:106040000200000004000000010000000500000044
:106050000100000006000000020000000700000030
:106060000300000008000000010000000000000024
:1060700000000000D15A020039640200D95A02001F
:106080003D64020095FF0200D17002000171020020
:10609000057402004574020071780200BD700200B0
:1060A00099780200B9780200C1700200F8FFFFFF82
:1060B0000000000039710200B1780200C9780200C6
:1060C000C97002003D7402001D7502009178020043
:1060D0000000000000000000D17802002D790200CD
:1060E000457902000000000000000000A57A0200CF
:1060F000DD780200E9780200154F0300F578020010
:10610000FD78020025790200294F03002D4F03007E
:106110000000000000000000957F02005D8002008A
:10612000997F02009D7F0200A97F0200BD7F0200CF
:10613000798002000000000000000000D15A020037
:1061400039640200D95A0200E581020095FF02007D
:10615000118102002D8102006518030069180300F7
:10616000798602007D1803008183020051810200BC
:10617000851803000000000000000000E95803003B
:10618000CD580300D1580300154F0300DD5803001C
:10619000E1580300254F0300294F03002D4F030052
:1061A0000000000000000000918C0200E586020063
:1061B000E9860200154F0300F58602001D4F03001B
:1061C000F9860200294F03002D4F030009870200C2
:1061D0005D870200F8FFFFFF00000000D15A0200B7
:1061E00039640200D95A02003D64020095FF0200A2
:1061F0005587020071870200676967676C65000058
:106200003031303233303938383031393030383459
:106210003430303434303038383831303233303054
:10622000313630313030333330303234303030305A
:10623000303030303030303030303030303030305E
:1062400030303030303030302C3131303233323544
:106250003730303837343131343430303434303012
:1062600038383830333532303035393031303033FA
:10627000333030303130303030303030303030301A
:10628000303030303030313030303030303030300D
:10629000302C3331303233323732393032313130E1
:1062A00035343430323838393038383830303931A4
:1062B00030303633303030303030303032343037C8
:1062C00030303032303030303030303030303030CC
:1062D000333030303030303030302C3331303233B6
:1062E0003237323930313032303534343032383878
:1062F000393038383830303931303036333030306A
:10630000303030303032343037303030323030307E
:10631000303030303030303030333030303030307A
:106320003030302C33313032333237323930313152
:106330003430353434303238383930383838303019
:106340003931303036333030303030303030323434
:106350003037303030323030303030303030303034
:1063600030303330303030303030303000000000EA
:106370006861707079000000303130323331393962
:1063800032303636393131343430303434303038DC
:1063900038383032363230303238303030303138D0
:1063A00030303032303530303030303030303030E6
:1063B00030303030303130303030303030303030DC
:1063C0002C303032333232313239303239353038A4
:1063D0003434303234303430383838303030303093
:1063E000303034303030323234303031313030309F
:1063F0003030303030303030303030303030303796
:106400003530303030303030302C30303030303289
:106410003132393032393530393434303234303445
:106420003038383830313435303030343030303244
:106430003234303031313030303030303030303054
:106440003030303030303030373530303030303040
:106450003030000068656C6C6F0000003331303202
:1064600033303637333031393730323434303131FC
:1064700038373038383831303233303132383030E4
:106480003030303030303234303030303030303006
:1064900030303030303030303030303030303030FC
:1064A000303030302C3330303030313036343030E2
:1064B00031363032343430303938313038383830A1
:1064C00030303030313238303030303031303030C0
:1064D00034303030303030303030303030303030B8
:1064E000303030303030303030303030302C3331AC
:1064F0003032333130363430323933303234343074
:106500003039383130383838313032333031323850
:106510003030303030313030303430303030303076
:10652000303030303030303030303030303030306B
:1065300030303030303000006D7973746572696FBF
:10654000757300003430303030323339303033330B
:10655000313030343430323430343038383830340C
:10656000373730303034303030323234303031310F
:106570003034303030303030303030303030303017
:106580003030383030303030303030302C343035FE
:1065900035313238343533383530303034343030CA
:1065A00034343030383838303030303031323830C0
:1065B00033303130353030313630303030303030CB
:1065C00030303030303030303030383530303035B9
:1065D00030303031350000007361640033313032C7
:1065E000333232323630373038303134343031367D
:1065F000323430383838313032333031323830306C
:106600003030303130303234303030303030303083
:10661000303030303030303030303030303030307A
:10662000303030302C333130323331363233303950
:10663000333630323434303039333930383838301A
:10664000303030303132383030303030313030323C
:106650003430303030303030303030303030303036
:1066600030303030303030303030303030000000BA
:10667000736C69646500000031303532303233327A
:1066800035303232333032343430323430343038E2
:1066900038383130323330313238303130323030D6
:1066A00030303131303430303030303030303030E4
:1066B00030303030303130303030303030303030D9
:1066C0002C303130323332353230303931303032B3
:1066D000343430303434303038383831303233308C
:1066E0003132383031303232343030313130343090
:1066F0003030303030303030303030303030313099
:10670000303030303030303030000000736F617224
:10671000696E6700323130323334303039353330DE
:10672000393035343430353939393038383831301A
:106730003233303032323032303030343030303248
:106740003032353030303030303030303030303042
:106750003032303030303030303030302C34303235
:1067600032333337323732373330313434343030F8
:1067700034343030383838303030303030333130F5
:1067800031303234343030303330303030303030FB
:1067900030303030303030303030303030303030F9
:1067A0003030303030000000737072696E67000066
:1067B00033303635393030333731313633313234A6
:1067C000343030353837303838383038303730308A
:1067D00033343030303030303030323430303030AC
:1067E00030303030303030303030303030353030A4
:1067F00030303030303030302C3031303233303097
:106800003337313136333133343430303538373053
:106810003838383130323330303331303030303056
:106820003030303234303030303030303030303062
:106830003030303030303530303030303030303053
:10684000300000007477696E6B6C65003031303158
:106850003830303037363732323039343430303700
:1068600035363038383830383535303132383030E8
:106870003030303030303234303030303030303012
:106880003030303030303030303030303030303008
:1068900030303030000000007961776E0000000079
:1068A00032303030303232383131333332303234CA
:1068B00034303135303030383838313032333031AF
:1068C00032383031303234313030323430343030AC
:1068D00030333030303030303030303030313030B4
:1068E00030303030303030302C303035333132359C
:1068F000323030393130303234343030343430307A
:106900003838383036333630313238303130323250
:10691000343030313130333030303030303030306E
:106920003030303030303130303030303030303066
:10693000302C303038323230373834303139303032
:106940003834343030343430303838383036383108
:106950003030313630303030353530303234303020
:106960003030303030303030303030303030303027
:10697000353030303030303030302C303034373902
:1069800030373834303139303038343430303434D2
:1069900030303838383032393830303136303030C5
:1069A00030303030303234303030303030303030E1
:1069B00030303030303030303035303030303030D2
:1069C0003030302C303033323130373834303139A8
:1069D0003030383434303034343030383838303186
:1069E000303830303136303030303333303030388A
:1069F0003030303030303030303030303030303097
:106A00003030353030303030303030300000000041
:106A100000000000000000008D9502009595020026
:106A20009D950200B5950200BD950200C595020036
:106A3000CD950200DD950200ED950200F99502006A
:106A40000996020011960200199602002196020092
:106A500031960200399602004196020059960200D2
:106A60006196020069960200719602007996020012
:106A700081960200B9960200BD960200C1960200FE
:106A8000F596020000000000000000008D95020055
:106A9000959502009D950200099A0200BD9502009D
:106AA000C5960200CD950200DD950200ED9502002D
:106AB000F99502000996020011960200199602004B
:106AC000C9960200319A0200D9960200CD970200C1
:106AD00059960200619602006996020071960200C2
:106AE0007996020081960200B9960200BD960200D6
:106AF000599702004198020001970200899A02000A
:106B0000DD960200E1960200E8FFFFFF00000000B2
:106B1000D15A020039640200519702003D6402001C
:106B200095FF020091970200FD970200E0FFFFFF32
:106B300000000000E59A0200114F0300ED960200EC
:106B4000154F0300F99702001D4F0300254F030066
:106B5000294F03002D4F0300806B04000C00000040
:106B6000B06B040006000000C86B040004000000C5
:106B7000D86B040007000000F46B0400070000005D
:106B80000000803F6D56853F0000903F9A99993FE5
:106B90000000A03F93A9AA3FA301B43F0000C03F5B
:106BA000CDCCCC3F6D56D53F6666E63F0000F03F4A
:106BB0000000803F0000903F0000A03FA301B43FD1
:106BC000CDCCCC3F6666E63F0000803F9A99993F66
:106BD000A301B43F6D56D53F0000803F0000903FB9
:106BE0000000A03F93A9AA3F0000C03F6D56D53FCB
:106BF0000000F03F0000803F0000903F9A99993FCD
:106C000093A9AA3F0000C03FCDCCCC3F6666E63FCB
:106C10000000000000000000059E020051B20200CA
:106C200051B20200AD9D0200B19D020081B202008E
:106C300055A00200B5A0020031B5020055B2020015
:106C400085B5020059B602006DB20200AAFE01002D
:106C5000FFFF14000500FFFFFFFFFFFFFFFFFFFF27
:106C6000FFFF00FFFFFF000000FFFFFFFFFFFFFF30
:106C7000FF00FFFFFF000000FF0000000000FFFF1B
:106C800000FFFFFF000000FF000000000000000008
:106C90000000FFFFFFFFFFFFFF00FFFFFF000000FE
:106CA000FF0000000000FFFFFFFFFFFFFFFFFFFFEF
:106CB000FFFF00FFFFFF000000FF00000000FFFFDC
:106CC00000FF00FF00FF00FFFFFF00FF00FF00FFCD
:106CD0000000FFFF00000000D8ECF0F4F8FC000416
:106CE000302C302C3235352C302C300A302C3235CB
:106CF000352C302C302C300A3235352C3235352CB1
:106D00003235352C3235352C3235350A302C32358A
:106D1000352C302C302C300A302C302C3235352CA0
:106D2000302C300A00000000302C302C302C302C5D
:106D3000300A302C302C302C302C3235350A302CA7
:106D4000302C302C3235352C300A3235352C302C65
:106D50003235352C302C300A302C3235352C302C55
:106D6000302C300A000000003235352C302C302C0D
:106D7000302C3235350A302C3235352C302C32352A
:106D8000352C300A302C302C3235352C302C300A52
:106D9000302C3235352C302C3235352C300A32350A
:106DA000352C302C302C302C3235350A00000000C8
:106DB0005265626F6F744D6F64650000205B000068
:106DC0005D000000205632000000000000000000BE
:106DD000D15A02003964020065A20200D5A3020064
:106DE00095FF020035A202007DA502004242432029
:106DF0006D6963726F3A626974000000E95D0000BA
:106E0000251D470AA062FA1922DFA9A80000000088
:106E10000000000051B2020051B2020051B2020063
:106E2000415104004151040081B2020051B20200FC
:106E300051B2020031B5020055B2020085B5020020
:106E400059B602006DB20200000000000000000010
:106E500051B2020051B2020051B2020049B7020021
:106E60004DB7020081B2020029BB020031BB020013
:106E700031B5020055B2020085B5020059B60200D4
:106E80006DB202002E636F6D2F0000002E6F7267CF
:106E90002F0000002E6564752F0000002E6E6574B3
:106EA0002F0000002E696E666F2F00002E62697A37
:106EB0002F0000002E676F762F0000002E636F6D8D
:106EC000000000002E6F7267000000002E656475E0
:106ED000000000002E6E6574000000002E696E66D2
:106EE0006F0000002E62697A000000002E676F7646
:106EF00000000000687474703A2F2F7777772E00A7
:106F000068747470733A2F2F7777772E0000000023
:106F1000687474703A2F2F0068747470733A2F2F4E
:106F2000000000000000000000000000B5BF0200EB
:106F3000C5BD020051B20200B9BC0200BDBC0200D6
:106F400081B2020051B2020051B2020031B502001A
:106F500055B2020085B5020059B602006DB20200BA
:106F6000B9C0020011BD020065BD0200F8FFFFFFBD
:106F700000000000D15A02003964020009C1020079
:106F80003D64020095FF020039BD020095BD02007C
:106F90000000000000000000D5C102004DC6020044
:106FA00051B2020011C1020015C1020081B20200FB
:106FB00051B2020051B2020031B5020055B20200D6
:106FC00085B5020059B602006DB2020089C6020002
:106FD00021C1020075C10200F8FFFFFF00000000A0
:106FE000D15A020039640200E1C602003D64020089
:106FF00095FF020049C10200A5C102000000000087
:107000000000000071C70200F9C6020051B2020080
:10701000E9C60200EDC6020081B2020051B20200D0
:1070200051B2020031B5020055B2020085B502002E
:1070300059B602006DB2020000000000000000001E
:1070400079C9020051B2020051B2020021C9020006
:1070500025C9020081B20200D9CD020039CE02005A
:1070600031B5020055B2020085B5020059B60200E2
:107070006DB2020001AA0000666C617368496E631C
:107080006F6D706C65746500E97D0000251D470A11
:10709000A062FA1922DFA9A8000000000000000089
:1070A0005DD0020051B2020051B2020041CE020096
:1070B00045CE020081B2020051B2020051B202007C
:1070C00031B5020055B2020085B5020059B6020082
:1070D0006DB20200000000000000000079D4020040
:1070E00051B2020051B2020021D4020025D40200A4
:1070F00081B20200ADD602000DD7020031B5020008
:1071000055B2020085B5020059B602006DB2020008
:107110006E400000B5A3F393E0A9E50E24DCCA9EFF
:10712000000000000000000071D8020051B202000F
:10713000F9D7020015D7020019D7020081B2020068
:1071400051B2020025D7020031B5020055B202004B
:1071500085B5020059B602006DB2020000000000C1
:10716000000000009186030031870300C183030003
:10717000C58D0300D98303002D85030045840300DA
:107180005584030089840300958403000996020056
:10719000B1890300B58E0300A58403008185030037
:1071A000CD870300B5840300CD84030061960200FF
:1071B000699602006D8C03001D8C03001586030088
:1071C000A5830300F98703000DDE020055DE0200EF
:1071D000E8FFFFFF00000000D15A02008D350300D8
:1071E000D95A02007936030095FF020031DE020011
:1071F0007DDE0200D136030069350300313703001C
:10720000DCFFFFFF0000000085350300FFFFFFFFEC
:10721000000000010002000300040100010101025E
:10722000010301040200020102020203020403003E
:107230000301030203030304040004010402040322
:107240000404000000000000000000003D60020097
:1072500001DF020035600200F55F020031600200CC
:10726000056402002960020025E00200D1C501008A
:10727000FDDE020069E00200D51702002D1D0200AC
:10728000FCFFFFFF00000000C5E402008DE00200EB
:1072900095E002003D64020095FF0200991902008A
:1072A000611B02000000000000000000D15A020033
:1072B00039640200D95A02003D6402007DE90200EF
:1072C000CDE40200E5E40200000000000000000040
:1072D000D15A020039640200D95A02003D6402000A
:1072E00095FF0200A5EA0200B9EA02002910030096
:1072F000F10F0300F90F0300F50F03006DEA020020
:1073000089EA0200511303000000000000000000A1
:10731000D15A020039640200D95A02003D640200C9
:1073200095FF020049EC02005DEC020011EC020046
:10733000E1140300751403002DEC0200791403001E
:10734000302C3235352C302C3235352C300A302C5F
:107350003235352C302C3235352C300A302C302C4F
:10736000302C302C300A3235352C302C302C302C4F
:107370003235350A302C3235352C3235352C323514
:10738000352C300A0000000054494C5420544F2042
:1073900046494C4C2053435245454E2000000000C6
:1073A000636F6D7061737343616C000000000100D6
:1073B00002000300040000010101020103010401B5
:1073C000000201020202030204020003010302039D
:1073D0000303040300040104020403040404000082
:1073E000D8ECF0F4F8FC00040000000000000000FD
:1073F000D15A0200396402005DF9020069FC020002
:1074000095FF020025F902003DF90200000000008E
:1074100000000000D15A020039640200D95A02006B
:107420003D64020095FF020021FF02005DFF0200A3
:107430000000000000000000D15A02003964020080
:10744000D95A02003D64020095FF020000000000CE
:107450000000000041510400000000000000000096
:10746000D15A020039640200D95A02003D64020078
:1074700095FF02000000000000000000291003003A
:10748000F10F0300F90F0300F50F03004151040051
:1074900041510400511303000000000000000000EF
:1074A000D15A020039640200D95A02003D64020038
:1074B00095FF0200000000000000000041510400A0
:1074C000E114030075140300415104007914030012
:1074D0000000000000000000D15A020039640200E0
:1074E000D95A02003D64020095FF0200A51803006E
:1074F000CD18030065180300691803006D18030018
:107500007D1803008118030081180300851803000B
:107510000000000000000000711B0300411903007F
:1075200049190300491903005119030051190300B7
:107530003919030059190300F919030075190300DB
:107540008D1A0300B519030095190300000000000F
:1075500000000000711B030000000000000000009C
:10756000711B0300415104004151040041510400CA
:1075700041510400311D03004151040041510400F8
:10758000D91B0300112203000000000000000000CE
:10759000F8FFFFFF00000000D15A0200396402002A
:1075A000591D03003D64020095FF02000000000029
:1075B0000000000000000000000000003927030068
:1075C000292703000000000000000000D15A02003B
:1075D000C5310300D95A02003D64020095FF020044
:1075E000612E0300A12E0300000000000000000037
:1075F000D15A02008D350300D95A020079360300B2
:1076000095FF02002935030045350300D1360300FC
:107610006935030031370300F4FFFFFF000000006D
:10762000853503003476040004000000547604001D
:10763000090000000200000000000000040000003B
:1076400010000000080000002000000010000000F2
:10765000300000006902000080000000E802000025
:1076600090000000C40900007000000088130000B2
:10767000600000001027000050000000204E0000B5
:1076800040000000409C000030000000A086010087
:107690002000000040420F00100000000000000029
:1076A00000000000D15A0200396402003D3C030092
:1076B0001D3D030095FF0200ED3C0300013D03006A
:1076C00029100300F10F0300F90F0300F50F030069
:1076D000453C0300553D030051130300E4760400CC
:1076E00004000000102700000C000000204E0000E5
:1076F0000800000050C3000004000000A086010044
:10770000000000000000000000000000D15A02004C
:1077100039640200893E0300313F030095FF0200F7
:10772000013F0300153F0300913E0300E1140300F5
:1077300075140300693F0300791403000000000082
:10774000000000005D40030055FF0200D50103006A
:107750006D4003000000000000000000F145030040
:10776000D1400300C5410300714003000143030001
:107770008D430300F4FFFFFF00000000D15A020018
:1077800039640200D95A02003D64020095FF0200EC
:1077900085430300A1430300000000000000000037
:1077A000D15A020039640200D95A02003D64020035
:1077B00095FF0200BD460300D14603006146030069
:1077C0000000000000000000D15A02008D350300C7
:1077D000D95A02007936030095FF0200914A03004E
:1077E000B94A0300D1360300194C03005D4A030077
:1077F000F4FFFFFF00000000394C03000000000010
:1078000000000000D15A020039640200D95A020077
:107810003D64020095FF0200894E0300F94E03000B
:10782000D14C0300414C03001D4D0300000000003B
:1078300000000000B14F0300114F03000D4F030083
:10784000154F0300194F03001D4F0300254F030080
:10785000294F03002D4F030000000000000000002E
:1078600055500300AD4F0300414F03004D4F03003F
:10787000554F03005D4F0300654F03006D4F03003C
:107880002D4F0300C94F0300E94F0300755003005B
:10789000F8FFFFFF00000000C550030000000000DB
:1078A00000000000B14F03003D4F0300414F0300B3
:1078B0004D4F0300554F03005D4F0300654F03001C
:1078C0006D4F03002D4F0300394F0300BD4F0300E0
:1078D000794F0300F8FFFFFF000000008D4F030009
:1078E0000000000000000000314F03000000000015
:1078F00000000000D15A020045520300D95A02008C
:107900003D64020095FF0200FD5103001D5203007B
:10791000AD520300F8FFFFFF00000000B556030062
:107920000000000000000000E9580300CD580300EB
:10793000D1580300154F0300DD580300E158030040
:10794000254F0300294F03002D4F030000000000C6
:10795000000000007D5A03003D4F0300414F03002B
:107960004D4F0300695A03006D5A0300654F030031
:107970006D4F03002D4F0300955C0300B95C0300BD
:10798000855C0300F8FFFFFF000000008D5C030032
:1079900000000000000000001D5F03001D5E0300EA
:1079A000555E03000D5D0300955E0300B15F0300AB
:1079B000E15E03004D5D0300B15D0300FCFFFFFFCE
:1079C00000000000D15A020039640200D95A0200B6
:1079D0003D64020095FF02004D5E03008D5E0300D2
:1079E0000000000000000000C56003003D4F0300E0
:1079F000414F03004D4F0300E55C0300F15C0300C1
:107A00008D5D0300B55D03002D4F0300DD5D0300B8
:107A1000F95D0300794F0300FD5C0300F8FFFFFFF1
:107A2000000000008D4F0300000000000000000077
:107A30000000000000000000000000000000010045
:107A40000100010001000200020002000300030027
:107A500003000400040005000500060006000700FE
:107A6000070008000800090009000A000B000B00CD
:107A70000C000D000D000E000F0010001000110092
:107A8000120013001400150016001600170018004D
:107A900019001A001B001C001D001E002000210000
:107AA00022002300240025002600280029002A00A7
:107AB0002B002D002E002F00310032003300350046
:107AC0003600380039003A003C003D003F004000DD
:107AD000420044004500470048004A004C004D0069
:107AE0004F005100520054005600570059005B00EF
:107AF0005D005F00600062006400660068006A006C
:107B00006C006E00700072007400760078007A00DD
:107B10007C007E00800082008400860088008A004D
:107B20008D008F0091009300950098009A009C00B2
:107B30009E00A100A300A500A700AA00AC00AF0012
:107B4000B100B300B600B800BB00BD00BF00C2006A
:107B5000C400C700C900CC00CE00D100D300D600BD
:107B6000D800DB00DE00E000E300E500E800EB0009
:107B7000ED00F000F300F500F800FB00FD0000014F
:107B80000301060108010B010E0111011301160189
:107B900019011C011F012101240127012A012D01C6
:107BA00030013301350138013B013E0141014401FF
:107BB00047014A014D0150015301560159015C0131
:107BC0005F016201650168016B016E017101740161
:107BD00077017A017D0180018301860189018C0191
:107BE0008F019201950198019B019E01A101A401C1
:107BF000A801AB01AE01B101B401B701BA01BD01E9
:107C0000C001C401C701CA01CD01D001D301D60111
:107C1000D901DD01E001E301E601E901EC01EF0139
:107C2000F201F601F901FC01FF010202050208025E
:107C30000C020F021202150218021B021E02210280
:107C4000250228022B022E023102340237023A02A8
:107C50003E024102440247024A024D0250025302D0
:107C600056025A025D0260026302660269026C02F9
:107C70006F027202750278027B027E028102840228
:107C800087028A028D0290029302960299029C0258
:107C90009F02A202A502A802AB02AE02B102B40288
:107CA000B702BA02BD02C002C302C602C902CB02B9
:107CB000CE02D102D402D702DA02DD02DF02E202F2
:107CC000E502E802EB02ED02F002F302F602F8022E
:107CD000FB02FE0201030303060309030B030E0369
:107CE00011031303160319031B031E0320032303AD
:107CF000260328032B032D033003320335033703F8
:107D00003A033C033F0341034303460348034B0349
:107D10004D034F0352035403570359035B035D03A1
:107D2000600362036403660369036B036D036F03FF
:107D300071037403760378037A037C037E03800364
:107D400082038403860388038A038C038E039003D3
:107D500092039403960398039A039C039E039F0344
:107D6000A103A303A503A703A803AA03AC03AD03C0
:107D7000AF03B103B203B403B603B703B903BA0345
:107D8000BC03BE03BF03C103C203C403C503C603D0
:107D9000C803C903CB03CC03CD03CF03D003D10366
:107DA000D303D403D503D603D803D903DA03DB0303
:107DB000DC03DD03DE03E003E103E203E303E403AA
:107DC000E503E603E703E803E803E903EA03EB035B
:107DD000EC03ED03EE03EE03EF03F003F103F10315
:107DE000F203F303F303F403F503F503F603F603D9
:107DF000F703F703F803F803F903F903FA03FA03A7
:107E0000FB03FB03FB03FC03FC03FC03FD03FD037B
:107E1000FD03FD03FE03FE03FE03FE03FE03FE035C
:107E2000FE03FE03FE03FE03FF03FE03000000004B
:107E30000008080800080A4A4000000A5FEA5FEAF2
:107E40000ED92ED36E19324489330C924C924D08C0
:107E50000800000004880808040804848488000AD4
:107E6000448A4000048EC480000000048800000E94
:107E7000C000000000080001224488100C925252F9
:107E80004C048C84848E1C824C901E1EC244924CE6
:107E900006CA525FE21FF01EC13E02448ED12E1F61
:107EA000E24488100ED12ED12E0ED12EC4880008A7
:107EB00000080000048004880244880482000EC088
:107EC0000EC008048244880ED126C0040ED135B3FA
:107ED0006C0C925ED2521C925C925C0ED010100E12
:107EE0001C9252525C1ED01C901E1ED01C90100E74
:107EF000D013712E12525ED2521C8808081C1FE249
:107F000042524C1254981492101010101E113B75CE
:107F1000B131113935B3710C9252524C1C925C90B4
:107F2000100C92524C861C925C92510ED00C825CCA
:107F30001FE4848484125252524C1131312A44116C
:107F40003135BB7112524C9252112A4484841EC4A2
:107F500088101E0EC808080E10080482410EC24286
:107F6000424E048A400000000000001F0804800008
:107F700000000ED2524F10101C925C000ED0100E5A
:107F800002424ED24E0C925C900E06C81C88080E1F
:107F9000D24EC24C10101C92520800080808024031
:107FA00002424C10149814920808080806001B7529
:107FB000B131001C925252000C92524C001C925C47
:107FC00090000ED24EC2000ED010100006C80498C9
:107FD00008080EC807001252524F0011312A4400FF
:107FE000113135BB00124C8C9200112A4498001EAE
:107FF000C4881E06C48C8486080808080818080C63
:10800000881800000C836000FFFF010000000000E2
:10801000FFFF0000FFFF00002080040008000000B8
:108020000200000001000000030000000200000048
:108030000400000003000000050000000400000030
:108040001C000000050000001D00000006000000EC
:108050001E000000070000001F00000008000000D4
:108060000000000000000000256E0300116E0300F8
:108070001D6E0300154F0300E16D0300E56D030065
:10808000F56D0300A97503002D4F0300A1730300D4
:108090000000000000000000D15A02003964020014
:1080A000D95A0200C972030095FF02003D7803000F
:1080B000AD780300F1750300F8FFFFFF000000003A
:1080C0001D7603000000000000000000C9790300D5
:1080D00021790300491903004919030051190300CC
:1080E000511903003919030059190300917C030049
:1080F00075190300597D0300917903009519030058
:108100008179030085790300957A0300000000005F
:1081100000000000D15A020039640200D95A02005E
:108120003D64020095FF02002D7E0300A97E03003E
:1081300041820300717E0300F8FFFFFF0000000092
:10814000C1820300F4FFFFFF00000000A17E0300D6
:10815000000000000000000091860300318703004A
:10816000C1830300C58D0300D98303002D8503005F
:10817000458403005584030089840300958403002B
:1081800009960200B1890300B58E0300A58403009F
:1081900081850300CD870300B5840300CD840300EF
:1081A00061960200699602006D8C03001D8C03002D
:1081B00015860300A5830300F987030069EA02001E
:1081C00005EC0200020000000400000006000000B0
:1081D0000000000000000000711B03005991030023
:1081E000218F0300C18F0300159303008D920300BC
:1081F000CD920300D58F0300D98F0300000000004B
:1082000000000000711B030031940300459303003C
:1082100055930300F9930300311D0300CD9403002F
:1082200029940300D91B03001122030025960300A3
:10823000CD96030061950300F8FFFFFF00000000EA
:10824000D15A020039640200591D03001D96030033
:1082500095FF0200C5960300E196030000000000B0
:1082600000000000D15A020039640200D95A02000D
:108270003D64020095FF0200A5990300B99903002F
:10828000599B0300819B0300619A030000000000DA
:1082900000000000D15A020039640200D95A0200DD
:1082A000999D030095FF0200619D0300799D0300E5
:1082B00031660200A99B0300D99B0300159C0300B3
:1082C000359C03004D9C0300E99D0300799C03004D
:1082D000999C0300C99C0300FD9C0300699E030058
:1082E000319E03001D9D0300A59B0300003000404C
:1082F000030000000F0000000040004004000000E8
:108300000F00000000300240230000000C000000BD
:1083100000200040020000001000000000F00240B9
:108320002F00000004000000008002402800000030
:10833000100000000100060000000000B83C002012
:10834000DDA60300848B0400888B04000400000079
:1083500001000600C03F002000100201A08B0400B5
:10836000B08B040008000000908B0400A08B040078
:1083700008000000888B0400908B040008000000B7
:108380002C8B0400648B040008000000648B040044
:10839000848B04000800000050EADA308883B89F1C
:1083A000604F15F30000C98E0000FFFFDEC0ADDE98
:1083B000FE011EF1DEC0ADDEFF011EF10010000067
:1083C000040000000100000039FF030015FF030056
:1083D00005FF03005D01040009010400D9FE03004C
:1083E000DDFE0300E1FE03000100FFFF00000000CE
:1083F00001000000010001000484040001000100EC
:1084000008840400010000000000000000000000DB
:108410000000000051140400711404008D140400C5
:1084200061636F730000000061636F736800000098
:108430006173696E000000006174616E6800000085
:10844000636F73680000000065787000666D6F648C
:10845000000000006C6F67006C6F67313000000037
:1084600073696E6800000000737172740000000090
:108470006C6F673130660000706F77660000000037
:108480007371727466000000FB21F93FFB21094003
:108490007CD91240FB2119407A6A1F407CD92240C6
:1084A000BBFD2540FB2129403A462C407A6A2F40EB
:1084B0005C4731407CD932409C6B3440BBFD354039
:1084C000DB8F3740FB2139401BB43A403A463C40F1
:1084D0005AD83D407A6A3F404C7E40405C4741401C
:1084E0006C1042407CD942408CA243409C6B44407B
:1084F000AC344540BBFD4540CBC64640DB8F4740D2
:10850000EB584840FB21494083F9A200444E6E00DD
:10851000FC291500D1572700DD34F50062DBC000CF
:108520003C999500419043006351FE00BBDEAB00D7
:10853000B761C5003A6E2400D24D42004906E00002
:1085400009EA2E001C92D100EB1DFE0029B11C008F
:10855000E83EA700F535820044BB2E009CE984006C
:10856000B4267000417E5F00D691390053833900F4
:108570009CF439008B5F840028F9BD00F81F3B0094
:10858000DEFF97000F980500112FEF000A5A8B00AD
:108590006D1F6D00CF7E360009CB2700464FB70018
:1085A0009E663F002DEA5F00BA277500E5EBC70025
:1085B0003D7BF100F739070092528A00FB6BEA001D
:1085C0001FB15F00085D8D00300356007BFC460044
:1085D000F0AB6B0020BCCF0036F49A00E3A91D007D
:1085E0005E619100081BE60085996500A0145F009C
:1085F0008D40680080D8FF0027734D0006063100CB
:10860000CA561500C9A873007BE260006B8CC000DD
:10861000000FC93F000F494000CB9640000FC940F2
:108620000053FB4000CB164100ED2F41000F4941A4
:108630000031624100537B41003A8A4100CB9641B0
:10864000005CA34100EDAF41007EBC41000FC94179
:1086500000A0D5410031E24100C2EE410053FB4190
:1086600000F20342003A0A420083104200CB164255
:1086700000141D42005C234200A5294200ED2F4258
:1086800000363642007E3C4200C74242000F49425B
:10869000A2000000F9000000830000006E0000004E
:1086A0004E000000440000001500000029000000FA
:1086B000FC0000002700000057000000D10000006F
:1086C000F500000034000000DD000000C0000000E4
:1086D000DB0000006200000095000000990000002F
:1086E0003C0000004300000090000000410000003A
:1086F000FE0000005100000063000000AB0000001D
:10870000DE000000BB000000C500000061000000AA
:10871000B7000000240000006E0000003A000000D6
:10872000420000004D000000D2000000E000000008
:1087300006000000490000002E000000EA000000D2
:1087400009000000D1000000920000001C000000A1
:10875000FE0000001D000000EB0000001C000000F7
:10876000B100000029000000A70000003E0000004A
:10877000E80000008200000035000000F500000065
:108780002E000000BB000000440000008400000038
:10879000E90000009C0000007000000026000000BE
:1087A000B40000005F0000007E00000041000000F7
:1087B0003900000091000000D600000039000000E0
:1087C000830000005300000039000000F4000000A6
:1087D0009C000000840000005F0000008B0000008F
:1087E000BD000000F9000000280000003B00000070
:1087F0001F000000F800000097000000FF000000CC
:10880000DE00000005000000980000000F000000DE
:10881000EF0000002F000000110000008B0000009E
:108820005A0000000A0000006D0000001F00000058
:108830006D000000360000007E000000CF00000048
:1088400027000000CB00000009000000B700000076
:108850004F000000460000003F00000066000000DE
:108860009E0000005F000000EA0000002D000000F4
:108870007500000027000000BA000000C7000000DB
:10888000EB000000E5000000F10000007B000000AC
:108890003D0000000700000039000000F700000064
:1088A0008A0000005200000092000000EA00000070
:1088B0006B000000FB0000005F000000B100000042
:1088C0001F0000008D0000005D0000000800000097
:1088D00056000000030000003000000046000000C9
:1088E000FC0000007B0000006B000000AB000000FB
:1088F000F0000000CF000000BC00000020000000DD
:108900009A000000F4000000360000001D00000086
:10891000A9000000E30000009100000061000000D9
:108920005E000000E60000001B00000008000000E0
:108930006500000099000000850000005F00000055
:1089400014000000A00000006800000040000000CB
:108950008D000000FF000000D80000008000000033
:108960004D000000730000002700000031000000EF
:108970000600000006000000150000005600000080
:10898000CA00000073000000A8000000C900000039
:1089900060000000E20000007B000000C00000005A
:1089A0008C0000006B0000000200000003000000CB
:1089B00004000000060000000000C93F0000F0397C
:1089C0000000DA370000A2330000842E0000502B94
:1089D0000000C2270000D0220000C41F0000C61BF8
:1089E0000000441704000000070000000900000018
:1089F0003863ED3EDA0F493F5E987B3FDA0FC93F9F
:108A00006937AC3168212233B40F14336821A233A3
:108A10000000004B000000CB402100204300504FDD
:108A2000534958002E000020202020202020202004
:108A3000282828282820202020202020202020200E
:108A4000202020202020208810101010101010103E
:108A50001010101010101004040404040404040482
:108A6000041010101010101041414141414101010A
:108A700001010101010101010101010101010101E6
:108A800001011010101010104242424242420202F4
:108A900002020202020202020202020202020202B6
:108AA0000202101010102000000000000000000062
:108AB00000000000000000000000000000000000B6
:108AC00000000000000000000000000000000000A6
:108AD0000000000000000000000000000000000096
:108AE0000000000000000000000000000000000086
:108AF0000000000000000000000000000000000076
:108B00000000000000000000000000000000000065
:108B10000000000000000000000000000000000055
:0C8B200000000000000000000000000049
:108B2C00EDB70300000000000DBE0300CC3900209F
:108B3C00EDB503000000000055C903000000000063
:108B4C006DB602000000000089E3030028400020FD
:088B5C009DA7020000000000CB
:108B6400857F020000000000B5F50200000000004F
:108B7400B900040000000000C5E503000000000087
:048B840009AE020034
:088B8800C5000400000000001C
:108B900015E203000000000019E3030000000000DC
:108BA00039AE020000000000F1FE030000000000EA
:088BB000247DFD7F010000009F
:108BB80000000000105C0400145C0400185C040051
:108BC800A10D0C00686B0400706B0400786B040046
:108BD800586B0400606B0400D45E0400EC6D040064
:108BE80006000000F46E0400006F0400106F04001B
:108BF800186F0400846E04008C6E0400946E0400E8
:108C08009C6E0400A46E0400AC6E0400B46E0400F4
:108C1800BC6E0400C46E0400CC6E0400D46E040064
:108C2800DC6E0400E46E0400EC6E04007D000000BD
:108C38000138FDD1704700BF195A0300195A0300C3
:108C48001D5A0300255A0300295A0300315A03000C
:108C5800395A0300415A0300455A0300495A030090
:108C6800495A03001D5C03004D5A0300515A030082
:108C7800555A0300555A0300615A0300655A030008
:108C88002C7E0400FFFFFFFFB04300200090D003BC
:108C98000010014011000400FFFFFFFFFFFFFFFF6E
:108CA800FFFFFFFFFFFFFFFF595104004021002095
:108CB80000000000000000000000000000000000AC
:108CC800000000000000000000000000000000009C
:108CD800000000000000000000000000000000008C
:108CE800000000000000000000000000000000007C
:108CF800000000000000000000000000000000006C
:108D0800000000000000000000000000000000005B
:108D18004300000000000000000000000000000008
:108D2800000000000000000000000000000000003B
:108D380043000000000000000000000000000000E8
:108D4800000000000000000000000000000000001B
:108D580043000000000000000000000000000000C8
:108D680000000000000000000000000000000000FB
:108D780043000000000000000000000000000000A8
:108D880000000000000000000000000000000000DB
:108D98004300000000000000000000000000000088
:108DA80000000000000000000000000000000000BB
:108DB8004300000000000000000000000000000068
:108DC800000000000000000000000000000000009B
:108DD8004300000000000000000000000000000048
:108DE800000000000000000000000000000000007B
:108DF800955404007154040000000000268A040001
:108E0800248A0400258A0400258A0400258A04008F
:108E1800258A0400258A0400258A0400258A04007E
:108E2800258A0400258A0400FFFFFFFFFFFFFFFFDC
:108E3800FFFFFFFFFFFF00000100415343494900C6
:108E4800000000000000000000000000000000001A
:108E580000000000000000000000415343494900A1
:108E680000000000000000000000000000000000FA
:108E7800000000000000000000000000F0B50F0D29
:108E880011F0FF01012414FA01F114461D460346AE
:108E98001BE099600822064208BF5FF00302013A0E
:108EA800FDD1D9600422064208BF5FF006027608A9
:108EB80005D000BF00BF00BF013AFDD1E9E7023A83
:108EC800013AFDD10134013D05DD80262078784343
:108ED800000AD960DDE7D960F0BD00FA0004FFFFA1
:108EE800030118181818181818180100B9080200F2
:108EF800A5170200F93E020049930200E9FD0200AD
:108F0800FD6103000D690300A96C0300DDA00300E7
:108F180095080200000000000000000015F403009E
:088F2800000000000000000041
:108F30000000000000000000000000000000000031
:108F40000000000000000000000000000000000021
:108F50000000000000000000000000000000000011
:108F60000000000000000000000000000000000001
:108F700000000000000000000000000000000000F1
:108F800000000000000000000000000000000000E1
:108F900000000000000000000000000000000000D1
:108FA00000000000000000000000000000000000C1
:108FB00000000000000000000000000000000000B1
:108FC00000000000000000000000000000000000A1
:108FD0000000000000000000000000000000000091
:108FE0000000000000000000000000000000000081
:108FF0000000000000000000000000000000000071
:10900000708E3B92C615A841C49866C975EE5197FB
:10901000F906565335D7D8AE76000E0056002C0010
:109020001D000A09D0CE040000000100C4CE0400D7
:10903000EFC4040048D804004BC504001CD8040049
:10904000D45D0400000000004D90040000B5002035
:1090500037687860BF483768386541203768F864FA
:1090600000203768B860BC4801B403F0DFF901B0F4
:10907000BA483768F863B9483768B8630120376879
:10908000B8640A20376838640A2037687864C920D1
:1090900037683866D9203768786601203768F86500
:1090A00001203768F86015203768786242203768F9
:1090B000386201203768B86201203768B866A8486E
:1090C0003768F8660A2037683861A64837687865D7
:1090D000A5483768B8650A20376878610120376885
:1090E000B86101203768F86101203768F8629B4851
:1090F000376838639948376878636F467760DCF77C
:1091000027F940206F467760DCF73AF96F467760C1
:10911000D7F714FDC8206F467760D7F703FF03F039
:10912000E5F8152001B403F07FFC6F467760D9F7AE
:1091300057F801B001B48D4801B403F08BFC6F46C1
:109140007760DCF745F802B0152001B403F06CFC41
:109150006F467760D9F744F801B001B4844801B490
:1091600003F078FC6F467760D7F782FD02B0814844
:1091700001B403F07AFC6F467760D7F79DFD01B02C
:109180007D4801B403F071FC6F467760D7F79CFD12
:1091900001B07A4801B403F06DFC01206F4677609E
:1091A000DAF7C6FF01B0764801B403F063FC022091
:1091B0006F467760DAF7BCFF01B0724801B403F084
:1091C00059FC03206F467760DAF7B2FF01B06E48B2
:1091D00001B403F04AFC6F467760D7F7A1FE01B0F7
:1091E000002000BDD45D040000000000F1910400E7
:1091F000022C06DA00B503F043FC00F002F802B0DE
:1092000000BD00B5019801B4039801B403F041FC1E
:109210006F467760D7F724FC02B0002000BD000045
:10922000D45D0400000000002D92040000B5002071
:1092300001B4152001B403F0F7FB6F467760D8F74F
:10924000CFFF01B001B403F032FC6F467760DCF76A
:10925000B3F801B00090009801B401F0B9FF01B07B
:10926000002001B000BD0000D45D0400000000003B
:109270007592040000B5002001B4152001B403F07C
:10928000D3FB6F467760D8F7ABFF01B001B403F0B2
:109290000EFC6F467760D7F775FC01B00090009820
:1092A00001B401F095FF01B0002001B000BD000045
:1092B000D45D040000000000BD92040000B504204D
:1092C0000002B13001B4052001B401F0C1FC02B0CC
:1092D00003F00CF8002000BDD45D04000000000085
:1092E000E592040000B504200002B13001B407206B
:1092F00001B401F0ADFC02B04B2080006F467760F6
:10930000D7F710FE6F467760D7F7CEFD002000BD7F
:10931000D45D0400000000001D93040000B5376810
:10932000F868032103F058FD03D042203768386104
:1093300008E03768F868072103F04EFD02D04220AC
:1093400037687861114801B401F05EFC01B000207B
:1093500000BD00004CD40400E491040033F8FFFF8A
:109360005DADFFFF794F22FA30D80400209204004F
:1093700068920400B0920400D89204001093040094
:1093800090930400089404002094040078D704000B
:10939000D45D0400000000009D93040000B500208F
:1093A00001B43768F868032103F02DFC01B40B21E8
:1093B0006F467760D9F74CFC01B000900098376891
:1093C000F86001203768B86101203768F8613768B4
:1093D000F86801B401F0F8FB01B001B403F067FBD9
:1093E00000216F467760D9F78DF801B001B403F022
:1093F0005EFB96216F467760D7F726FD01B002F03D
:1094000075FF002001B000BDD45D04000000000025
:109410001594040000B502F069FF002000BD0000B3
:10942000D45D0400000000002D94040000B500206D
:1094300001B401B43768386A6F467760D9F7A0FE87
:109440006F467760D8F79EFF6F467760D9F7ACF824
:109450006F467760D9F794FE002805D00A206F4642
:109460007760D7F75FFD28E03768786A01B403F0CA
:1094700024FB7D20C0006F467760D9F7A7F801B0C4
:1094800003F04EFC00906F467760D8F775FD03F04F
:1094900047FC019001983768B96A03F0C4FB009952
:1094A00003F086FC04D000F00BF801983768B8622E
:1094B00002206F467760D7F735FD002002B000BD6F
:1094C00000B53768F868012103F086FC02D001F08E
:1094D0004BFB22E03768F868032103F07DFC02D0E3
:1094E00001F072FA19E03768F868052103F074FC9E
:1094F00002D001F063F910E03768F868072103F043
:109500006BFC02D000F0B6FC07E03768F868092170
:1095100003F062FC01D000F003F8002000BD000061
:1095200000B5002001B46F467760D8F725FD03F041
:10953000F7FB009000983768F96A03F074FB0B2181
:109540000902B93103F034FC25D00A2001B40A2005
:1095500001B4422001B4C92001B4012001B400F0DB
:109560008BF805B03768386C6F467760D9F708FE1E
:1095700000280DD0032001B400F072F801B0376864
:109580003863012001B400F06BF801B037687863EC
:1095900000983768F862032001B43768386B01B46B
:1095A00000F02CF802B001B403F090FABC486F460A
:1095B0007760D8F725FE01B001B403F078FAB94915
:1095C0006F467760D8F71CFE01B001B4032001B4E8
:1095D0003768786B01B400F011F802B001B403F001
:1095E0007CFA6F467760D8F70BFE02B001B401F049
:1095F0000BFB01B0002001B000BD000000B5002051
:1096000001B40298A84903F097FB01D0029824E026
:10961000039801B4009915206F467760D9F748FB8D
:1096200001B00090029801B4019801B4019800992A
:109630006F467760D9F7CAFA02B001B46F46776017
:10964000D9F722FC01B001B4019801B40198009946
:109650006F467760D9F7E6FA02B001B000BD0000AE
:1096600000B50198012103F0B7FB02D03768B86B51
:1096700001E03768F86B00BD00B5002001B401B40B
:1096800001B401B401B401B401B401B401B401B432
:1096900001B401B401B40120009001200190012027
:1096A0000290012003906F467760D8F793FF0490F3
:1096B0006F467760D8F78EFF05900E9801B40121B0
:1096C0006F467760D9F7EEFC01B06F467760D9F747
:1096D00057FD002801D0754800E07548069001202C
:1096E00007900798512103F027FB0FD0049801B48D
:1096F00003F00DFA0A216F467760D8F77BFF01B0BF
:109700000798032103F07FFA0790EAE70120089009
:1097100008980B2103F010FB0FD0059801B403F05B
:10972000F6F901216F467760D8F764FF01B0089819
:10973000032103F068FA0890EAE75E483768B863E7
:109740005C483768F8630A20376838640A2037684D
:10975000786400F087FB00900F9801B403F064F97F
:1097600000216F467760DBF723F801B012206F46C7
:109770007760D7F7D7FB10986F467760D9F700FD71
:10978000002809D00F9801B403F04EF901216F466B
:109790007760DBF701F901B00F9801B403F044F9E9
:1097A0006F467760DAF7FAFF01B003F0B9FA2820C4
:1097B0006F467760D8F7F2FB0F9801B403F034F9E5
:1097C0006F467760DAF7EAFF01B003F0A9FA0321E8
:1097D00003F002FB1AD011986F467760D9F7D0FCDE
:1097E000002812D0069801B403F061F932496F469F
:1097F0007760D8F705FD01B001B400F0ABFA01B015
:109800002E4801B400F0A6FA01B093E24220376876
:1098100078640F9801B403F007F96F467760DAF7C0
:10982000BDFF01B003F07CFA012103F0D5FA00D0AE
:10983000EFE70F9801B403F0F7F86F467760DAF7B7
:10984000ADFF01B003F06CFA032103F0C5FA00D0BC
:10985000EFE7012009900998512103F06DFA53D0E8
:109860000F9801B403F0E0F86F467760DAF796FFDF
:1098700001B003F055FA032103F0AEFA00D0EFE790
:109880000F9801B403F0D0F86F467760DAF786FFDF
:1098900001B003F045FA012103F09EFA10D0EFE782
:1098A000ACD60400E8D6040035F8FFFF60D404000D
:1098B0006CD4040033F8FFFF78D4040090D4040083
:1098C0001C206F467760D8F769FB0F9801B403F04E
:1098D000ABF86F467760DAF761FF01B003F020FA6A
:1098E000032103F079FA09D0049801B40A9801B46D
:1098F00001980099422202F0BBFE02B009980321B0
:1099000003F081F90990A6E700F0ACFA019001207C
:109910000A900A980B2103F00FFA56D001200B9001
:109920000B98112103F008FA49D0049801B40B9860
:1099300001B4009911206F467760D9F747F901B05B
:109940000C9903F060F901B40198009902F045FE0A
:1099500002B06F467760D9F713FC002829D005982C
:1099600001B401B40C9801B4029801B40E9801B48A
:109970000198009902F031FE02B00027029701B46D
:109980000F200F9903F04FF901B4009905206F469D
:109990007760D9F78DF901B001B40198009903F00F
:1099A00032F902B001B402980199009A02F060FE07
:1099B00004B00B98032103F026F90B90B0E70A9846
:1099C000032103F020F90A90A3E7059801B40121CF
:1099D00002F003FE01B001B4069801B4032102F0C5
:1099E000FCFD01B001B40198009903F00CF902B03C
:1099F00001B4069801B4052102F0EFFD01B001B4F5
:109A00000198009903F0FFF802B001B4069801B480
:109A1000072102F0E2FD01B001B40198009903F0C2
:109A2000F2F802B00390059801B4092102F0D5FDC7
:109A300001B00290039804210902013103F0B8F942
:109A400006D0039804210902013103F0ECF80390D9
:109A5000039802210902013103F0AAF906D0039804
:109A600002210902013103F0DEF803900298039904
:109A700003F0B2F902D04220376838643768386C96
:109A80006F467760D9F77CFB002800D1D4E00E98B0
:109A9000012103F0A1F938D0059801B4012102F0A9
:109AA0009CFD01B001B4069801B4032102F095FDBC
:109AB00001B001B4C9216F467760D9F7B3F801B09E
:109AC00001B40198009903F09EF802B03768B863BA
:109AD000059801B4052102F080FD01B001B406989B
:109AE00001B4072102F079FD01B001B4C9216F462C
:109AF0007760D9F797F801B001B40198009903F0A5
:109B000082F802B03768F8637BE003200C90059878
:109B100001B4052102F061FD01B00121090201310A
:109B200003F046F919D0059801B401B4019801B4C5
:109B3000052102F052FD01B0002701970121090221
:109B4000013103F070F801B40198009A052102F088
:109B50008FFD03B0012040420C90059801B4012113
:109B600002F03BFD01B001B40221090201316F4650
:109B70007760D9F72BF801B001B4069801B403213E
:109B800002F02BFD01B001B40198009903F03BF8FD
:109B900002B001B415216F467760D9F743F801B0E0
:109BA0003768B863059801B4052102F016FD01B0CD
:109BB00001B40221090201316F467760D9F706F836
:109BC00001B001B4069801B4072102F006FD01B00E
:109BD00001B40198009903F016F802B001B4152100
:109BE0006F467760D9F71EF801B001B40D9801B443
:109BF000019800996F467760D8F7E8FF02B03768A0
:109C0000F8633768B86C032103F0E6F814D03768BE
:109C1000F86B01B413216F467760D8F7D7FF01B016
:109C200001B40B216F467760D8F7FCFF01B04121EA
:109C300002F0E9FF3768F86311986F467760D9F74B
:109C40009FFA002876D0069801B402F030FFB1499F
:109C50006F467760D8F7D4FA01B001B40298019941
:109C600002F0E1FF01B402F038FF6F467760D8F7E9
:109C7000C7FA02B001B402F01AFFA7496F46776035
:109C8000D8F7BEFA01B001B400F064F801B037684B
:109C9000386C6F467760D9F773FA002840D09F4838
:109CA00001B400F057F801B03768B86B01B402F0A6
:109CB0000DFF9B486F467760D8F7A2FA01B001B458
:109CC00002F0F5FE97496F467760D8F799FA01B030
:109CD00001B400F03FF801B03768B86C012103F01F
:109CE0007BF801D0904800E0904801B43768F86BE9
:109CF00001B402F0EBFE8E486F467760D8F780FA29
:109D000001B001B4019801B402F0E7FE6F4677603C
:109D1000D8F776FA03B001B400F01CF801B004E003
:109D2000844801B400F016F801B0834801B400F093
:109D300011F801B012986F467760D9F721FA002820
:109D400005D07D2000016F467760D7F7EBF8002043
:109D50000DB000BD00B5002001B401B403986F46FA
:109D60007760D9F70DFA6F467760D8F70BFB6F462F
:109D70007760D8F719FC6F467760D9F701FA0028A9
:109D800004D06F467760D8F727FA0390039801B4A0
:109D900002F08DFE6F467760DBF73CFA01B0376862
:109DA000F86C012102F0DCFF4FD03768F86C01B489
:109DB000049801B402F07BFE6F467760D8F782FA10
:109DC00001B002F0ADFF01B43768386D01B402F0A4
:109DD0006EFE6F467760D8F775FA01B002F0A0FF0B
:109DE00001B40198009902F00EFF02B001B4376887
:109DF000F86C01B4019800996F467760D8F728FF96
:109E000002B001B40198009902F00DFF02B001B454
:109E10003768F86C01B4019800996F467760D8F7FD
:109E200017FF02B00090012001900198009902F004
:109E300083FF0AD041486F467760DBF7EBF9019862
:109E4000032102F0E0FE0190EFE73768386D01B4BE
:109E500002F02DFE6F467760DBF7DCF901B00020E1
:109E600002B000BD00B56F467760D8F789F802F000
:109E700057FF00BD00B5002001B401B401B401B426
:109E800001B401B401B401B401B4C92001B400F0BB
:109E90008FFC01B0CB2001B400F084FC01B000F0D5
:109EA0003DFC376878696F467760D9F769F9002813
:109EB00048D00A20376878616F467760D8F78AFB08
:109EC00000900120019001980B2102F035FF11D084
:109ED000009801B400F084FA01B402F01DFE6F4650
:109EE0007760D8F787FB02B00198032102F08BFE60
:109EF0000190E8E7124801B4019801B400F0B6F807
:109F000002B0009801B4052102F067FB01B0376888
:109F1000786517E0C0D40400DCD40400F0D4040059
:109F200004D5040018D5040038D5040044D5040035
:109F300024D5040050D5040090D4040058D4040063
:109F400018A0040000F04CFA029000F049FA0390C7
:109F500000F046FA0490029801B4059801B40598FF
:109F600001B400F079F802B001B406BC02B404B444
:109F700000F072F802B00590029801B4059801B49F
:109F8000059801B400F05EF802B001B406BC02B45A
:109F900004B400F057F802B006900298039902F05A
:109FA00032FE049902F02FFE059902F03CFE06995C
:109FB00002F039FE07903768B86D012102F00CFFFE
:109FC00002D003203768B86507983768796D02F0CA
:109FD0002AFE01B43768B86D01B4019800996F4644
:109FE0007760D8F71FFE02B00890089801B46F465A
:109FF0007760D8F749FF01B001B402F067FDAC48C3
:10A000006F467760D8F7FCF801B001B400F0FCFDB2
:10A0100001B0002009B000BDD45D040000000000C4
:10A0200025A00400022C06DA00B502F029FD00F09C
:10A0300002F802B000BD00B50198029902F0F3FDEC
:10A0400000BD000000B50198029902F09DFE01D00C
:10A05000019800E0029800BD00B50198029902F055
:10A06000A7FE01D0019800E0029800BD00B502985B
:10A070006F467760D9F784F86F467760D8F782F932
:10A080006F467760D8F790FA01B46F467760D9F7DA
:10A090003FF8002802D1009801B010E00098009825
:10A0A00001B0019801B402F032FD02F0F6FE01B0F9
:10A0B00001B403216F467760D9F710F901B06F46FC
:10A0C0007760D9F75DF8002801D07A4802900298AD
:10A0D00001B4029801B400F0BDF802B000BD000068
:10A0E000D45D040000000000EDA00400022C06DA9C
:10A0F00000B502F0C5FC00F002F802B000BD00B5EA
:10A10000002001B401B401B401B4059801B40021E8
:10A110006F467760D8F710FF01B00090069801B441
:10A1200000216F467760D8F707FF01B001900098D3
:10A1300001B46F467760D8F7EBFF002802D1009892
:10A1400001B003E00098009801B001986F46776075
:10A15000D9F716F8002802D0012079E013E0009822
:10A160006F467760D9F70CF8002802D003206FE023
:10A1700009E001986F467760D9F702F8002802D00D
:10A180000120404264E0059801B406216F467760E3
:10A19000D8F7D2FE01B00290069801B406216F46AE
:10A1A0007760D8F7C9FE01B00390029801B46F46FA
:10A1B0007760D8F7ADFF002802D1009801B003E026
:10A1C0000098009801B003986F467760D8F7D8FFE1
:10A1D000002802D001203BE013E002986F46776030
:10A1E000D8F7CEFF002802D0032031E009E0039821
:10A1F0006F467760D8F7C4FF002802D001204042A4
:10A2000026E0059801B46F467760D7F7E5FF01B403
:10A2100002F088FC6F467760D7F7F2FF02B001B416
:10A22000079801B46F467760D7F7D6FF01B402F004
:10A2300079FC6F467760D7F7E3FF02B001B402F014
:10A240004CFC6F467760D8F71DF802B002F068FD4D
:10A2500004B000BD00B5002001B401B401B40498FD
:10A2600001B402F054FC02F018FE01B001B4012167
:10A270006F467760D8F7FEFF01B001B46F46776094
:10A28000D8F746FF002802D0009801B014E00098EB
:10A29000009801B005986F467760D8F771FF6F4658
:10A2A0007760D8F76FF86F467760D8F77DF903E0ED
:10A2B000DCD60400E0A004006F467760D8F760FFAA
:10A2C000002801D0049858E0049801B402F01FFC63
:10A2D00002F0E3FD01B0009001200190019801B46B
:10A2E0000198032102F09FFC01B40198009902F04B
:10A2F00023FD02B040D00198032102F084FC0290BB
:10A300000298009902F018FD30D0059801B4059824
:10A3100001B4039801B40198009902F05EF902B00B
:10A3200001B4069801B4059801B40198009902F0AF
:10A3300054F902B001B40EBC08B402B404B40298DB
:10A3400002F0FCFB03B0012102F00AFD08D00298E4
:10A3500001B4029801B4069801B400F011F803B0FA
:10A360000298032102F04FFC0290C9E701980321F3
:10A3700002F049FC0190B1E7049803B000BD000071
:10A3800000B5002001B4029801B4049801B401980A
:10A39000009902F022F902B00090029801B40498EA
:10A3A00001B4049801B4079801B40198009902F02F
:10A3B00014F902B001B402980199009A02F058F918
:10A3C00003B0029801B4059801B4029801B4029850
:10A3D0000199009A02F04CF903B0002001B000BDD1
:10A3E00000B5002001B401B401B401B4012001B4EE
:10A3F00000F05CF901B0012000906F467760D8F75B
:10A40000E9F801B401216F467760D8F7F3F80098B6
:10A4100001216F467760D8F7EDF8009801216F466B
:10A420007760D8F7E7F8009801B401B001BC01905B
:10A4300001200290019801B4032001B400F0BCF89F
:10A4400001B001B40198009A052102F011F902B09F
:10A45000019801B4032001B400F0AEF801B001B4DA
:10A460000198009A032102F003F902B0019801B4A7
:10A47000032001B400F0A0F801B001B40198009AE3
:10A48000012102F0F5F802B00120039001200390B1
:10A4900003983768F96D02F04FFC25D03768386EA5
:10A4A00001B402F0C1FA01216F467760DAF780F952
:10A4B00001B001206F467760D7F770FD3768386EBE
:10A4C00001B402F0B1FA00216F467760DAF770F953
:10A4D00001B001206F467760D7F760FD0398032134
:10A4E00002F091FB0390D3E7019801B4052102F03B
:10A4F00074F801B001210902013102F0A4FB6F469A
:10A500007760D8F73DFE002804D001200002FF301C
:10A51000029001E001200290019801B4029801B478
:10A52000052102F05AF801B001210902013102F0BF
:10A53000A4FB01B40198009A052102F099F802B039
:10A54000029801B4312102F0A6FB01B001B40298D7
:10A5500001B4052102F041F801B001B4212102F05B
:10A560009AFB01B001B40198009902F079FB02B0A6
:10A5700001B4029801B4032102F02FF801B001B434
:10A58000112102F088FB01B001B40198009902F09A
:10A5900067FB02B001B4029801B4012102F01DF87A
:10A5A00001B001B40198009902F05AFB02B000908A
:10A5B000009804B000BD000000B5002001B401B453
:10A5C00001200090012001900198112102F0B4FBBC
:10A5D00068D03768386E01B402F026FA01216F4660
:10A5E0007760DAF7E5F801B001206F467760D7F7BA
:10A5F000D5FC0398012102F0EFFB1DD0009801B4B7
:10A600003768786E01B402F00FFA6F467760DAF7B8
:10A61000C5F801B002F084FB01B4039801B40198BD
:10A62000009902F038FB02B001B40198009902F0E1
:10A6300017FB02B000901FE0009801B43768786EF5
:10A6400001B402F0F1F96F467760DAF7A7F801B0CC
:10A6500002F066FB01B40F20039902F0E4FA01B4A2
:10A660000198009902F017FB02B001B4019800991B
:10A6700002F0F6FA02B000903768386E01B402F0CA
:10A68000D3F900216F467760DAF792F801B0012024
:10A690006F467760D7F782FC0198032102F0B3FA86
:10A6A000019091E7009802B000BD000000B500F0F5
:10A6B0001FF86F467760D8F763FD6F467760D7F76E
:10A6C00061FE6F467760D7F76FFF6F467760D8F708
:10A6D00057FD002809D0019801B402F0A5F96F4692
:10A6E0007760D6F71FFC01B0E1E7002000BD000055
:10A6F00000B53768786E01B402F096F96F4677605E
:10A70000DAF74CF801B002F00BFB01B401216F46FF
:10A710007760D8F7C7FC01B000BD000000B501208C
:10A720000002013001B400F003F801B0002000BDC8
:10A7300000B5019801B4014601200002013002F089
:10A740009BFB002801D001B011E08120009902F0AC
:10A7500093FB002801D001B00DE04120009902F0E8
:10A760008BFB002801D001B009E001BC0AE0032006
:10A770003768F86506E007203768F86502E00520CD
:10A780003768F8653768386E01B402F04DF900217A
:10A790006F467760DAF70CF801B0FFF721FE002072
:10A7A00000BD000000B5019837683866002000BD84
:10A7B00000B5019837687866002000BD00B500201C
:10A7C00001B401B401B401B4CD2001B4CB2001B473
:10A7D00000F0A6F802B000906F467760D7F7CCFB88
:10A7E00002F09EFA019001200290009801B401212C
:10A7F0006F467760D8F772FD01B001B46F4677609D
:10A80000D8F786FC002802D1009801B00CE000982F
:10A81000009801B0009801B40321090221316F466C
:10A820007760D8F739FD01B001B46F467760D8F78B
:10A830006FFC002802D1009801B00BE0009800984E
:10A8400001B03768B86901B401216F467760D8F765
:10A8500045FD01B06F467760D8F792FC00282AD0FA
:10A8600001983768F96902F0DEF901B4072109029D
:10A87000D1316F467760D8F7D5F901B003900398CE
:10A88000CB4902F06DFA16D000983768B96902F02A
:10A89000CAF901B4C9216F467760D8F7C3F901B08E
:10A8A00001B4049801B4019800996F467760D8F715
:10A8B000B9F902B002900098012102F051FA05D0D6
:10A8C00000983768B86101983768F861009801B45A
:10A8D00002F0FCF8B7486F467760D7F791FC01B0FB
:10A8E00001B402F0E4F8B4496F467760D7F788FC0A
:10A8F00001B001B4052001B4049801B4FEF77EFE56
:10A9000002B001B402F0E9F86F467760D7F778FC3F
:10A9100002B001B400F078F901B0002004B000BD2D
:10A9200000B5002001B4029801B402F07DF80221C4
:10A930006F467760DAF730F801B0029801B402F0A0
:10A9400073F800216F467760D9F732FF01B002201B
:10A950006F467760D7F722FB029801B402F064F8E3
:10A9600001216F467760D9F723FF01B00A206F46B7
:10A970007760D7F713FB029801B402F055F8002175
:10A980006F467760D9F714FF01B0039801B402F065
:10A990004BF8042159221202D8326F467760D9F75A
:10A9A00049FF01B002F0BCF90090009801B402F038
:10A9B0003BF83A216F467760D7F708FE01B002F006
:10A9C000AFF901B000BD000000B5002001B401B432
:10A9D00001B401B401B401B401B401B401B4E7207D
:10A9E00001B4FFF7E5FE01B0E92001B4FFF7DAFE9C
:10A9F00001B0FFF793FE376838696F467760D8F784
:10AA0000BFFB00282FD00A20376838616F46776077
:10AA1000D7F7E0FD00900120019001980B2102F092
:10AA20008BF911D0009801B4FFF7DAFC01B402F001
:10AA300073F86F467760D7F7DDFD02B00198032108
:10AA400002F0E1F80190E8E75C4801B4019801B434
:10AA5000FFF70CFB02B0009801B4052101F0BDFD29
:10AA600001B03768B866FFF7BBFC0290FFF7B8FC8F
:10AA70000390FFF7B5FC0490029801B4059801B467
:10AA8000059801B4FFF7E8FA02B001B406BC02B4BD
:10AA900004B4FFF7E1FA02B00590029801B40598FA
:10AAA00001B4059801B4FFF7CDFA02B001B406BCB9
:10AAB00002B404B4FFF7C6FA02B0069002980399F4
:10AAC00002F0A1F8049902F09EF8059902F0ABF8A3
:10AAD000069902F0A8F807903768F86E012102F095
:10AAE0007BF902D003203768F86607983768B96E9B
:10AAF00002F099F801B43768F86E01B40198009932
:10AB00006F467760D8F78EF802B00890032001B442
:10AB1000099801B4FEF772FD02B001B401F0D6FF4E
:10AB200027486F467760D7F76BFB01B001B400F0A0
:10AB30006BF801B0002009B000BD0000D45D040036
:10AB40000000000049AB0400022C06DA00B501F059
:10AB500097FF00F002F802B000BD00B5019802991D
:10AB600002F061F800BD000000B5002001B46420CF
:10AB70006F467760DAF7B4FE6F467760D7F7F4FC7C
:10AB80000090052001B4019801B4FEF737FD02B032
:10AB900001B401F09BFF0B486F467760D7F730FB9D
:10ABA00001B001B400F030F801B0002001B000BDE8
:10ABB0003CD80400B8D60400C4D604003CAB040062
:10ABC000D0D60400ACD6040000B50198012102F0F3
:10ABD00003F901D0C04815E00198032102F0FCF808
:10ABE00001D0BE480EE00198052102F0F5F801D031
:10ABF000BB4807E00198072102F0EEF801D0B94800
:10AC000000E0B94800BD000000B5019801B401F0B2
:10AC10004EFF6F467760DAF7FDFA01B0B3486F4632
:10AC20007760DAF7F7FA019801B401F040FFAF4915
:10AC30006F467760D7F7E4FA01B001B401F037FF4F
:10AC40006F467760D5F782FF01B0002000BD00009D
:10AC500000B5002001B4029801B400F011F801B071
:10AC60000090009801B4049801B401F09BFF00210A
:10AC70006F467760D9F7C0F902B0002001B000BD7F
:10AC800000B5019801B40146012002F0F5F8002852
:10AC900001D001B04EE10320009902F0EDF8002848
:10ACA00001D001B04CE10920009902F0E5F800283C
:10ACB00001D001B04AE10B20009902F0DDF8002834
:10ACC00001D001B048E10D20009902F0D5F800282C
:10ACD00001D001B046E10F20009902F0CDF8002824
:10ACE00001D001B044E11120009902F0C5F800281C
:10ACF00001D001B042E11320009902F0BDF8002814
:10AD000001D001B040E11520009902F0B5F800280B
:10AD100001D001B03EE11720009902F0ADF8002803
:10AD200001D001B03CE11920009902F0A5F80028FB
:10AD300001D001B03AE10520009902F09DF8002809
:10AD400001D001B038E10720009902F095F8002801
:10AD500001D001B036E14320009902F08DF80028BF
:10AD600001D001B034E14520009902F085F80028B7
:10AD700001D001B032E14720009902F07DF80028AF
:10AD800001D001B030E14920009902F075F80028A7
:10AD900001D001B02EE14B20009902F06DF800289F
:10ADA00001D001B02CE14D20009902F065F8002897
:10ADB00001D001B02AE14F20009902F05DF800288F
:10ADC00001D001B028E15120009902F055F8002887
:10ADD00001D001B026E11B20009902F04DF80028B7
:10ADE00001D001B024E11D20009902F045F80028AF
:10ADF00001D001B022E11F20009902F03DF80028A7
:10AE000001D001B020E12120009902F035F800289E
:10AE100001D001B01EE12320009902F02DF8002896
:10AE200001D001B01CE12520009902F025F800288E
:10AE300001D001B01AE12720009902F01DF8002886
:10AE400001D001B018E12920009902F015F800287E
:10AE500001D001B016E12B20009902F00DF8002876
:10AE600001D001B014E12D20009902F005F800286E
:10AE700001D001B012E12F20009901F0FDFF002860
:10AE800001D001B010E13120009901F0F5FF002858
:10AE900001D001B00EE13320009901F0EDFF002850
:10AEA00001D001B00CE13520009901F0E5FF002848
:10AEB00001D001B00AE13720009901F0DDFF002840
:10AEC00001D001B008E13920009901F0D5FF002838
:10AED0000ED001B006E1000004D7040014D704002E
:10AEE00020D7040030D7040060D4040068D50400E3
:10AEF0003D20009901F0C0FF002801D001B0F7E02B
:10AF00003B20009901F0B8FF002801D001B0F5E026
:10AF10003F20009901F0B0FF002801D001B0F3E01C
:10AF20004120009901F0A8FF002801D001B041E1C3
:10AF300001BC45E177486F467760D9F71BF846E1D9
:10AF400075486F467760D9F715F840E173486F464A
:10AF50007760D9F70FF83AE171486F467760D9F713
:10AF600009F834E16F486F467760D9F703F82EE1AE
:10AF70006D486F467760D8F7FDFF28E16B486F4654
:10AF80007760D8F7F7FF22E169486F467760D8F716
:10AF9000F1FF1CE167486F467760D8F7EBFF16E1D9
:10AFA00065486F467760D8F7E5FF10E163486F4664
:10AFB0007760D8F7DFFF0AE161486F467760D8F71E
:10AFC000D9FF04E15F486F467760D8F7D3FFFEE012
:10AFD0005D486F467760D8F7CDFFF8E05B486F4675
:10AFE0007760D8F7C7FFF2E059486F467760D8F727
:10AFF000C1FFECE057486F467760D8F7BBFFE6E04B
:10B0000055486F467760D8F7B5FFE0E053486F4684
:10B010007760D8F7AFFFDAE051486F467760D8F72E
:10B02000A9FFD4E04F486F467760D8F7A3FFCEE082
:10B030004D486F467760D8F79DFFC8E04B486F4694
:10B040007760D8F797FFC2E049486F467760D8F736
:10B0500091FFBCE047486F467760D8F78BFFB6E0BA
:10B0600045486F467760D8F785FFB0E043486F46A4
:10B070007760D8F77FFFAAE041486F467760D8F73E
:10B0800079FFA4E03F486F467760D8F773FF9EE0F2
:10B090003D486F467760D8F76DFF98E03B486F46B4
:10B0A0007760D8F767FF92E039486F467760D8F746
:10B0B00061FF8CE037486F467760D8F75BFF86E02A
:10B0C00035486F467760D8F755FF80E033486F46C4
:10B0D0007760D8F74FFF7AE031486F467760D8F74E
:10B0E00049FF74E02F486F467760D8F743FF6EE062
:10B0F0002D486F467760D8F73DFF68E02B486F46D4
:10B100007760D8F737FF62E029486F467760D8F755
:10B1100031FF5CE0D4CE0400F4CE040014CF040070
:10B1200034CF040054CF040074CF040094CF040043
:10B13000B4CF0400D4CF0400F4CF040014D0040032
:10B1400034D0040054D0040074D0040094D004001F
:10B15000B4D00400D4D00400F4D0040014D104000E
:10B1600034D1040054D1040074D1040094D10400FB
:10B17000B4D10400D4D10400F4D1040014D20400EA
:10B1800034D2040054D2040074D2040094D20400D7
:10B19000B4D20400D4D20400F4D2040014D30400C6
:10B1A00034D3040054D3040074D3040094D30400B3
:10B1B000B4D30400A6486F467760D8F7DBFE06E0FC
:10B1C000A4486F467760D8F7D5FE00E0002000BDA8
:10B1D00000B5002001B401B401B401B401B401B45C
:10B1E00001B401B401B401B401B401B40D9801B4C7
:10B1F00000F026FF01B00090009801B401F057FC68
:10B200006F467760D7F75EF801B001F089FD012144
:10B2100001F0E2FD00D041E200988F4901F0DCFD31
:10B2200002D001F063F839E200988C4901F0D4FDB6
:10B2300003D042203768386230E20098884901F034
:10B24000CBFD03D00A203768386227E20098854991
:10B2500001F0C2FD18D03768F868032101F0BCFD89
:10B2600003D042203768386108E03768F868072162
:10B2700001F0B2FD02D04220376878617A4801B40B
:10B28000FFF7C2FC01B009E2009801B401F00FFC25
:10B29000764900226F467760D7F738F801B001F0A1
:10B2A0003FFD012101F098FD77D0002001B40D2071
:10B2B00001B4029801B400F093FE03B001900020A5
:10B2C00001B4029801B400F0ADFB02B00290029804
:10B2D00001B403216F467760D7F7E4FE01B001B4F3
:10B2E0006F467760D7F714FF002802D0009801B0AE
:10B2F0000AE00098009801B0029801B40B216F4653
:10B300007760D7F7CFFE01B001B46F467760D7F70B
:10B31000FFFE002802D0009801B00AE000980098D3
:10B3200001B0029801B415216F467760D7F7BAFED5
:10B3300001B001B46F467760D7F7EAFE002802D06B
:10B34000009801B00AE00098009801B0029801B49A
:10B3500033216F467760D7F7A5FE01B001B46F4681
:10B360007760D7F7D5FE002802D0009801B00AE038
:10B370000098009801B0029801B465216F4677608B
:10B38000D7F790FE01B06F467760D7F7F9FE002837
:10B3900002D002983768786280E1009801B401F029
:10B3A00086FB334900226F467760D6F7AFFF01B0C6
:10B3B00001F0B6FC012101F00FFD21D0002001B405
:10B3C000112001B4029801B400F00AFE03B003900A
:10B3D000039801B400F0FEFA01B0049004983768B5
:10B3E000F96801F021FD0AD004983768F86001205F
:10B3F0003768B86101203768F86100F077FF4DE1E8
:10B40000009801B401F053FB1A4900226F4677609F
:10B41000D6F77CFF01B001F083FC012101F0DCFCD8
:10B4200000D12DE1002001B4134801B4029801B409
:10B4300000F038F903B00590059801B401F067FBFE
:10B4400001F02BFD01B0072101F0B2FC16D116E18D
:10B45000D4D30400F4D3040040D7040050D7040030
:10B4600060D704006CD7040078D7040088D70400A4
:10B4700098D70400A8D70400B4D70400059801B4F5
:10B48000032101F0AAF801B00690059801B4052146
:10B4900001F0A3F801B001B401F009FB6F46776039
:10B4A000D6F7CAFF01B007903768F86801B40321E6
:10B4B0006F467760D7F7F6FD01B001B46F4677604D
:10B4C000D7F726FE002802D1009801B00AE00098C4
:10B4D000009801B0069801B4B8496F467760D7F775
:10B4E000E1FD01B001B46F467760D7F711FE002887
:10B4F00002D1009801B00AE00098009801B00798C6
:10B5000001B401216F467760D7F7D4FD01B06F46D3
:10B510007760D7F735FE002830D0FEF761FF08903E
:10B5200008983768B96E01F07EFB01B4089801B441
:10B53000019800996F467760D7F774FB02B00990C5
:10B540000998012101F070FC02D009983768F8666B
:10B55000072001B43768F86E01B4FEF74FF802B067
:10B5600001B401F0B3FA96486F467760D6F748FE0B
:10B5700001B001B4FFF748FB01B080E03768F8681C
:10B5800001B407216F467760D7F78CFD01B001B495
:10B590006F467760D7F7BCFD002802D1009801B054
:10B5A0000AE00098009801B0069801B485496F46FA
:10B5B0007760D7F777FD01B001B46F467760D7F7B2
:10B5C000A7FD002802D1009801B00AE00098009879
:10B5D00001B0079801B401216F467760D7F76AFD83
:10B5E00001B06F467760D7F7CBFD002830D0FEF76B
:10B5F000F7FE0A900A983768796D01F014FB01B4E0
:10B60000089801B4019800996F467760D7F70AFB54
:10B6100002B00B900B98012101F006FC02D00B98B0
:10B620003768B865072001B43768B86D01B4FDF715
:10B63000E5FF02B001B401F049FA63486F46776054
:10B64000D6F7DEFD01B001B4FFF7DEFA01B016E077
:10B65000069801B401F03AFA5C486F467760D6F775
:10B66000CFFD01B001B401F022FA59496F4677606D
:10B67000D6F7C6FD01B001B4FFF7C6FA01B00DE080
:10B68000009801B401F022FA52486F467760D6F76D
:10B69000B7FD01B001B4FFF7B7FA01B000200CB05C
:10B6A00000BD000000B5002001B401B401B401B434
:10B6B00001B401B401B401B401B46F467760D6F7A8
:10B6C00089FF0090012001900C98002101F098FB67
:10B6D00005D04148032101F0A6FA01900CE00C9836
:10B6E000012101F029FB02D00120019004E00C9817
:10B6F000012101F0B5FA01900A9801B401F0D7F9DF
:10B700006F467760D6F7DEFD01B001F009FB0290CD
:10B71000012003900B9804900198012101F05CFB3B
:10B7200001D00098A8E00B98002101F069FB0BD034
:10B73000009801B40B9801B40198009A012100F01F
:10B7400097FF02B0009897E00298012101F044FBB6
:10B750001DD0049801B4012001B40C9801B400F08C
:10B76000D9F803B0059005980121494201F0F8FA93
:10B7700001D0009880E0009801B40B9801B40198C2
:10B78000009A012100F074FF02B0009874E0039861
:10B7900007900798029901F047FB57D0049801B42D
:10B7A000089801B40C9801B400F0B4F803B0089004
:10B7B0000898012101F0C0FA10D115E0BCD70400AF
:10B7C000C4D70400D8D70400E0D70400A8D70400E9
:10B7D000F4D7040004D804000100004007980321B6
:10B7E00001F011FA079030E00898039901F0F4FA9B
:10B7F00005D00798032101F006FA079025E0079885
:10B8000001B4049801B40C9801B400F037F803B007
:10B810000690009801B4079801B401F07DF96F46D5
:10B820007760D6F7E7FE02B0009801B401F06FF937
:10B8300001F033FB01B0019901F0CEFA01D000987C
:10B840001AE00898039003980790A2E7079801B4BC
:10B85000049801B40C9801B400F010F803B00690FD
:10B86000009801B4079801B401F056F96F4677606B
:10B87000D6F7C0FE02B0009809B000BD00B50020A8
:10B8800001B4029801B401F012F96F467760D6F75F
:10B8900019FD01B001F044FA00900398012101F074
:10B8A0004BFA0BD00098039901F0ADF90346012043
:10B8B00001B408B4FEF7D0FB02B003900498002155
:10B8C00001F09EFA02D00098049006E00498062148
:10B8D00001F096FA01D0012004900498012101F0B2
:10B8E0002BFA04D00098049901F08DF90490029885
:10B8F00001B4049801B40698059901F094F901B4D3
:10B9000001F05DF96F467760D6F7DEFC03B001B059
:10B9100000BD000000B5002001B401B401B40698D8
:10B9200001B401F0C4F86F467760D6F7CBFC01B0E4
:10B9300001F0F6F90090049801B401F0B8F86F46F0
:10B940007760D6F7BFFC01B001F0EAF901900598E5
:10B95000009901F058F9019901F002FA02D0012092
:10B96000404234E0012002900298009901F0E4F98D
:10B9700029D0049801B40698039901F044F901B460
:10B9800001F033F96F467760D6F7BCFD02B001B421
:10B99000079801B4049801B401F027F96F46776065
:10B9A000D6F7B0FD02B001B40198009901F03CFA5D
:10B9B00002B002D00120404209E00298032101F0C8
:10B9C00022F90290D0E70598009901F01CF903B024
:10B9D00000BD000000B50198A54901F0FDF901D0B6
:10B9E00001201DE00198A34901F0F6F901D00320E0
:10B9F00016E00198A04901F0EFF901D005200FE011
:10BA000001989E4901F0E8F901D0072008E001986B
:10BA10009B4901F0E1F901D0092001E03768F8689D
:10BA200000BD000000B5002001B401B401B401B4B0
:10BA300001B401B401B408986F467760D7F7A0FB52
:10BA40006F467760D6F79EFC6F467760D6F7ACFD01
:10BA500001B46F467760D7F75BFB002802D00098EF
:10BA600001B034E00098009801B0099801B40621B3
:10BA70006F467760D7F71EFB01B001B46F46776061
:10BA8000D7F746FB002802D1009801B01FE00098CC
:10BA9000009801B0099801B405216F467760D7F787
:10BAA000FBFB01B001B46F467760D7F731FB00288C
:10BAB00002D0009801B00AE00098009801B00998FF
:10BAC00001B449216F467760D7F708FC01B06F4693
:10BAD0007760D7F755FB002801D00E2015E2012032
:10BAE0000090009801B4099801B400F0E0FF6F469F
:10BAF0007760D6F7E7FB01B001F012F901B40198C5
:10BB000000996F467760D7F7C7FB02B001B46F4664
:10BB10007760D7F7FDFA002802D1009801B011E054
:10BB20000098009801B0089801B4019801B401F0A0
:10BB30005CF86F467760D6F70DFD02B001B400F0F7
:10BB4000E7F901B06F467760D7F71AFB002805D0F8
:10BB50000098032101F057F80090C2E7009801B463
:10BB6000099801B400F0A3FF6F467760D6F7AAFBEF
:10BB700001B001F0D5F801B40198009901F040F945
:10BB800002B001D00E20C0E103200190089801B45A
:10BB9000019801B401F029F86F467760D6F7B2FC3E
:10BBA00002B001B40146374801F066F9002801D01F
:10BBB00001B009E03448009901F05EF9002801D095
:10BBC00001B004E001BC07E0012040420190009870
:10BBD000032101F018F8009009986F467760D7F7B5
:10BBE000CFFA6F467760D6F7CDFB6F467760D6F712
:10BBF000DBFC01B46F467760D7F78AFA002802D0E1
:10BC0000009801B00AE00098009801B0099801B4CA
:10BC100021216F467760D7F745FA01B001B46F462E
:10BC20007760D7F775FA002802D1009801B015E0C7
:10BC30000098009801B0089801B4019801B400F090
:10BC4000D4FF6F467760D6F75DFC02B001B400996F
:10BC50000E486F467760D7F76FF901B001B46F46B1
:10BC60007760D7F755FA002812D1009801B04BE061
:10BC700004D7040014D7040020D7040030D70400F0
:10BC800060D404002CD4040034D404001CD4040078
:10BC90000098009801B0089801B40198032100F0C1
:10BCA000B2FF01B400F0A1FF6F467760D6F72AFC1F
:10BCB00002B001B40099B9486F467760D7F73CF9F4
:10BCC00001B001B46F467760D7F722FA002802D09E
:10BCD000009801B018E00098009801B0089801B4ED
:10BCE0000198032100F08FFF01B400F07EFF6F4642
:10BCF0007760D6F707FC02B001B40099A8486F46F8
:10BD00007760D7F719F901B06F467760D7F738FA3F
:10BD1000002807D0212009900098052100F073FF2A
:10BD2000009014E009986F467760D7F729FA6F46BC
:10BD30007760D6F727FB6F467760D6F735FC6F46FE
:10BD40007760D7F71DFA002801D01520099001204F
:10BD500002900A20039000980490049801B4099876
:10BD600001B400F0A4FE6F467760D6F7ABFA01B0DD
:10BD700000F0D6FF01B40198009900F0DDFF02B099
:10BD800000D1B7E0089801B4059801B400F02DFF88
:10BD90006F467760D6F7DEFB02B0412100F060FF0E
:10BDA000059000200690059801B461216F467760E8
:10BDB000D7F784FA01B001B46F467760D7F7A8F9D6
:10BDC000002802D1009801B00AE00098009801B064
:10BDD000059801B475216F467760D7F75DFA01B019
:10BDE0006F467760D7F7CCF9002805D00598612118
:10BDF00000F019FF06902AE0059801B4C3216F46B0
:10BE00007760D7F75BFA01B001B46F467760D7F778
:10BE10007FF9002802D1009801B00AE0009800984C
:10BE200001B0059801B4F7216F467760D7F734FA6F
:10BE300001B06F467760D7F7A3F9002807D0152027
:10BE4000059900F0E0FEC32100F0EDFE0690069893
:10BE500001B400216F467760D7F724F901B001B42F
:10BE60006F467760D7F754F9002802D0009801B0E8
:10BE70000DE00098009801B0069801B40A9801B44A
:10BE8000019800996F467760D7F718FA02B06F46AD
:10BE90007760D7F775F9002815D003986F4677605B
:10BEA000D7F76EF96F467760D6F76CFA6F46776012
:10BEB000D6F77AFB6F467760D7F762F9002801D092
:10BEC0000E2022E016E042200390029801B40A9866
:10BED00001B4019800996F467760D6F777FE02B0FB
:10BEE000069900F090FE02900498032100F08BFE6A
:10BEF000049032E7019801B4039801B401980099C5
:10BF00006F467760D6F762FE02B007B000BD000052
:10BF100000B5019801B40146132000F0ADFF0028E0
:10BF200001D001B056E01720009900F0A5FF0028CD
:10BF300001D001B04EE01920009900F09DFF0028CB
:10BF400001D001B046E04120009900F095FF0028A3
:10BF500001D001B03EE0012000024130009900F024
:10BF60008BFF002801D001B034E00E48009900F0AA
:10BF700083FF002801D001B02CE01520009900F0CB
:10BF80007BFF002801D001B024E01B20009900F0C5
:10BF900073FF002808D001B01CE000003CD404006E
:10BFA00044D40400FFFD01004020000251300099FC
:10BFB00000F062FF002801D001B00BE04020000239
:10BFC0005330009900F058FF002801D001B001E083
:10BFD00001BC01E0422002E00A2000E0002000BD98
:10BFE00000B50398002100F00BFF0BD0019801B4BD
:10BFF00000F05DFD6F467760D6F764F901B000F0A0
:10C000008FFE0EE0039801B46F467760D7F780F893
:10C01000002802D0009801B003E00098009801B019
:10C0200001200390019801B4039801B4059801B46C
:10C0300000F0C5FD6F467760D6F746F903B000BD46
:10C0400000B5002001B401B401200090039801B4B0
:10C0500000F02DFD6F467760D6F734F901B000F09F
:10C060005FFE0190009801B4029801B40198009914
:10C070006F467760D7F710F902B001B46F4677606A
:10C08000D7F746F8002802D1009801B071E0009877
:10C09000009801B0039801B4019801B400F0A5FD27
:10C0A0006F467760D6F72EFA02B001B4B6496F46F4
:10C0B0007760D6F7F7FF01B001B46F467760D7F726
:10C0C00027F8002802D0009801B014E000980098EA
:10C0D00001B0039801B4019801B400F086FD6F46E9
:10C0E0007760D6F70FFA02B001B4A8496F467760BF
:10C0F000D6F7D8FF01B001B46F467760D7F708F8DC
:10C10000002802D0009801B014E00098009801B017
:10C11000039801B4019801B400F067FD6F467760A1
:10C12000D6F7F0F902B001B499496F467760D6F7B7
:10C13000B9FF01B001B46F467760D6F7E9FF002878
:10C1400002D0009801B014E00098009801B0039864
:10C1500001B4019801B400F048FD6F467760D6F74E
:10C16000D1F902B001B48B496F467760D6F79AFFD8
:10C1700001B06F467760D7F703F8002805D0009824
:10C18000032100F040FD00906CE7019801B4019894
:10C1900001B4019800996F467760D7F79FF802B015
:10C1A00001B46F467760D6F7B3FF002802D100983C
:10C1B00001B07DE00098009801B0039801B40298A6
:10C1C000032100F030FD01B400F00FFD6F467760F1
:10C1D000D6F798F902B001B46B496F467760D6F78D
:10C1E00061FF01B001B46F467760D6F791FF002878
:10C1F00002D0009801B017E00098009801B00398B1
:10C2000001B40298032100F00EFD01B400F0EDFC32
:10C210006F467760D6F776F902B001B45B496F4696
:10C220007760D6F73FFF01B001B46F467760D6F76D
:10C230006FFF002802D0009801B017E00098009826
:10C2400001B0039801B40298032100F0ECFC01B4A2
:10C2500000F0CBFC6F467760D6F754F902B001B41A
:10C260004B496F467760D6F71DFF01B001B46F46AA
:10C270007760D6F74DFF002802D0009801B017E094
:10C280000098009801B0039801B40298032100F0CF
:10C29000CAFC01B400F0A9FC6F467760D6F732F90A
:10C2A00002B001B43B496F467760D6F7FBFE01B0A0
:10C2B0006F467760D6F764FF002805D00198032108
:10C2C00000F0B1FC019060E7039801B4019801B45B
:10C2D0000398029900F0A7FC01B40EBC02B404B4A8
:10C2E00008B4FFF77DFE03B002B000BD00B500202A
:10C2F00001B46F467760D5F77DFE274900F06CFDED
:10C3000001D0264800E026480090009801B400F0D3
:10C31000DDFB24486F467760D5F772FF01B001B4AA
:10C3200000F0C5FB20496F467760D5F769FF01B083
:10C3300001B43768F86801B4FEF746FC01B001B4F7
:10C3400000F0CBFB6F467760D5F75AFF02B001B41F
:10C35000FEF75AFC01B000F009F8144801B4FEF7EA
:10C3600053FC01B0002001B000BD000000B53768EB
:10C37000F868012100F030FD1CD00D4801B4FEF733
:10C3800043FC01B04FE0000058D40400F4D6040090
:10C3900068D50400FCD6040024D4040070D5040041
:10C3A0007CD5040088D50400A0D50400B0D50400D5
:10C3B000C0D504003768F868032100F00DFD05D0F2
:10C3C000CB4801B4FEF720FC01B02CE03768F868D8
:10C3D000052100F001FD0AD0C64801B4FEF714FCA7
:10C3E00001B0C54801B4FEF70FFC01B01BE037688F
:10C3F000F868072100F0F0FC05D0C04801B4FEF752
:10C4000003FC01B00FE03768F868092100F0E4FC94
:10C4100009D0BB4801B4FEF7F7FB01B0B94801B43D
:10C42000FEF7F2FB01B0002000BD000000B5376848
:10C43000386F6F467760D6F7A3FE6F467760D5F703
:10C44000A1FF6F467760D6F7AFF86F467760D6F7F3
:10C4500097FE002805D06F467760D6F7BBF837689F
:10C46000386701986F467760D6F78AFE6F46776027
:10C47000D5F788FF6F467760D6F796F801B46F4618
:10C480007760D6F745FE002802D0009801B019E089
:10C490000098009801B03768386F01B4029801B471
:10C4A00000F03AFB00226F467760D6F70BFE02B031
:10C4B00000F036FC01B4012149426F467760D6F79F
:10C4C0000DFF01B06F467760D6F75AFE002800D006
:10C4D0000BE03768386F01B4029801B400F01CFB20
:10C4E0006F467760D6F786F802B0002000BDF0B541
:10C4F00044464D4656465746F0B40C4615461E4631
:10C50000074600F099FA6846F0B46946D7F760FC30
:10C5100006463D462846A96803248847074604B0D6
:10C520003046D7F7D7F83846F0BCA046A946B24601
:10C53000BA46F0BD01B56F467760D6F7B7FF12BCBB
:10C54000416069468160C56020470E4681688D461E
:10C55000C568416801200143084782070ED10028C1
:10C560000CD003681A89012A00D170471F6A002F76
:10C5700004D001B50124B847009000E001B56F4632
:10C580007760D6F7BBFE02BD84071FD100281DD0FF
:10C5900003681C89032C19D1491007D34468A142B0
:10C5A00019D24418207A400001307047490005B57F
:10C5B00008466F467760D6F723FA014605BC6F46FA
:10C5C0007760D6F721F84000013000BD71466F4614
:10C5D0007760D6F757FF0120704784071CD10028E9
:10C5E0001AD003681C89062C16D1491006D3048979
:10C5F000A14216D28900446860587047490005B5C9
:10C6000008466F467760D6F7FBF9014605BC6F46D2
:10C610007760D5F7F9FF00BD71466F467760D6F7B2
:10C6200031FF0020704784071BD1002819D0036810
:10C630001C89032C15D1491005D34468A14215D299
:10C64000441822727047490005B508466F46776066
:10C65000D6F7D6F9014605BC6F467760D5F7DCFF03
:10C6600000BD71466F467760D6F70CFF00B5F3E763
:10C6700084071CD100281AD003681C89062C16D107
:10C68000491006D30489A14216D289004468625039
:10C690007047490005B508466F467760D6F7B0F990
:10C6A000014605BC6F467760D5F7B6FF00BD714601
:10C6B0006F467760D6F7E6FE00B5F3E7840749D109
:10C6C000002847D003681C89082C05D100B56F46A7
:10C6D0007760D6F737F800BD1C4601B50846D6F797
:10C6E00041F801460098234600F00EF801B000BD65
:10C6F000E4D5040004D6040024D6040044D6040083
:10C7000068D604008CD60400DA68170022D04F43A4
:10C71000D7407F005B68DB191A88D75A8F420BD04D
:10C7200002331A88D75A8F4206D002331A88D75A52
:10C730008F4201D0002070479B185A68D70707D056
:10C740005F88012F01D101241047744600F051F891
:10C750008058704771466F467760D6F793FE6F46F4
:10C760007760D6F79FFE84073AD1002838D0036857
:10C770001C89082C05D100B56F467760D6F75CF8A8
:10C7800000BD1C4605B50846D5F7ECFF01460098EC
:10C79000234600F002F802B000BDDA6817001FD08F
:10C7A0004F43D7407F005B68DB191A88D75A8F4206
:10C7B00009D002331A88D75A8F4204D002331A881C
:10C7C000D75A8F4211D19B185A68D70705D01F89B5
:10C7D0008F420AD1DA6802241047019B83507047C8
:10C7E00071466F467760D6F74DFE6F467760D6F795
:10C7F00059FE05B40220CF496F467760D8F75AFA40
:10C8000006BCC16002612047D45D04000000000046
:10C8100015C804000C2C06DAA300C74AD158C36817
:10C820000269641C084771466F467760D6F72AFE96
:10C8300061C8040071C8040085C804009DC80400D4
:10C84000B9C80400D9C80400FDC8040025C9040003
:10C8500051C9040081C90400B5C90400EDC9040030
:10C8600081B008B4714601919047019902B0084720
:10C8700081B00199009108B47146029190470299E4
:10C8800002B0084781B0019900910299019108B462
:10C89000714603919047039902B0084781B001990E
:10C8A0000091029901910399029108B47146049193
:10C8B0009047049902B0084781B00199009102990C
:10C8C0000191039902910499039108B4714605916D
:10C8D0009047059902B0084781B0019900910299EB
:10C8E000019103990291049903910599049108B467
:10C8F000714606919047069902B0084781B00199A8
:10C90000009102990191039902910499039105996B
:10C9100004910699059108B47146079190470799CB
:10C9200002B0084781B001990091029901910399E1
:10C93000029104990391059904910699059107992B
:10C94000069108B4714608919047089902B00847CB
:10C9500081B0019900910299019103990291049982
:10C9600003910599049106990591079906910899F3
:10C97000079108B4714609919047099902B0084798
:10C9800081B0019900910299019103990291049952
:10C9900003910599049106990591079906910899C3
:10C9A00007910999089108B471460A9190470A992C
:10C9B00002B0084781B00199009102990191039951
:10C9C000029104990391059904910699059107999B
:10C9D000069108990791099908910A99099108B453
:10C9E00071460B9190470B9902B0084781B00199AD
:10C9F000009102990191039902910499039105997B
:10CA0000049106990591079906910899079109994A
:10CA100008910A9909910B990A9108B471460C91F1
:10CA200090470C9902B0084700B50198401002D217
:10CA3000400000F06BF900BD820706D1002804D049
:10CA400003681A89042A00D1704771466F467760DF
:10CA5000D6F718FD00B50298FFF77FFD029001B4EC
:10CA60000298FFF7E9FF014601BD00B50198FFF705
:10CA7000E3FF00BD00B50198FFF7DEFF014600BDF2
:10CA80000020002101B4012C01DB0298029101B4C5
:10CA9000704700B50298401002D2400000F036F90D
:10CAA00001B40298FFF759FD0290014601BD00B59F
:10CAB0000198FFF752FD019000BD00B501984010AC
:10CAC00002D2400000F022F9014600BD00B50198F5
:10CAD000FFF743FD0190014600BD00B50298FFF746
:10CAE0003CFD029001B40298FFF737FD0290014629
:10CAF00001BD820706D1002804D003681A89062ADE
:10CB000000D1704771466F467760D6F7BBFC00B521
:10CB10000198FFF7EEFF00BD00B50298FFF7E9FFAF
:10CB2000019900BD00B50298FFF717FD0290019929
:10CB300000BD000008C8040030C8040082071ED1F0
:10CB400000281CD003681A89042A18D1022481887D
:10CB5000002901D18168084782B0029900910399A8
:10CB600001910295714603910546AF68B847039C51
:10CB7000029D009902910199039102B020477146EC
:10CB80006F467760D6F77EFC820706D1002804D076
:10CB900003681A89092A00D1704771466F46776089
:10CBA000D6F770FC00B50298FFF7EEFF01B40298CB
:10CBB000401002D2400000F0A9F8024601BD00B5C5
:10CBC0000398FFF7CAFC039001B40398401002D207
:10CBD000400000F09BF801B40398401002D24000DE
:10CBE00000F094F8024602BC01BD00B50298FFF7C0
:10CBF000B4FC029001B40298401002D2400000F050
:10CC000085F8014601BDC20706D0CA0704D04A1EF6
:10CC1000821801D61000F04703B56F467760D5F74C
:10CC2000ADFF02B000BDC20706D0CA0704D04A1E3D
:10CC3000821A01D61000F04703B56F467760D5F72A
:10CC4000B1FF02B000BDC20703D0CA0701D008403F
:10CC5000F04703B56F467760D5F73CFF02B000BDE3
:10CC6000C20703D0CA0701D00843F04703B56F4697
:10CC70007760D5F70BFF02B000BDC20704D0CA072A
:10CC800002D04840401CF04703B56F467760D5F7A7
:10CC9000E9FE02B000BDC2070CD0CA070AD08B065D
:10CCA000DB0E42109A40930F01D0032B02D15000AB
:10CCB000401CF04703B56F467760D5F7A3FE02B07E
:10CCC00000BDC2070AD0CA0708D08B06DB0E42108F
:10CCD000DA40930F02D15000401CF04703B56F4675
:10CCE0007760D5F70BFF02B000BDC20707D0CA07B7
:10CCF00005D08B06DB0E184101221043F04703B527
:10CD00006F467760D5F796FE02B000BD401000D3A5
:10CD1000F047400000B56F467760D5F771FE00BD63
:10CD200042005110884201D1501CF04700B56F46B7
:10CD30007760D5F721FC00BDC20707D0CA0705D030
:10CD4000401A01DB002070470120704703B56F4691
:10CD50007760D6F7A1FAD6F713FA002802B000BD23
:10CD6000C20707D0CA0705D0401A01DC002070476F
:10CD70000120704703B56F467760D6F7AFFAD6F754
:10CD8000FFF9002802B000BDC20707D0CA0705D0CE
:10CD9000401A01DD002070470120704703B56F463F
:10CDA0007760D6F767FAD6F7EBF9002802B000BD36
:10CDB000C20707D0CA0705D0401A01DA0020704721
:10CDC0000120704703B56F467760D6F777FAD6F73C
:10CDD000D7F9002802B000BDC20707D0CA0705D0A6
:10CDE000401A01D0002070470120704703B56F46FC
:10CDF0007760D6F757F9D6F7C3F9002802B000BD1F
:10CE0000C20707D0CA0705D0401A01D000207047DA
:10CE10000120704703B56F467760D6F78DF8D6F7D7
:10CE2000AFF9002802B000BDC20707D0CA0705D07D
:10CE3000401A01D1002070470120704703B56F46AA
:10CE40007760D6F737F9D6F79BF9002802B000BD16
:10CE5000C20707D0CA0705D0401A01D10020704789
:10CE60000120704703B56F467760D6F76DF8D6F7A7
:10CE700087F9002802B000BDC20707D0CA0705D055
:10CE8000884201D0002070470120704703B56F46EB
:10CE90007760D6F705F902B000BD810709D10028F7
:10CEA00007D002681289062A03D100894000401C7D
:10CEB000704700B56F467760D5F796FBFFF730FFF8
:10CEC00000BD00000100000014D4040000000000B8
:10CED00000000000FFFF0500050000FF00FF00FF4D
:10CEE000FFFFFFFFFFFFFFFFFF00FFFFFF0000004E
:10CEF000FF000000FFFF050005000000000000002B
:10CF0000FF00FF0000FFFFFF000000FF0000000027
:10CF100000000000FFFF0500050000000000000009
:10CF2000FF00FF000000000000FF000000FF00FF06
:10CF3000FFFF0000FFFF05000500000000000000EB
:10CF4000FF00FF00000000000000FFFFFF00FF00E7
:10CF50000000FF00FFFF05000500000000000000CA
:10CF6000FF00FF00000000000000FF00FF00FF00C6
:10CF7000FF00FF00FFFF05000500FF000000FF00AD
:10CF8000FF00FF000000000000FFFFFFFFFFFF00A9
:10CF9000FF00FF00FFFF050005000000000000FF8C
:10CFA000FF00FFFF000000000000FFFFFF00000087
:10CFB00000000000FFFF0500050000FF00FF00006B
:10CFC000000000000000FF000000FF00FF00000064
:10CFD000FF000000FFFF05000500FF000000FF004C
:10CFE00000000000FFFFFFFFFF000000FFFF000048
:10CFF00000FFFF00FFFF05000500FFFFFFFFFFFF31
:10D00000FF00FFFF000000000000FF00FF0000FF26
:10D01000FFFF0000FFFF05000500FFFF00FFFF000E
:10D0200000000000000000FF000000FF000000FF03
:10D0300000000000FFFF05000500000000000000E8
:10D04000000000FF000000FF00FF00FF000000FFE5
:10D0500000000000FFFF05000500FF000000FF00CA
:10D06000FF00FF000000FF000000FF00FF00FF00C6
:10D070000000FF00FFFF05000500000000000000A9
:10D0800000FF000000FF00FF00FFFFFFFFFF0000A8
:10D0900000000000FFFF05000500FF00000000FF8A
:10D0A000FF000000FF00FF0000FF0000FF00FFFF87
:10D0B000FFFFFF00FFFF0500050000FF00FF00FF6E
:10D0C00000FF00FF00FF00FF00FF00FF00FF00FF68
:10D0D00000FF0000FFFF050005000000FF0000004A
:10D0E000FF00FF00FF000000FF00FF00FF00000046
:10D0F000FF000000FFFF0500050000000000000029
:10D1000000FF000000FF00FF000000FF0000000023
:10D1100000000000FFFF05000500FFFFFFFFFFFF0D
:10D12000000000FFFF000000FFFF000000FFFFFF06
:10D13000FFFFFF00FFFF05000500000000000000EA
:10D14000FFFFFF0000FF00FF0000FFFFFF000000E7
:10D1500000000000FFFF05000500FFFF0000FFFFCB
:10D16000FF00FF000000FF0000FFFF00FF00FFFFC7
:10D170000000FF00FFFF05000500FFFF00FFFFFFAD
:10D18000FFFFFFFF00FFFFFF0000FFFFFF0000FFAA
:10D19000FFFF0000FFFF05000500000000FFFF008B
:10D1A0000000FFFFFFFFFFFFFFFFFFFFFFFF00FF8C
:10D1B00000FF0000FFFF0500050000FFFF0000FF6B
:10D1C000FFFF000000FFFFFFFF00FFFFFF00000068
:10D1D00000000000FFFF050005000000FF00000048
:10D1E000FFFFFF00FFFFFFFFFF00FFFFFF0000FF4B
:10D1F00000FF0000FFFF0500050000000000000028
:10D20000FFFFFF00FFFFFFFFFF00FF00FF00000028
:10D2100000000000FFFF05000500FFFF00FFFFFF0B
:10D22000FFFFFFFF0000FF0000FFFFFFFFFFFFFF0A
:10D2300000FFFF00FFFF050005000000FF0000FFEA
:10D24000FFFFFFFF0000FF000000FF00FF00FF00E6
:10D250000000FF00FFFF0500050000FFFFFF00FFCB
:10D2600000FF00FFFFFFFFFFFFFFFFFFFFFFFF00CB
:10D27000FF00FF00FFFF050005000000FF000000A9
:10D2800000FF00000000FF000000FFFFFF000000A3
:10D29000FF000000FFFF05000500FFFF0000000089
:10D2A000FF00000000FF00000000FFFFFF0000FF84
:10D2B00000FF0000FFFF0500050000FFFFFF00FF6B
:10D2C00000FF00FFFFFFFFFFFF00FFFFFF0000FF69
:10D2D000FFFF0000FFFF0500050000FFFFFF00FF4C
:10D2E000FFFFFFFF0000FF0000FF00FF0000FFFF47
:10D2F000FF000000FFFF05000500FFFF000000FF2A
:10D30000FF00FFFF00FF00FF0000FFFFFF00000025
:10D3100000000000FFFF05000500FF00FF0000FF08
:10D3200000FF0000FFFFFFFF00FFFF00FF00FFFF07
:10D33000FFFF0000FFFF05000500FF000000FFFFEA
:10D34000000000FFFFFFFFFFFF00FFFFFF000000E6
:10D35000FF000000FFFF050005000000FF000000C7
:10D3600000FF00000000FF0000FFFFFF0000FFFFC4
:10D37000FF000000FFFF050005000000FF000000A7
:10D3800000FFFF000000FF00FFFFFFFF0000FFFFA6
:10D39000FF000000FFFF050005000000FF00000087
:10D3A00000FFFF000000FF00FFFFFFFF0000FFFF86
:10D3B000FF000000FFFF05000500FF00FF00FFFF6A
:10D3C00000FF00FFFFFFFFFFFF0000FF0000000065
:10D3D000FF000000FFFF050005000000FF00000047
:10D3E000FFFFFF00FFFF00FFFF00FFFFFF00000047
:10D3F000FF000000FFFF0500050000000000000026
:10D40000000000000000000000000000000000001C
:10D41000000000001C5C0400000000001C5C040014
:10D42000010030001C5C0400010032001C5C0400A0
:10D4300001002D001C5C040001002B001C5C04009A
:10D44000010078001C5C0400010058001C5C040012
:10D4500002000D0A000000001C5C04000100200016
:10D460001C5C040005004448543131001C5C04007D
:10D4700005004448543232001C5C04001000206E49
:10D480006F7420726573706F6E64696E672100003F
:10D490001C5C040028002D2D2D2D2D2D2D2D2D2D26
:10D4A0002D2D2D2D2D2D2D2D2D2D2D2D2D2D2D2DAC
:10D4B0002D2D2D2D2D2D2D2D2D2D2D2D2D2D0000F6
:10D4C0001C5C0400140020717565727920636F6D17
:10D4D000706C6574656420696E2000001C5C04003B
:10D4E0000D00206D6963726F7365636F6E64730006
:10D4F0001C5C04000B00436865636B73756D206FE3
:10D500006B0000001C5C04000A0048756D696469CA
:10D5100074793A20000000001C5C04000200202501
:10D52000000000001C5C04000D0054656D70657205
:10D5300061747572653A20001C5C04000300202AA7
:10D54000430000001C5C04000300202A4600000089
:10D550001C5C04000E00436865636B73756D206589
:10D5600072726F72000000001C5C040001000A006F
:10D570001C5C040002005632000000001C5C040029
:10D5800002005631000000001C5C0400100023481B
:10D59000454C4C4F3B76313B626F6172643D0000FD
:10D5A0001C5C040008003B73656E736F723D0000E5
:10D5B0001C5C040006002352454144590000000051
:10D5C0001C5C04001C002343483B743B54656D7095
:10D5D000657261747572653BB0433B2D34303B31ED
:10D5E000323500001C5C040016002343483B463BD8
:10D5F000466F7263653B4E3B2D3230303B323030EC
:10D60000000000001C5C040017002343483B643BFF
:10D6100044697374616E63653B636D3B303B3430CA
:10D62000300000001C5C040016002343483B763B9E
:10D6300053706565643B6D2F733B2D31303B31304A
:10D64000000000001C5C04001A002343483B703BB0
:10D6500050726573737572653B50613B303B32307D
:10D6600030303030000000001C5C04001B002343FD
:10D67000483B743B54656D70657261747572653BAF
:10D68000B0433B2D32303B36300000001C5C0400C0
:10D6900016002343483B683B48756D69646974799B
:10D6A0003B253B303B313030000000001C5C040067
:10D6B0000200743A000000001C5C04000200643A9E
:10D6C000000000001C5C040003003B763A000000F0
:10D6D0001C5C04000200463A000000001C5C0400D0
:10D6E0000200703A000000001C5C040003003B686C
:10D6F0003A0000001C5C040001000D001C5C0400EA
:10D70000010009001C5C0400070044533138423218
:10D71000300000001C5C040005004858373131001F
:10D720001C5C0400060048435352303400000000E3
:10D730001C5C0400060048583731304200000000ED
:10D740001C5C040007002348454C4C4F3F00000080
:10D750001C5C040006002353544152540000000096
:10D760001C5C040005002353544F50001C5C040053
:10D7700005002354415245001C5C0400080023545A
:10D780004152453B6F6B00001C5C040006002352B5
:10D790004154453B000000001C5C0400080023537A
:10D7A000454C4543543B00001C5C040005002343EA
:10D7B000414C3B001C5C040001003B001C5C04006D
:10D7C000010046001C5C04000A002343414C3B4618
:10D7D0003B6F6B3B000000001C5C0400010070000C
:10D7E0001C5C04000A002343414C3B703B6F6B3BC5
:10D7F000000000001C5C040007003B6F6B3B312EF7
:10D80000300000001C5C04001100234552523B759F
:10D810006E6B6E6F776E5F636D643A001C5C040024
:10D820000A0066797A6269742D626C6500000000F6
:10D830007C5C04001F85EB51B82E82407C5C0400A8
:10D840007B14AE47E17A943F000000000000000026
:020000040007F3
:1070000000000220F97207002173070023730700B4
:10701000257307002773070029730700000000008D
:107020000000000000000000000000001DB5070087
:107030002D730700000000002F7307003173070055
:10704000337307003373070033730700337307008C
:10705000337307003373070033730700337307007C
:10706000337307003373070033730700337307006C
:10707000337307003373070033730700337307005C
:10708000998E0700337307003373070033730700CB
:1070900033730700337307001DB70700337307000E
:1070A000337307003373070033730700337307002C
:1070B0003373070033730700000000000000000076
:1070C000337307003373070033730700337307000C
:1070D0001D8B0700337307003373070033730700FA
:1070E00033730700000000000000000000000000F3
:1070F0000000000033730700000000003373070036
:10710000000000000000000000000000000000007F
:10711000000000000000000000000000000000006F
:10712000000000000000000000000000000000005F
:10713000000000000000000000000000000000004F
:10714000000000000000000000000000000000003F
:10715000000000000000000000000000000000002F
:10716000000000000000000000000000000000001F
:10717000000000000000000000000000000000000F
:1071800000000000000000000000000000000000FF
:1071900000000000000000000000000000000000EF
:1071A00000000000000000000000000000000000DF
:1071B00000000000000000000000000000000000CF
:1071C00000000000000000000000000000000000BF
:1071D00000000000000000000000000000000000AF
:1071E000000000000000000000000000000000009F
:1071F000000000000000000000000000000000008F
:107200000348044B834202D0034B03B11847704735
:10721000A02B0020A02B00200000000005480649FC
:107220000B1AD90F01EBA301491002D0034B03B194
:1072300018477047A02B0020A02B00200000000062
:1072400010B5064C237843B9FFF7DAFF044B13B1AE
:107250000448AFF300800123237010BDB42B00203D
:1072600000000000B0D2070008B5044B1BB1044970
:107270000448AFF30080BDE80840CFE700000000FD
:10728000B82B0020B0D20700A3F5803A704700BFAA
:10729000154B002B08BF114B9D46FFF7F5FF002152
:1072A0008B460F461148124A121A05F00FFC0C4B80
:1072B000002B00D098470B4B002B00D098470020A4
:1072C000002104000D000B4805F0DEFA05F010FB6C
:1072D0002000290001F020F905F0DCFA0000080088
:1072E000000000000000000000000220B42B00207D
:1072F0004C520020BDC807000649074A074B9B1A9D
:1073000003DD043BC858D050FBDC00F023F8FFF746
:10731000BFFF000020D30700E82A0020B42B002084
:10732000FEE7FEE7FEE7FEE7FEE7FEE7FEE7FEE735
:10733000FEE7FEE7054B1B680D2B01BF044B1868E9
:10734000B0FA80F0400918BF0020704730010010EB
:107350003401001008B5FFF7EDFF40B14FF0804356
:107360000022C3F80C21C3F81021C3F83825FFF719
:10737000E1FF002846D04FF080524D4BD2F8041464
:10738000C3F82015D2F80814C3F82415D2F80C1449
:10739000C3F82815D2F81014C3F82C15D2F8141419
:1073A000C3F83015D2F81814C3F83415D2F81C14E9
:1073B000C3F84015D2F82014C3F84415D2F82414A9
:1073C000C3F84815D2F82814C3F84C15D2F82C1479
:1073D000C3F85015D2F83014C3F85415D2F8341449
:1073E000C3F86015D2F83814C3F86415D2F83C1409
:1073F000C3F86815D2F84014C3F86C15D2F84424C9
:10740000C3F87025FFF796FF48B14FF08043D3F8DB
:107410000024D20744BF6FF00102C3F80024254ABC
:10742000D2F8883043F47003C2F88830BFF34F8F2E
:10743000BFF36F8F4FF01023D3F80022002A03DB35
:10744000D3F80432002B2FDA1B4B0122C3F804259A
:10745000D3F80024002AFBD04FF010221221C2F8EA
:107460000012D3F80024002AFBD04FF01023122280
:10747000C3F80422104B1A46D3F800140029FBD09D
:107480000021C3F80415D2F80034002BFBD0BFF361
:107490004F8F0849094BCA6802F4E0621343CB607E
:1074A000BFF34F8F00BFFDE7054B064A1A6008BDCA
:1074B00000C0004000ED00E000E001400400FA05DB
:1074C000E82A00200090D0034B1C30B5DB000446B6
:1074D00012F003009BB20DD1074D2A601A44074BEE
:1074E0001A60074B1870074B1870074B1C80074B2E
:1074F000198030BD0720FCE7D82B0020D42B0020BA
:10750000D02B0020E02B0020DC2B0020DE2B0020E5
:107510002DE9F3472B4F3B888B4206460D4690469C
:107520004BD300240DF107008DF8074000F086F8DA
:10753000254B26481A78264B008893F800C08445CE
:107540005FFA8CF138BF4C1CD2B238BFE4B2A24211
:107550002DD01C781A78D1B2904286BF0131C9B2C1
:10756000002119709DF8070000F08CF84FF6FF73AA
:107570009C4224D0DFF86090D9F800204FEAC40A7A
:1075800042F8348002EBC403A6B19DB1114B388898
:107590001B682A4604FB0030314605F0FDF9D9F896
:1075A0000030534400209D8002B0BDE8F0874FF6C4
:1075B000FF74D7E700209880F6E70920F4E704205D
:1075C000F2E700BFDC2B0020E02B0020DE2B0020A8
:1075D000D02B0020D42B0020D82B0020F8B5114C44
:1075E000114D264622782B789A4200D1F8BD0F48DB
:1075F0000F4A2378126807880E4802EBC30100681F
:1076000052F83320898803FB070090470A49227803
:107610000988D3B2914286BF0133DBB200233370B5
:10762000E0E700BFE02B0020D02B0020DC2B002067
:10763000D82B0020D42B0020DE2B002070B5EFF3D8
:10764000108672B60C4A946801239CB993600B4B68
:107650000B4DD3F8801029401160C3F88050D3F847
:10766000841051604FF0FF32C3F88420047006B9D3
:1076700062B670BD0370FAE7C04E002000E100E082
:10768000FC06FFBD10B5084B9A685AB150B9EFF32C
:10769000108172B6054A1C6814605C68546098607A
:1076A00001B962B610BD00BFC04E002000E100E08D
:1076B00030B53AB11368DB430A4D0144814204D12D
:1076C000D84330BD4FF0FF33F6E710F8012B53409D
:1076D000082213F0010418BF2C46013A84EA530330
:1076E000F7D1EBE72083B8ED10B561B1B2FBF3F44D
:1076F00003FB1424A4B244B9C0E90014846082815D
:10770000C381204610BD0E20FCE70920FAE782B0B5
:1077100050E8022FC188B2EB324F4FF0000317BF81
:1077200092B241EA014142EA014104E04268B2EB0F
:10773000324F08BF012340E80212002AE8D18DF839
:1077400007309DF80730002B0CBF1120002002B03D
:10775000704737B550E8013F9DB2C48925448489FC
:10776000A54228BF2D1B0489A54202BFBFF32F8F5E
:10777000002207E0C5EA030540E80154002CE9D1E6
:107780004FF001028DF803200193019B9DF8032027
:107790000B6002F0FF0322B10B880068184403B0AD
:1077A00030BD1846FBE70A884B889A4209D150E859
:1077B000012FC2EA024240E80123002BF7D1012049
:1077C00070470020704737B550E8023F1FFAA3F515
:1077D000C488A54202BFBFF32F8F00220DE0C489E9
:1077E00025448489A54228BF2D1BC3EA054540E8EE
:1077F0000254002CE8D14FF001028DF803200193D0
:10780000019B9DF803200B6002F0FF0322B14B881F
:107810000068184403B030BD1846FBE70A884B885F
:107820009A4209D150E8022FC2EA224240E80223DC
:10783000002BF7D1012070470020704710B5034698
:1078400053E8000F40EA010243E8002494F0000FDF
:10785000F6D110BD10B5034653E8002F02EA01002F
:1078600043E8000494F0000FF6D110BD0121FFF7AA
:10787000E5BF0021FFF7EEBF10B590B1D0E90123BD
:1078800001689B1ADBB20A60013BDBB2FF2B026886
:1078900002D10020107110BD11684C1C14600B70D7
:1078A000F2E70E20F7E737B5044600250DF1070093
:1078B0008DF80750FFF7C2FE2268616813688B429B
:1078C00010D9591E116013F8015C228AE36802FB8B
:1078D00005352268A36811685B1A1179DBB29942F9
:1078E00038BF13719DF80700FFF7CCFE284603B0A0
:1078F00030BD37B5054600230DF107000C468DF865
:107900000730FFF79BFE2A681368591C1160E9686D
:10791000641A298AB4FBF1F41C709DF80700FFF784
:10792000B1FE03B030BD01600B681146184710B4BA
:107930000468E468A4465DF8044B604710B404682A
:107940002469A4465DF8044B6047000070B550B947
:107950000E4D0F4C0026641B1423B4FBF3F4B44209
:1079600008D1002010E00368002BF1D0BDE8704082
:10797000DB6918472B6813B901361435EFE7DB696B
:10798000284698470028F7D070BD00BFA02B0020E4
:10799000B42B0020014B436000207047B4CD07009A
:1079A0000846704700207047024B1868003818BF1F
:1079B00001207047E42B002008B50248FFF759FF6B
:1079C000002008BDE42B002008B510461A4604F03C
:1079D000E3FF002008BD00002DE9F043814687B099
:1079E00014480E4615469846FFF740FF0446F0B986
:1079F0000746BD4215D10F48FFF73BFFD9F80830C5
:107A00005BB102228DF800200022CDE90126CDE9EC
:107A10000325CDF8148068469847204607B0BDE896
:107A2000F08306EB073000F07DFB0137E1E711241E
:107A3000F3E700BFE42B00202DE9F041804686B03B
:107A400011480F4616461D46FFF710FF0446C8B9F9
:107A5000AA083146384600F093FB0B48FFF709FFB0
:107A6000D8F8083053B101228DF800200C9A059205
:107A7000CDE90147CDE9036568469847204606B041
:107A8000BDE8F0811124F9E7E42B002029DF7047DD
:107A900028DF704770B50668B36886B004460D46A7
:107AA00073B114220021684605F010F8A36805930D
:107AB0002379019533B1012B0ED0B36868469847FE
:107AC00006B070BD01238DF8003023690293E3688E
:107AD000039363690493F0E702238DF80030E368B1
:107AE0001B030293F5E7084670470020704700002B
:107AF000024B187A003818BF01207047D42D00209F
:107B0000034B187A0122B0FA80F05A74400970478A
:107B1000D42D002008B510461A4604F03DFF002081
:107B200008BD000008B514220021044804F0CEFF6F
:107B30000348FFF7ECFD002008BD00BFD42D002056
:107B4000C42D002010B5094C094B43602046FFF7B7
:107B50008DFE48B903F0C8FD064920741C23064871
:107B60004FF4EE72FFF7C0FD002010BDD42D0020B1
:107B7000E0CD0700E82B0020C42D002070B5234C79
:107B8000234E237A25463BB922492348FFF71BFEA3
:107B9000306008B9606070BD022334682B722379AD
:107BA00073B1012B22D020460321FFF773FF00237E
:107BB0002B726B60BDE8704016491748FFF72EBE68
:107BC000D4E90523D21A142AD4E9031028BF1422B9
:107BD0009208012A38BF012219441844FFF756FFC2
:107BE00050B11128DFD101232B72D4E7D4E903036C
:107BF0001844FFF74DFFF3E72B7C002BCBD1014658
:107C0000BDE87040022000F009B800BFD42D00206C
:107C1000EC2D0020E82D0020C42D002038B5831E57
:107C2000012B43D8224C237A002B3FD0022B09D1C1
:107C300003282ED01F4B00221B68E2601A793AB14C
:107C4000012A20D0637C6BBBBDE83840FFF796BFAC
:107C5000D3E905128D1A142D94BF521914329A616A
:107C60009142EFD102284FF0000308BF194623725A
:107C7000104B18BF0D211868FFF70CFF0E490F4875
:107C8000FFF7CCFDDEE71A6901321A615B699A429F
:107C9000E7E7E3680133082B01D8E360D2E700236C
:107CA000E360DFE7BDE8384003F00EBD38BD00BF3C
:107CB000D42D0020EC2D0020E82D0020C42D002024
:107CC00000F0FD03012B08D1044B00225A74421E20
:107CD000504250411874FFF751BF7047D42D002017
:107CE00010B5064C201DFFF7C1FD28B9637C1BB9F8
:107CF000BDE81040FFF742BF10BD00BFD42D0020EB
:107D00002DE9F34180460D460F4801A916461F464E
:107D1000FFF71FFD0446A8B11C22002104F0D6FE87
:107D20002D0B0123237101A90748C4F80080A76027
:107D3000E5606661FFF737FDFFF7D2FF002002B074
:107D4000BDE8F0810420FAE7C42D00202DE9F743B7
:107D500081468846104801A917461E46FFF7F9FCE0
:107D60000446B0B11C22002104F0B0FE00250A9B9D
:107D7000A36001A9C4E9037807482571C4F80090FD
:107D80006661FFF710FDFFF7ABFF284603B0BDE8C3
:107D9000F0830420FAE700BFC42D002001600B68C7
:107DA00043604A68934204BF0023436070474368BE
:107DB00043B1026891680B4443605268934204BF28
:107DC00000234360704700002DE9F04FC9B008AAB6
:107DD00001F1400514464B780E781B0443EA066314
:107DE000CE7833438E78043143EA06238D4244F83B
:107DF000043BF0D11024916B16464FEAF14383EA1D
:107E0000714383EA9123716A366852F8045F314402
:107E10000B444FEAB54181EAF51181EAD5010134FD
:107E20000B44402CD363E6D1D0E914E30093836D77
:107E30000193C36D0293036E0393436E0493836EA9
:107E40000593C36E0693DDE9057BDDE9031CDDE9DF
:107E500001592B4B009E079374464FF00008079B77
:107E600053F8042B07934FEAF12383EAB11383EA13
:107E7000716A08AB53F828301A440AEB020327EA68
:107E8000010A01EA0C028AEA02021A444FEA743A31
:107E900086EA05035A448AEAB40A06EA050B234037
:107EA00083EA0B038AEAB45A08F101089A44B8F14C
:107EB000400F02EB0903BB465244A94619D1724454
:107EC0000265009A22444265019A32448265029A10
:107ED0002A44C265039A1A44049B02660B44436613
:107EE000059B63448366069B3B44C36649B0BDE87B
:107EF000F08F674635468C46264619461446AEE74F
:107F00000CCE070030B5E0B10F4A1049002400251F
:107F1000C0E91245C0E914120D4C0E4A0E4DC0E9DD
:107F200016420E4AC0E918520D4A826602F1745296
:107F3000A2F523020023A2F692420364C266184609
:107F400030BD0E20FCE700BF85AE67BB67E6096A5F
:107F500072F36E3C3AF54FA57F520E518C68059B2B
:107F6000ABD9831F70B5F0B1DAB900201CE00C4624
:107F70008D180026AC42F8D0036C14F8012BC254C3
:107F80000133402B0364F5D10146FFF71DFFD0E913
:107F9000123213F5007342F10002C0E91232066496
:107FA000E8E70029E3D10E2070BD70B50D461646F6
:107FB0000446002875D0002973D0026C8021372A2E
:107FC000815402F101034FF0000240D8382B39D11F
:107FD000D4E91201226C0823E3FB020103BAE36334
:107FE0000B0A84F83A300B0C84F839300B0EC4E9D4
:107FF000120184F83B1084F8383021462046FFF700
:10800000E3FE691E76B30023E26EDA4001F8012F29
:10801000A26EDA400A71626EDA400A72226EDA40AB
:108020000A73E26DDA400A74A26DDA400A75626D75
:10803000DA400A76226DDA400833202B0A77E3D142
:10804000002070BDE2540133C0E7E25401333F2BFE
:10805000FBD921462046FFF7B7FE3822002104F065
:1080600035FDB5E71823226DDA4001F8012F626D66
:10807000DA400A71A26DDA400A72E26DDA400A73E0
:10808000226EDA400A74626EDA400A75A26EDA4035
:108090000A76E26EDA40083B13F1080F0A77E2D164
:1080A000CEE70E20CDE743689B68184708B54368C4
:1080B00008305A7900F083F9002008BD2DE9F0411D
:1080C0000C469CB008461F460392FFF7ECFFD4F81D
:1080D0000480039998F80550BD4228BF3D460646E6
:1080E0002A4604A800F060F998F8052022990CA807
:1080F00000F065F900960CAB2A4604A904F10800CB
:1081000004F044FA002848F2425018BF00201CB086
:10811000BDE8F081024AD2F80034002BFBD0704752
:1081200000E001400A4908B50223C1F80435BFF355
:108130006F8FBFF34F8FC1F80805FFF7EBFF0023E8
:10814000C1F80435BFF36F8FBFF34F8F08BD00BF79
:1081500000E0014010B5094C0123C4F80435BFF319
:108160006F8FBFF34F8F0160FFF7D4FF0023C4F878
:108170000435BFF36F8FBFF34F8F10BD00E0014098
:108180000E4B10B50124C3F80445BFF36F8FBFF346
:108190004F8F01EB8204401AA14208D1074B002205
:1081A000C3F80425BFF36F8FBFF34F8F10BD431883
:1081B00051F8042B1A60FFF7ADFFEDE700E0014036
:1081C00028B139B10023C1E900301846704748F2A0
:1081D0001050704748F21350704738B1006848F2A9
:1081E0004053884214BF18460020704748F2105090
:1081F000704730B148F21153914214BF1846002025
:10820000704748F21050704770B506460C461D4640
:10821000FFF7D6FF50B9B3794AB1AB420AD1114644
:108220002046FFF743FF08B9044B236070BD48F2B6
:108230001050FBE748F21150F8E700BF7052464D6E
:108240002DE9F0470C4606460F492046DDE908892E
:1082500015461F46FFF7C1FFA0B963685A79494622
:1082600052004046FFF7C5FF60B94DB1CDF8208000
:108270003B462A4621463046BDE8F047FFF71EBF81
:1082800048F21050BDE8F0877052464D10B50446D4
:1082900038B149B141600B68984708B9044B236075
:1082A00010BD48F20150FBE748F21050F8E700BF5C
:1082B0006E524648F0B4134648B10768094EB742BB
:1082C0000AD161B12AB14368F0BC5B68184748F233
:1082D00001531846F0BC704748F20253F9E748F2E0
:1082E0001053F6E76E524648F0B460B107680C4E82
:1082F000B7420CD171B143681568DC68A5420CD354
:10830000F0BC9B68184748F20150F0BC704748F237
:108310000250FAE748F21350F7E748F21450F4E736
:108320006E524648F7B50446DDE9086715460193E5
:10833000FFF7ACFF68B9019A29462046FFF7BAFF5C
:1083400038B93A463146204603B0BDE8F040FFF761
:10835000CBBF03B0F0BD0000F8B50A4F0A4C0B4D7F
:10836000E41B0121E40829700026A64203D1022360
:108370002B700020F8BD57F8363098470028F9D107
:108380000136F2E7B4D20700B4D20700F02D002086
:1083900001390144814200D2704703780A7800F81D
:1083A000012B01F80139F5E7013A02440139824213
:1083B00000D2704711F8013F02F80139F7E770B5B4
:1083C00016460D46FFF7F0FF3246A9193044BDE8C6
:1083D0007040FFF7E9BF38B50D460446FFF7D8FFF8
:1083E00029466019BDE83840FFF7D2BFBFF34F8F71
:1083F0000549064BCA6802F4E0621343CB60BFF341
:108400004F8F00BFFDE700BF00ED00E00400FA055C
:10841000044A136801331360034B1B780BB100F05F
:10842000FFB87047FC2D0020F82D002010B5094C36
:1084300000F018F923785BB9074A137000F0B8F818
:10844000012323700549BDE81040A32000F0D6BBEE
:1084500010BD00BFF82D0020F12D00201184070071
:1084600008B5084B00221A7000F030F90649A32025
:1084700000F0C4FB054B1A68054B1A60054B01223E
:108480001A7008BDF82D002011840700FC2D002073
:10849000F42D0020F12D0020013870B5082823D8D4
:1084A000DFE800F00A0C23220522050E0C0011481B
:1084B000BDE87040FFF7BABF0F48F9E70F48F7E78C
:1084C00002F07AF80E4B1B787BB10E4E0E4D3468DD
:1084D0002B68E41A3B2C94BF0021012100F040F9E5
:1084E0003B2C01D933682B6070BDBDE87040FFF7AD
:1084F000B7BF00BF5DCF070058CF070062CF0700AE
:10850000F12D0020FC2D0020F42D002008B5FFF7F0
:108510006DFF08B5FFF76AFF08B500F089FC024857
:1085200000F0A6F9FFF762FF99840700F0B51B4B36
:108530001B4819781B4B1C4D5F5C0422012447FA31
:1085400002F6F60710F8013B1BD51F2B86BF03F080
:108550001F032E464FF0A04604FA03F3C6F80C356D
:10856000013AECD2114B5B5C1F2B86BF0E4903F026
:108570001F034FF0A041012202FA03F3C1F80835AE
:10858000F0BD1F2B86BF03F01F032E464FF0A04601
:1085900004FA03F3C6F80835E2E700BF052E002011
:1085A00067CF0700002E0020000300506CCF0700AB
:1085B00030B41748174D0022032410F8013B1F2B3D
:1085C00086BF03F01F0329464FF0A04103F5E07377
:1085D0000132052A41F82340EFD10F480D4D00220A
:1085E000032410F8013B1F2B86BF03F01F0329460D
:1085F0004FF0A04103F5E0730132052A41F8234012
:10860000EFD1064B00221A7030BCFFF78FBF00BFBE
:1086100067CF0700000300506CCF0700052E002035
:1086200010B40D4A0D4913780120C95C03441F2979
:10863000DBB28ABF0A4C4FF0A04401F01F01042BAB
:1086400000FA01F188BF0023C4F80C1513705DF81F
:10865000044BFFF76BBF00BF052E00206CCF070057
:108660000003005001460522014804F095B900BFFF
:10867000002E00201F2886BF054A00F01F004FF083
:10868000A042012303FA00F0C2F80805704700BFBA
:10869000000300500B4B185C1F288ABF0A4B4FF099
:1086A000A04300F01F01D3F8042598BF0146CA403B
:1086B000D20704D501228A40C3F80C257047FFF782
:1086C000D9BF00BF71CF070000030050F8B5204AA2
:1086D000204D214E002313602846032410F8012B5F
:1086E0001F2A86BF02F01F0231464FF0A04102F55B
:1086F000E0720133052B41F82240EFD1174C164FA1
:1087000020460022032610F8013B1F2B86BF03F0F2
:108710001F0339464FF0A04103F5E0730132052AEB
:1087200041F82360EFD1002115F8010BFFF7A2FFFC
:1087300001310529F8D1002114F8010BFFF79AFF48
:1087400001310529F8D1BDE8F8400020FFF7A2BFAC
:10875000082E002071CF07000003005076CF0700DD
:10876000F0B5164A164F1668DFF858C03446002593
:108770004FF0010E00EB8000642390FBF3F0A04269
:108780000BDCB042B8BF304605B11060A1B104287F
:1087900012DCBDE8F040FFF77DBFE35D1F2B8ABF11
:1087A00065464FF0A04503F01F030EFA03F3C5F82A
:1087B0000C3501340125E2E7F0BD00BF082E002092
:1087C00071CF070000030050007800F001007047EF
:1087D00041DF7047014B01221A7070472C32002094
:1087E000BFF34F8F0549064BCA6802F4E06213439A
:1087F000CB60BFF34F8F00BFFDE700BF00ED00E08F
:108800000400FA05024B034800221A7001F0F2BF7F
:108810002C320020E1870700042810B5044609D84F
:10882000022811D816D00D4B1B68B3B12046BDE805
:1088300010401847831F012BF5D8094B0948002227
:108840001A7001F0D7FFEEE707494FF4701000F0FF
:10885000A7F9E8E701F014FFE5E710BD303200208A
:108860002C320020E18707000588070000207047B0
:1088700038B5504B1860002001F0D2FF04460028A4
:1088800040F0928000F07EFA012800F088800228F3
:1088900000F08C80002840F087804FF08043D3F8B0
:1088A000004414F4803435D04FF48032C3F80024EF
:1088B0000446414D2B6A012B3FD04FF4701400F059
:1088C000F7FA3E4A20211820FEF7FEFD08B1FFF717
:1088D00020FE3B4B1A6802F0F802B02A06D11A6853
:1088E000D20742BF1A6802F04E021A60FFF7BEFFBD
:1088F000002859D12046334900F052F9324800F09F
:10890000E9FF002850D100F0F9FAFEF767FEFFF703
:108910005FFFF8E7D3F8202502F0F802A82A0AD171
:10892000D3F82025D10706D5D3F8202502F056022A
:10893000C3F82025BDE70124BBE743F204031A680E
:10894000224B9A4209D002F023F8AA69014694B159
:108950001F4802F07AFB90B9AFE76A6B1CB995F833
:108960006032012BEFD01B484FF4805102F06DFBB9
:108970000028E8D1A1E795F8A132012BE8D1104BEE
:108980001B6813F0B10F98D101F0AEFF60B9124B24
:108990001870124801F02EFF00F024F804E00E4B8E
:1089A0000F481C7001F026FF032038BD4FF4A024AF
:1089B00085E700BF30320020CC4E00200C2E002076
:1089C0001C0500400588070019880700DBE5B15148
:1089D0006D5100202C5100202C320020D58707003B
:1089E000E187070008B5074B4FF0FF32C3F880203E
:1089F000C3F8802101F060FCBDE808404FF48050CE
:108A000000F002B800E100E000B5EFF305830023B9
:108A1000D0E9001283F3148883F3108883F311885C
:108A200083F3138881F308884FF0FF339E46104785
:108A30005DF804FB00F1402000F50030002382B017
:108A4000036003680193019B02B0704738B56FF073
:108A50007F42134C057BD4F804358A4228BF0A466E
:108A6000891A13444A1E942A23F07F4305F5A872FD
:108A70009BBF963B96314160416044F82230094BE0
:108A80004FF4F86043F00103984705F1500080006F
:108A9000FFF7D0FF4FF48033AB40C4F8043338BD48
:108AA0000040024080CF070008B517490A7852BB42
:108AB0004FF080434FF48070D3F81834DB035EBF6F
:108AC000124B01221A60FFF7B5FF4FF4A070FFF7B9
:108AD000B1FF4FF4A270FFF7ADFF4FF4A470FFF7A2
:108AE000A9FF0B4B0B48A02283F8242310225A60C5
:108AF000094A0023C2F808350123036002201360ED
:108B0000C2F804030B7008BD383200200800004092
:108B100000E100E008400240004002402DE9F04141
:108B2000194B1B683BB1194A13684FF4827001332B
:108B30001360FFF77FFF164C164DDFF86080164E6E
:108B40004FF480372B68A5F5804080B25BB1FFF70A
:108B500071FF237B07FA03F3C8F80833616849B152
:108B60002046FFF773FF0435B54204F11004E9D144
:108B7000BDE8F081A16811B12046FFF767FF2368C7
:108B8000002BF0D09847EEE7044102403432002039
:108B9000EC2A0020404102404C410240004002408B
:108BA00070B50B4B1D682A7B4FF480339340094A04
:108BB0000E46C2F80833044640B1FFF775FF2E6039
:108BC00021462846BDE87040FFF740BF70BD00BF9A
:108BD0001C2B00200040024070B5074B1D680E465C
:108BE000A8600446FFF760FF2E6021462846BDE8D6
:108BF0007040FFF72BBF00BF242B002070B50E4B39
:108C00001C68237B4FF480329A400C4B0E46D3F8FD
:108C100004130A42054602D0A16881420BD0C3F872
:108C20000823A560FFF740FF266029462046BDE8DF
:108C30007040FFF70BBF70BD202B002000400240AA
:108C4000014B01221A7070473932002038B50F4BA2
:108C5000DA6A5D6A9C6CAC2A10D15B6B1C44ED1A1D
:108C60000B482A46214603F067FE68B100F046F93A
:108C700029462046BDE8384001F000BB002CEFD16A
:108C800001F09CFE0446EBE738BD00BFCC4E00204F
:108C9000007007002DE9F74F06468846A8EB060549
:108CA0002D0B02F6FF77144600F002F9802D28BF45
:108CB00080252B03DFF868B001933F0B0CB92346E6
:108CC00029E0BD422CBFBA46AA464FF000025146E9
:108CD000304634BFDDF80490A14601F0B7FA0346F0
:108CE000C8B909F1030222F003024146304601F0FF
:108CF0009FFA034678B9DBF830304B44CBF830307C
:108D000001F07EFDA7EB0A07A4EB09044E44C8441A
:108D100003460028D2D0184603B0BDE8F08F00BF4C
:108D2000CC4E002010B501F059FE154A42F2040362
:108D3000916CCC5803F1A34303F5471303F2D753C7
:108D40009C4218D1D2E90C32934216D0884204D109
:108D5000BDE81040002001F053BDD21A02F6FF72A8
:108D600022F47F6222F00F0219441844FFF792FFA9
:108D70000028EDD010BD0320FCE70020FAE700BF7B
:108D8000CC4E002070B5264CE36AAA2B37D005D80C
:108D9000012B0BD0A52B2ED0002070BDAC2BFBD10E
:108DA000FFF7C0FF48BBFFF751FF26E0A66C656ADE
:108DB00001F0EEFD864229D101F0EAFD00222946AC
:108DC000FEF776FCA36A984202BF0123C4E90703B9
:108DD000A5610025134801F0CFFD134B1348002275
:108DE0001A7001F00DFD68B975B1236A012B14BF2B
:108DF00001200220D1E7FFF795FF0125EAE7FFF701
:108E000025FFE6E70320C8E70120C6E7236BEA1A3F
:108E1000F1181844FFF73EFF0028DAD1CCE700BF75
:108E2000CC4E0020F04E002039320020418C07004B
:108E300008B540F6F8700368013302D10749FFF71F
:108E400089F940F6FC700368013305D1BDE808409C
:108E50004FF4FC21FFF77EB908BD00BF007007008A
:108E60000A4AD2F800347BB109480023D2F8081529
:108E7000D940C90748BF03F5C07103F1010348BFDA
:108E800042F82100072BF1D1704700BF00000140DC
:108E90003546526EFFF7E4BF044B002282B01A60E1
:108EA0001B680193019B02B0704700BF00010140A5
:108EB00038B50E4C2278BAB90D4BD3F800248AB1DC
:108EC000D3F80455FFF7CCFF40F61650A842B8BFC0
:108ED00028460849A0F54860FFF77EFE064B4FF490
:108EE00080321A600123237038BD00BF3A3200205F
:108EF00000000140958E070000E100E0034BD3F82D
:108F000000340BB1FFF7ACBF704700BF0000014059
:108F10000023C0E90232C0E900118B881A440261C3
:108F2000B1F906301A4442610888003818BF0120A0
:108F3000704710B5426811880346002939D002F104
:108F400010014160148A2CB9C2680168FFF7E0FF84
:108F5000204610BD9078118900F03004302C1BD1D0
:108F6000947C04F03004302C1DD190881969091AC2
:108F700019610021907810F0300F02BF986801301D
:108F80009860908A0844196901441961B2F9162061
:108F9000114459610120DCE700F0F004202C02D1DB
:108FA00050894143E6E700F0C000802808BF042153
:108FB000E0E70846CDE770B5466804460D466368AD
:108FC0001A88AA4204D19B7803F00F03082B07D11B
:108FD0002046FFF7AEFF6368B342F0D1002070BDBA
:108FE0000120FCE743681A44426011B101399A42FA
:108FF00001D10120704713F8010B01F8010FF6E7CA
:109000002DE9F34183680446884623B9002630469B
:1090100002B0BDE8F081036801220DF10701984715
:1090200006460028F2D0A3689DF80750013BA360D4
:109030009DF90730002B1ADA05F07F050727A36892
:10904000002BE3D0236801220DF107012046984749
:109050000028DBD0A3689DF80720013BA36002F045
:109060007F03BB401D43130607F1070702D4C8F86E
:109070000050CCE7232FE2D1C8E770B54268927860
:1090800002F00F01082986B003461FD103691C684E
:1090900000260CB906B070BD236826739D6862680F
:1090A00029466846FFF734FF6368049304F10C0314
:1090B0000593AB7803F0C003802B08BF231D6846DF
:1090C00008BF0493FFF7D9FFA468E2E712F0C001DC
:1090D00020D102F0300010280ED15A6911705A6860
:1090E00018699378D46803F00F03072B09D1014660
:1090F000204600F017F8CDE79006F0D55B6919809F
:10910000C8E71289214614B103F046FCC2E703F018
:10911000DDFCBFE78029BDD1006900219206016016
:10912000B8D5EBE77FB50A4601466846FFF7F0FE83
:1091300030B16846FFF7A1FF6846FFF7FAFEF7E790
:1091400007B05DF804FB000030B5044685B0154655
:10915000A9B90268114B9A4211D0102D06D82A469F
:1091600069462046FFF7F0FF05B030BD1022694682
:109170002046FFF7E9FF0028F6D0103DEDE7A36891
:10918000AB4201D20020EFE723682A4620469847E9
:109190000028F7D0A268521BA260E5E7E58F070020
:1091A000F7B50E4601A907461546FFF729FFA8B1F6
:1091B000019A0123D3184FF0000404D2B17801F0D2
:1091C000C001802901D1204608E031899942FAD3B3
:1091D00029463846FFF7B8FF019BEC5403B0F0BDB9
:1091E00073B50D4601A906461446FFF709FF98B16D
:1091F000019AB2F5803F11D2AB7803F0C003802B07
:1092000002F102010AD02B898B4207D32146304656
:1092100021F8022BFFF798FF02B070BD0020FBE79A
:1092200010B5034C82600022C0E90041C26010BD4D
:10923000E58F07002DE9F341002604460F46B046AE
:109240003546A3682BB3236801220DF107012046A0
:109250009847F0B1A3689DF807C0013B0CF07F026E
:10926000C5F12001A360A5F1200302FA03F322FA5D
:1092700001F10B43AA401CF0800F46EA020643EAC4
:10928000080805F1070502D1C7E9006802E0462D8C
:10929000D7D1002002B0BDE8F08173B50C46694615
:1092A0001646FFF7C7FF68B12389082B0CD1DDE90B
:1092B0000045C6E90045DDE90023AB4206BFA242F6
:1092C0000120002002B070BD042B04D1009B33604C
:1092D0001C460025EFE7022B4FF0000004D1009B55
:1092E00033809CB20546E6E7012BEBD1009B33703F
:1092F00003F0FF04F6E737B50D4669461446FFF75D
:1093000099FF30B12A89082ADDE9003103D1C4E987
:10931000003103B030BD042A18464FEAE37108D18A
:1093200023601A460B468B4206BF82420120002072
:10933000EFE7022A04D11BB223801AB2D317F2E757
:10934000012A03D15BB223705AB2F7E70020E0E7AD
:10935000F7B51F4600233B700D460B70136001A943
:1093600004461646FFF74CFE30B9A36813B9012333
:109370003B70002003B0F0BD019C002CF7D0E30847
:1093800004F0070433602C70F4E713B50446052994
:109390001FD8DFE801F0030F151E1E1C012201A9D2
:1093A0002046FFF7D1FE18B19DF90430002BF5DB04
:1093B00002B010BD082200212046FFF7C5FEF7E7E6
:1093C00001A9FFF71DFE0028F2D0019AF3E704225D
:1093D000F1E70020ECE773B50D4601A90446FFF75D
:1093E0000FFE064618B90026304602B070BD94E85C
:1093F0000F0085E80F0001998A42F4D3A960A368A1
:109400005B1AA360F0E700002DE9F0435768BB78D2
:1094100013F0C00489B006468C46154603D0402C94
:109420006AD000240CE003F00F025F4903F0300320
:10943000202B51F8228026D006D8CBB1102B1CD07F
:10944000204609B0BDE8F083302BF9D16B6939882B
:109450001980072A0AD16B6828691A89214603F006
:1094600035FB6B682969D868FFF75CFE2A6940E024
:109470002A693946C0470446E2E76B6901221A703F
:109480002A696968F6E7BCF1020FD5F8149024D177
:10949000042A22D804A9FFF79EFF04460028C0D062
:1094A000069B2BB16968B9F800304A899A4205D801
:1094B000059B7360069B002BC2D0B2E708892A691E
:1094C00003FB002204A8C04728B1B9F800300133DB
:1094D000A9F80030E4E70446EAE7B9F800307A89F1
:1094E0009A429ED92A693989581CA9F8000003FBC1
:1094F000012269683046BDE7D2F81080474657F828
:10950000043B13B9FFF741FFB5E7022914D104A9C1
:10951000FFF761FF002884D0D8F8003069683A4628
:1095200004A89847044600283FF47BAF069B002B15
:10953000F2D1059B736083E7012925D005292BD043
:1095400000297FF46EAF0C460DF1040901340B2C99
:109550003FF467AF012249463046FFF7F5FD00288A
:109560003FF45FAF19F9013B002BEFDB0F4B049386
:1095700001ABCDE9053400230793D8F800306968C2
:109580003A4604A8984776E7082201A9FFF7DCFDD0
:1095900008240028EAD144E704220DEB0201FFF77A
:1095A000D3FD0424F5E700BF88CF0700E58F07004F
:1095B0002DE9F04F91B00446002604A8CDE90266DB
:1095C000FFF7A6FCA3683BBBDDE9053404A89D7842
:1095D000FFF7AFFC0028F7D115F0300F03D1059B42
:1095E0001B8803B10134002C00F0A980630900221C
:1095F00002A9934240F09C8010AA02EB830304F07E
:109600001F0453F8383CC4F120044FF0FF30E04011
:10961000C31A584258410DE00DF1030301AA0DF1A0
:1096200002012046FFF794FE38B99DF80330002B65
:10963000CAD1002011B0BDE8F08F019904A8FFF74E
:10964000BAFC002850D1019BB3427DD3059D059AF9
:10965000937803F00F03082B7FD004A8FFF769FC71
:10966000059B9D42F3D14FF0FF36019FB7426BD36C
:10967000089B9DF802A0D4F808801D684FF00109EE
:10968000A368002D5DD098459CD12B68D3F800B01D
:10969000BBF1000F08D053463A4629462046D8472A
:1096A0000028C6D0AD68EBE7D3F808B0BBF80030AF
:1096B0009F42F7D16A6859460AA8FFF729FC6B68F0
:1096C0000E9305F10C030F939BF8023003F0C003D7
:1096D000802B04BF2B1D0E930AAA85F80C905146CF
:1096E0002046FFF791FEDBE7059B9B7813F0300FD8
:1096F0000FD1069A3F2A0CD8510910AB03EB810118
:1097000002F01F020123934051F8382C134341F813
:10971000383CE5682DB19DF80220019904AB204644
:10972000A8479DF8021004AA2046FFF76DFE10E03E
:1097300051F8225001357FF47DAF013259E7012005
:1097400078E798457FF43EAF9DF802102046FFF77A
:109750001CFE00287FF436AF6BE7168885E737B527
:109760000C460546114620460192FFF7DBFC019AA4
:109770002146284603B0BDE83040FFF719BF70B559
:1097800086B0CE6801920C4602A90546FFF723FE7B
:1097900068B1E06858B1A378019A03F03003202B38
:1097A000314602A805D1FFF7DAFF039B6B6006B0D4
:1097B00070BDFFF7FDFEF8E7D3B50C466946FFF72D
:1097C00039FD80B1DDE9001300274A0801F00106E8
:1097D00042EAC37256EA07014FEA53031CBFD24361
:1097E000DB43C4E9002302B0D0BD37B50D4669465E
:1097F0001446FFF7E1FF68B12B89082B0CD1DDE996
:109800000001C4E90001DDE900238B4206BF82426A
:109810000120002003B030BD042B03D1009820604C
:10982000C117F0E7022B04D1BDF90000208000B27F
:10983000F6E7012B04D19DF90000207040B2EFE75C
:109840000020E7E713B504220C460DEB0201FFF7F9
:109850007BFC08B1019B236002B010BD1146FFF7ED
:10986000F1BF13B508220C466946FFF76DFC18B12D
:10987000DDE90023C4E9002302B010BD1146FFF763
:10988000F0BF10B513681F2B144607D9002208300B
:10989000FEF78BFB08B92023236010BD48F214505B
:1098A000FBE70830FEF75EBB0830FEF72BBB00007D
:1098B000831F012B10B5044602D8002001F044F8A4
:1098C000034B1B681BB12046BDE81040184710BD74
:1098D0003C32002008B5074B18600020FFF7E8FF76
:1098E000054801F019F820B9BDE80840024800F029
:1098F0007BBE08BD3C320020B19807006EDF704788
:109900006FDF704772DF704773DF704774DF704737
:1099100075DF704776DF70477ADF70477CDF70470E
:109920007DDF70477FDF704786DF70478FDF7047CE
:1099300090DF7047A8DF7047AADF7047ADDF704740
:10994000AEDF7047AFDF7047B0DF7047B1DF704701
:10995000B5DF704762DF704766DF704713DF70471F
:109960007FB50023CDF80B308DF80F300A4BADF8E2
:1099700006109B89ADF8083001238DF80A300DF1EF
:109980000603CDE90430054B02A91888FFF7D8FF7C
:1099900007B05DF804FB00BF8E4200202A2B002098
:1099A00001460148FDF7A5BFBCD2070070B51822DB
:1099B0008CB00DEB0200002103F088F801238DF834
:1099C00018308DF82D30324B1B7828220892002B4E
:1099D0005CD0304B02AA03F110061546186859688E
:1099E000144603C40833B3422246F7D12A4C10224E
:1099F0002946204602F0A0FF002847D002238DF818
:109A00002C30012104F110036846CDE90034FFF742
:109A100075FF0122002101A8FFF772FF04231F4CEC
:109A200002941622A37003230926ADF80420E370E4
:109A300000225923CDE903220592012502226371F8
:109A400001A9FE23A019ADF80C6022706570227187
:109A5000A371FFF765FFB8B9BDF8043026725A1933
:109A6000E271BDF80C200E4C134402A906AA204650
:109A7000ADF80C30FFF746FF30B92078FFF746FF0E
:109A800020782946FFF740FF0CB070BD0623C6E7DB
:109A90000C43002080D10700D0420020A2420020C9
:109AA000282B00202DE9F0410388232B8AB004469F
:109AB00036D80F2B05D8012B00F0EB800AB0BDE89B
:109AC000F081103B132BF9D801A252F823F000BF0C
:109AD000519B07006D9B0700BD9A07003D9C070046
:109AE0008F9D0700BD9A0700BD9A0700BD9A070029
:109AF000BD9A0700BD9A0700E99D0700BD9A0700BF
:109B0000BD9A0700BD9A0700BD9A0700BD9A0700DD
:109B1000BD9A07006F9C0700BD9A07002D9C0700A7
:109B2000503B9AB2062AC9D8062BC7D801A252F8D0
:109B300023F000BF959B07009F9C0700E99D07004D
:109B4000BD9A0700BD9A0700ED9B07007F9C0700A8
:109B5000984B82881A80984A12681C460AB10120E4
:109B6000904796492088FFF7D3FEA7E7914B4FF621
:109B7000FF721A80924B1B685A0704D4FFF716FF36
:109B800008B1FEF7C6FC8C4B1B68002B96D0022058
:109B9000984793E78B4EE288B3889A428ED18A48E1
:109BA000FDF781FE0546002888D0228A04F11201C3
:109BB00002F0F2FE1822002104A802F087FF082319
:109BC0008DF81030814B0693814B0596CDE9073512
:109BD00004A8238AADF8243000F0FCFC00283FF4F0
:109BE0006DAF79482946FDF784FE67E7E188F629DD
:109BF0001AD8CB1E9B070DD0CB1F9BB2013B5A42FC
:109C000002F0030203F0030301F1FF3158BF534296
:109C1000C91A89B2674B1888FFF79AFE00283FF4EB
:109C20004DAFFEF776FC49E7F721F3E7002204A9E0
:109C30008088CDE90422FFF77BFEEFE700235D4C2F
:109C4000ADF812300223ADF81030208802AB04AA20
:109C500042F605210593FFF771FE08B1FEF759FCA6
:109C6000002320881A468521FFF75CFED6E70023F3
:109C700004A98088ADF81030FFF758FECEE7A3792D
:109C8000002B7FF41BAF4B4B13211888FFF742FECC
:109C9000C4E7484B00211888FFF75EFEBEE7A379B2
:109CA000002B3FF40BAF022B7FF408AF454920890E
:109CB0008A8990420E467FF401AFA27B012A7FF48D
:109CC000FDAE00220120CDE904228DF81600208A85
:109CD000384DADF81800608AADF81A0004F1140090
:109CE0000790ADF80A20098A28888DF8103001AF56
:109CF00002AAADF808300397FFF720FEA84660B926
:109D00003846FEF761FD40B940F2FD132888ADF8F2
:109D1000143004A9FFF718FED0E6002304A9B8F810
:109D20000000ADF81430FFF70FFE014600287FF465
:109D3000C5AE182204A802F0C9FE237D234A8DF87F
:109D40001030022B0596069218D0062B10D0012B4E
:109D500010D1204B1A88204B1A80637DD4F816202E
:109D60000893012B099205D11C4800F0EDFD01E09C
:109D7000637D089304A800F02DFC9FE6A27D637D1F
:109D800043EA0223134A1380134A1380F2E7144B69
:109D90001A7862B11349028ACB8D9A4201F104020A
:109DA00005D11C31A0880023FFF7BEFD36E7002156
:109DB000F8E700BF2A2B0020C8420020A6D10700E8
:109DC000C44200208E420020BCD20700BD9E070086
:109DD000A19907000E43002010430020B4D20700D1
:109DE0000C430020CC420020174B1B7833B3174B99
:109DF00017491C88082201232046FFF7A7FD0028E9
:109E00007FF40FAF0246014602232046FFF79EFD76
:109E100000287FF406AF0F4B4FF6FF7219882046DB
:109E2000FFF790FD43F2020398423FF447AE082843
:109E30003FF444AE11287FF4F1AE3FE6A0881A4605
:109E40001946FFF783FDE9E60C4300202A2B00208A
:109E5000044300208E42002038B5134A1368D90706
:109E600001D4002038BD11498842FAD01049088831
:109E70004FF6FF71884211D043F0040313211360A1
:109E8000FFF748FD0028EDD10A4DC82445F0010533
:109E90004FF47A40A847013CFAD1E2E7064B187824
:109EA000BDE83840FFF732BDC4420020B4D20700FD
:109EB0002A2B0020A0D10700282B002010B5044633
:109EC00086B000210D2202A8019102F0FFFD237847
:109ED000082B0BD1364A374913880988013B9BB2BE
:109EE0001380D9B1D3B9032311802370627823780A
:109EF0008DF805306021012A8DF804108DF80620B8
:109F00000ED00B2A12D100F0AFF98DF80700002017
:109F100000F0A4F9042101A8FFF722FD06B010BD4E
:109F2000062B05D0082B29D0032B27D00321F2E7DD
:109F3000E1688DF80710D4E90123080A8DF80800BC
:109F4000080C090E8DF80A10110A8DF80B208DF8F7
:109F50000C10110C120E8DF80E201A0A8DF80F300D
:109F60008DF810201A0C1B0E8DF80D108DF80900BD
:109F70008DF811208DF812300F21CCE7D4E90123A0
:109F8000110A8DF807208DF80810110C120E8DF8AB
:109F90000A201A0A8DF80B308DF80C201A0C1B0EB3
:109FA0008DF809108DF80D208DF80E300B21B2E7D9
:109FB000104300200E4300202DE9F0414D4B94B09A
:109FC00005464FF6FF721A8001204FF659632A4664
:109FD00002A98DF80A00ADF80830FFF7ABFC044683
:109FE000002840F08380444B04AA03F11007164672
:109FF00018685968144603C40833BB422246F7D197
:10A00000A91C3046FFF7A6FC044600286ED11C228E
:10A0100001460DA802F05AFD04F0F8029DF8343014
:10A02000ADF8044042F003028DF80620F42243F01C
:10A030000403CDE90A44ADF82C20304A8DF83430C1
:10A040000223ADF80C3092F80080AB788DF80E301A
:10A0500001AE212303AFCDE908768DF805300C94CD
:10A06000B8F1000F04D1012262F307138DF8053017
:10A070002B4608AA33F8040B0DA9FFF75DFC044634
:10A08000A0BB01461C220DA802F020FD9DF8343033
:10A09000ADF8044023F0180343F0180304F0E8027D
:10A0A00042F013028DF83430AB788DF80E30012178
:10A0B00021238DF806201722CDE90A44CDE9087640
:10A0C000ADF80C108DF805300C94ADF82C20B8F1DB
:10A0D000000F03D161F307138DF805302B4608AA52
:10A0E00033F80C0B0DA9FFF727FC0446204614B0EB
:10A0F000BDE8F0812A2B002090D107000C430020FE
:10A1000073B5354D2B6813F0010403D000242046AD
:10A1100002B070BD314E30603148FDF7ADFB0194A7
:10A1200000F0BDF804460028F1D12E48FFF716FCD8
:10A1300004460028EBD101F059FA04460028E6D184
:10A1400001A801F021FB04460028E0D101A901206B
:10A1500001F024FB04460028D9D101A801F082FBBC
:10A1600004460028D3D100F093FB1F4B002830D0C9
:10A170001E4A126A012A2CD11D481A7000F07CFB7D
:10A1800011231C488DF8043002F0FAFC194982B200
:10A1900001A8FFF7C3FB04460028B8D11648FFF713
:10A1A000BBFB04460028B2D11448FFF705FF044664
:10A1B0000028ACD1FFF7FAFB04460028A7D12B6892
:10A1C00043F001032B603368002B9FD00920984790
:10A1D0009DE700221A70D3E7C4420020C842002045
:10A1E000BCD20700007007000C430020CC4E0020BA
:10A1F000CC42002078D10700A6D107008E42002073
:10A2000043690BB1C06818477047000010B4054996
:10A21000054C0022904218BF214604485DF8044BCB
:10A22000FDF781BBC0CD0700ECCD0700A02B0020BF
:10A2300007B5009313460A4601460348FDF777FB2E
:10A2400003B05DF804FB00BFA02B002013460A46B4
:10A2500001460148FDF772BBA02B0020014B18708E
:10A260000B20704712430020024B002218781A700E
:10A27000704700BF1243002018DF704730B585B02B
:10A28000054610220C466846002102F01FFCA40877
:10A29000684601950294FFF7EFFF05B030BD1FB58A
:10A2A0000023CDE901330393684602230093FFF7AF
:10A2B000E3FF05B05DF804FB4FF000534FF480520C
:10A2C0001A60002070470000014B06201B681847E9
:10A2D0001C4300200A2803D90B38C0B2FFF7BEBFC9
:10A2E0007047000010B5044686B00020FDF72EFB35
:10A2F000014630B1164A18212046FDF709F906B08B
:10A3000010BD1822684602F0E1FB0423114A8DF8C3
:10A310000030114B116D1B68994211D10F4B186819
:10A3200000F0F4FF8DF80100FFF7D4FFD4E901132A
:10A330008DF8010068469847094800F061FADEE7A9
:10A3400001238DF801306846D4E901139847D6E718
:10A35000E5A20700CC4E0020144300201843002043
:10A36000C9A20700F0B5044687B01822002168464C
:10A3700002F0ACFB22788DF8002001238DF801302B
:10A38000531E0B2B00F20C81DFE813F01100330099
:10A39000110011000A0111000A0111000A010A014D
:10A3A0000A010C007F4B1B680720984721E0062A12
:10A3B0007D4901D0012A01D122690A700A78012A57
:10A3C00004D0022A51D000230B7094E0072B10D840
:10A3D000DFE803F0040F452F0F420F1C714B0320E1
:10A3E0001B689847606900F06BFDFFF773FF8DF8FD
:10A3F0000100D4E90113684698479DF80130012B0C
:10A4000000F0C380674B05201B68BDE0A18A20696E
:10A4100000F06EFDFFF75EFF644B8DF80100DA6B14
:10A420001B6C0293E3680192002BE2D020699847ED
:10A43000DFE75F495F4800F0A7FDFFF74BFF01280A
:10A440008DF80100D5D1002000F0DAF90028D0D035
:10A450000A238DF80130CCE74FF400730393534B7C
:10A46000DA6B1B6C01920293C3E7072BC1D801A2E0
:10A4700052F823F095A40700F3A3070059A507009D
:10A4800065A50700F3A307008FA50700F3A3070046
:10A49000FBA4070000F04CFD08B90823D9E7626966
:10A4A0000AB90323D5E7C2F30B0333B13F4B40494D
:10A4B0005B6D096813448B42F3D1B2F5805F01D91B
:10A4C0000423C6E7394B3A49586D096815188D427F
:10A4D000E3D85A64DA6C9A6418651863354B61697D
:10A4E0001B6801F6FF710022090B1844FFF7AEFE4E
:10A4F00000283FF47EAF0523ABE700F019FD0028EC
:10A50000CBD02A4DA18AD5E914329B1A6A6C0B4430
:10A510009342C6D8274B2F6B1B68206905F1480270
:10A520001F44FDF7C5F8E368A28A2169064638464C
:10A53000FFF77EFE08B1E36878E7A28A2B6B13442D
:10A540002B63A38A2A6DAE641344CDE901362B65D3
:10A55000144B08201B6828E7144B9A6C1B6D029261
:10A56000019346E7114BD3E91402596C821A8A42CF
:10A5700093D19A6C5865002120465964DA64FFF73C
:10A58000B1FE084B1B680420984707B0F0BD074B8D
:10A590009A6C1B6D01934FF480530292039328E74A
:10A5A000022356E71C4300202C2B0020CC4E002019
:10A5B0001443002018430020044B054A186D6423FF
:10A5C00043431068B3FBF0F0704700BFCC4E00204F
:10A5D0001443002083681BB1024A1821FCF798BF7E
:10A5E0000720704765A3070038B50546C0B10120B4
:10A5F000FFF70CFE044648B900F054FC00F098FC4C
:10A6000030B9084B00201D60FFF728FE204638BDFA
:10A610000549064800F0B8FC0128F2D00324F5E70C
:10A620000724F3E71C4300201443002018430020B4
:10A630002DE9F04115464FF46072064688461F46E4
:10A6400002F07AF928B915B90020BDE8F081A847D1
:10A65000FAE7002201213046FFF7F8FD70B94FF408
:10A6600060724146384602F097F92B464FF460720B
:10A6700039463046FFF7DCFD0028E5D00320E4E74B
:10A680002DE9F0413D4C236801335CD00022582174
:10A69000201DFDF70DF8D4F80080A8EB0002D2F1E0
:10A6A000000848EB0208364D364E2F683B680133F0
:10A6B0005ED000225821381DFCF7FAFF3B68834228
:10A6C00044D17C68012C0AD00022C32107F5187000
:10A6D000FCF7EEFFD7F85C42231A5C425C41B8F10C
:10A6E000000F35D0254927484FF4607202F054F925
:10A6F00064B1296824485422043102F04DF92968D4
:10A7000022484FF432725C3102F046F97468012C31
:10A710002CD11F49402201F5E47002F03DF91D499A
:10A720001C2201F5E47002F037F91B4986F8A142BA
:10A730000023042201F2862086F8603286F8E23295
:10A7400002F02AF910E04FF00008ACE70024C6E759
:10A7500024B129680B484FF46072D5E709484FF4DB
:10A760006072002102F0B2F902237360BDE8F0814B
:10A77000B8F1000FF2D00024B4E700BF00F00700EA
:10A78000302B0020CC4E0020D04E0020284F00203F
:10A790002850002068500020E84E002070B50D4C75
:10A7A0000546002258212046FCF782FF002244F88B
:10A7B000040CC32104F51770FCF77AFF261FC4F8B8
:10A7C00058022A463146044B0448BDE87040FFF762
:10A7D0002FBF00BFD04E00202043002000F0070014
:10A7E00002460248024B0068FFF722BF302B0020D0
:10A7F000A04600200149FFF7F3BF00BF00F00700AB
:10A8000038B505460020FFF7C9FF044618B90349CB
:10A810002846FFF7E5FF204638BD00BFCC4E00209C
:10A8200010B5FFF7F3FC044628B9FFF729FF2046CF
:10A83000FFF7E6FF00B1032010BD29DF70470000DD
:10A8400038B50C4D0446D5F8243378B101330FD117
:10A8500000223C210430FCF72BFF2060214605F547
:10A8600049701022BDE83840FFF7E7BF0E2038BD21
:10A870000820FCE700F0070008B528B10349402292
:10A8800002F08AF8002008BD0E20FCE724F3070040
:10A8900010B5064C00223C212046FCF709FF54F875
:10A8A000043C1B1A5842584110BD00BF28F3070052
:10A8B00038B50C4D0446D5F8643378B101330FD167
:10A8C000002218210430FCF7F3FE2060214605F534
:10A8D00059700722BDE83840FFF7AFBF0E2038BDE2
:10A8E0000820FCE700F0070010B50A4CD4F8243328
:10A8F000D4F864231340013309D04FF4FE20FDF750
:10A9000011FCC92221464FF4FE20FDF739FC00203E
:10A9100010BD00BFCC4E0020F8B5094E094CA41B59
:10A920000746E4080025A54201D10020F8BD56F8ED
:10A930003530384698470028F8D10135F3E700BF95
:10A94000B4D20700BCD20700F8B5094E094CA41BCD
:10A950000746E40800250436A54201D10020F8BDD1
:10A9600056F83530384698470028F8D10135F3E7D6
:10A97000B4D20700BCD2070008B50C22002102F0B7
:10A98000A5F8024B00221A6308BD00BFCC4E002080
:10A9900043F204031A68084B9A4201BF43F20803CA
:10A9A000186800F6FF7020F47F600CBF20F00F00E5
:10A9B0004FF48050704700BFDBE5B15108B5FFF799
:10A9C000E7FF054B9B69184400F6FF7020F47F6099
:10A9D00020F00F0008BD00BFCC4E00204FF4805087
:10A9E000704700002DE9F74F0193244BDFF894B036
:10A9F0001B6ADFF894900093054616464FF0000856
:10AA000043F2040AB8F1010F5FFA88F714D0022F5D
:10AA10001FD0FFF7D3FF6EB1009B013B5C425C414E
:10AA2000A9EB0000A84200D3F9B1B4B1A8421CD2EE
:10AA300004201FE03446F3E7FFF7AAFF019B33B978
:10AA4000DAF80040B4EB0B0418BF0124E8E74446F1
:10AA5000E6E701244FF48050E2E708F10108B8F17D
:10AA6000030FCFD1A842E3D300E017B10448FFF7AA
:10AA700083FF002003B0BDE8F08F00BFCC4E002064
:10AA8000E44E0020DBE5B1510040070090F855206E
:10AA900012F0FB0F07D190F8643023B1836ECBB175
:10AAA0000B600120704712F0010303D090F856307C
:10AAB00003B1836D9207F2D590F85C20002AEED0A6
:10AAC000054A006EC2F5FC22904201D80344E6E735
:10AAD000042070470F2070470070070010B5084C25
:10AAE0004FF40072FF21204601F0F0FF20220021E8
:10AAF000A4F1240001F0EAFF002344F82C3C10BD2F
:10AB0000284F00202DE9F0475A495B48DFF888813B
:10AB1000DFF88891DFF888A1584C92B00C2201F040
:10AB20000BFF064600284CD15349382204A801F0F7
:10AB300033FF4FF447723146204688F80060C9F869
:10AB40000060CAF8006001F0C1FF079D012D58D1D7
:10AB50004FF48073A3803423636143F20C0384F8C1
:10AB60006C612570A5712572E560257425831B88AD
:10AB7000E361089B2367032384F87630099BA4F8DC
:10AB80005C5084F85E50266684F86450A66684F8AB
:10AB90006C5084F87450A4F8783020220AA904F18B
:10ABA0007A0001F0F9FEA4F89A50A4F89C5084F8B9
:10ABB0009E60A4F8A06088F800500834304B1C60F8
:10ABC00020E03049304E8A6B6F465C313846FEF7E4
:10ABD00027FB97E80F0086E80F0000212B4B88F831
:10ABE00000104FF447722046C9F80010CAF8001050
:10ABF000F36001F06BFF264922463046FEF7AFFDB9
:10AC000020B90025284612B0BDE8F08798F800501A
:10AC1000002DF6D094F86C3194F800801BB3B8F195
:10AC2000000FEED194F87231002BEAD0DAF8002050
:10AC3000D9F800103846FEF7F3FA97E80F0086E8D7
:10AC40000F004FF4B272414604F5BA7001F03EFFB6
:10AC5000104904F5BA723046FEF781FD0028D0D0C5
:10AC600004F5BA74AAE7B8F1000FCAD0A379002B93
:10AC7000A3D1C6E7AED10700284F0020504A0020DC
:10AC8000284E0020CC4E00206C4D0020A5AC0700C3
:10AC900008D1070054D007004C4A0020484A002041
:10ACA000444A002030B55B68DA680D4B9A4208D1FF
:10ACB0000C490A6812B90C4A14681CB10B4B0022EB
:10ACC0001A7030BDD0E90134181913F9015B002D59
:10ACD000A0EB0304F9DB0B601460044B0122EFE7E7
:10ACE00054D00700484A0020444A00204C4A002023
:10ACF00010B543F2040319491C688C4202462BD05C
:10AD000042F20403C358581A434243418C42184646
:10AD100021D142F20403D358A3421CD14FF4405333
:10AD200002F500511B780978142B81BF43F21403FC
:10AD30000B481B68B3FBF0F398BF0023142989BFAD
:10AD400042F2140100205058054A88BFB0FBF2F0CF
:10AD5000181A18BF012010BD0023D7E7DBE5B15159
:10AD600040420F0000B591B0FDF7F6FA6846084979
:10AD70002022FDF724FB6A46064907484023FDF7D9
:10AD800043FA064B01221A7011B05DF804FB00BFB4
:10AD900018CF07007C4D00200CCF0700204A002070
:10ADA000F0B5A3B007460D4614461E467822202370
:10ADB000002104A8029301F089FE00230393194B9C
:10ADC0001B780BB9FFF7CEFF2DB337BB02AB164F85
:10ADD00001931649289B0097324604A8FDF7A2FA72
:10ADE000E8B9402C1BD1124E22462946304601F0CC
:10ADF000D3FD20213046FDF7EEFACDE90064029B39
:10AE00000C493A4603A8FDF71BFA00280CBF0120A5
:10AE1000052023B0F0BD1320FBE71620F9E70A2038
:10AE2000F7E700BF204A0020C44D0020ACCF070048
:10AE3000E44D00207C4D0020F0B5ABB004460D463B
:10AE400016461F467822202300210CA8039301F008
:10AE50003DFE114B1B780BB9FFF784FF2FB1214644
:10AE6000202204A8FDF7A0FA04AC03AB0B4F01931A
:10AE70000B49009733462A460CA8FDF753FA48B908
:10AE800020222146384601F057FDB0FA80F04009F3
:10AE90002BB0F0BD0020FBE7204A0020214A002013
:10AEA000ACCF070008B5044B986B08B1FFF72AFE3A
:10AEB000024B187008BD00BFCC4E0020244E00206D
:10AEC00010B5044658B1B0F5007F0AD8064B0022F1
:10AED0001A70FFF703FE054B01209C6310BD032091
:10AEE000FCE70420FAE700BF244E0020CC4E0020EF
:10AEF00070B50E4C0646E06BA36B42189A420D46A5
:10AF000011D85C300A462044314601F045FDE36B20
:10AF100004F140022B4429463046E363FCF7C8FBAA
:10AF20002064012070BD0320FCE700BFCC4E002050
:10AF3000014B1878704700BF244E002013B50F4C0A
:10AF400094F86C31B3B10E4B1B6800930D4BB4F801
:10AF5000DA221B6894F8D80204F53771FFF720FF56
:10AF6000012809D104F5B874201D02B0BDE81040D5
:10AF700000F0D0B90434F7E702B010BD504A002009
:10AF8000444A0020484A00202DE9F843DFF8888031
:10AF9000D8E90E329A4206460D4637D1DFF87C904A
:10AFA00099F800704FB1FFF709FD1A4B3060294640
:10AFB0001868BDE8F843FFF769BDFFF7A3FD38B394
:10AFC000FFF7BCFF0128376004462F601BD1114BEF
:10AFD00029461868FFF75AFD0128044613D198F84E
:10AFE000A112B1FA81F103463A4628684909FFF7F0
:10AFF000F9FC38B9FFF7E2FC89F8004030602046E0
:10B00000BDE8F8830424FFF769FDF8E70824F6E7B4
:10B010000524F4E7284E0020CC4E0020244E0020CA
:10B0200010B490F86C305BB190F86E404CB1B0F851
:10B03000704034B15DF8044B01237230FFF7FCBE61
:10B04000012318465DF8044B704713B504460846C3
:10B0500023781146032B03D8DFE803F021050F18EE
:10B06000002002B010BD0022D4F80140FCF720FB04
:10B07000844214BF00200120F3E70A460023014662
:10B08000601C02B0BDE81040FFF7D6BE0091034639
:10B090004022611C0020FFF783FE0128E9E7012020
:10B0A000DFE700002DE9F041A2B004460D46164648
:10B0B000002178221F4604A8202303939DF8A08036
:10B0C00001F004FD41220021204601F0FFFCB5F80B
:10B0D00094300BB195F8968084F80080B8F1030F96
:10B0E0001ED8DFE808F00902111F00223946304659
:10B0F000FCF7DEFAC4F801003A4631462046FFF775
:10B10000A4FF22B0BDE8F08103AB0193631C009360
:10B1100008493B46324604A8FDF704F90028EBD065
:10B120000020EEE7B5F8982005F19A01601C01F0C7
:10B1300033FCE1E7ACCF07002DE9F0476D4B1D680C
:10B14000A4B004460F4690460A4601462846FFF73B
:10B1500067FF002800F0CC8095F855601EBB4FF0CB
:10B160000109CDF800903B462246294613A8FFF777
:10B1700099FF00287FD0B8F1000F6DD041225E48C2
:10B1800013A901F009FC5D4BC3F82C901E626A689C
:10B190009A60002239462046FCF78AFA574B01256F
:10B1A000C3E909709FE04122002102A801F08EFC52
:10B1B00006F001094122002113A806F0020601F061
:10B1C00085FCB9F1000F4BD042F20403E15803F1C2
:10B1D000A34303F5471303F2D75399424BD1D5F854
:10B1E00058A00AF5FF520AF6FF73C3F30B031F3290
:10B1F000D21A42F20803E35893423CD343F20403C9
:10B200001B688B4213D14FF440531B78102B8ABF1D
:10B2100043F2100300221A6804F500531B78102B28
:10B220008ABF42F210030023E3589A4223D12046FA
:10B23000FFF75EFD00B1F6B10123009322465346AD
:10B24000294602A8FFF72EFFA8B1AB6DE218FB1A42
:10B250004EB9B8F1000F18D1284B01255D6110E0FF
:10B260003B462246F4E70021009113A82946FFF748
:10B2700019FF0028EDD10525B8F1000F30D1FFF7F7
:10B280002DFC284624B0BDE8F087DFF87080B9F1C6
:10B29000000F21D02046FFF72BFD18B108F1180050
:10B2A000FFF76AFB1648412202A901F075FB002E48
:10B2B00014BFAC23A523C8F82C30AB6DC8F83430CC
:10B2C000002E3FF466AF0F48412213A901F064FB42
:10B2D0006B68C8F80C305CE7AA23C8F82C30EFE79D
:10B2E0000948FFF749FBFFF7F9FB044B9C64C8E7EB
:10B2F0001725C1E7284E00206D510020CC4E0020BC
:10B300002C510020AE510020F04E00200122FFF70A
:10B3100013BF0000F0B590F854200346002A51D026
:10B3200090F8550003284DD893F86E20032A47D192
:10B330001A7A002A46D0DA68342A45D143F2040149
:10B340001A8A0C6821498C422AD152B15969E9B153
:10B35000D2B2002103F1140543F20C06CCB2A24292
:10B3600001D8122011E055F821703488A74201F16C
:10B370000101F3D11A78FAB101285B68144A15D893
:10B380009068834234BF10200120F0BD10B9012A1B
:10B39000E7D8EFE7421E18BF0122002AEAD1E0E712
:10B3A00012B15A69002ADCD11A78F6E7D0688342D4
:10B3B0008CBF01201020E8E7012818BF0F20E4E728
:10B3C0001420E2E70F20E0E71120DEE7DBE5B151D2
:10B3D000CC4E002038B1054B0360054B4360012380
:10B3E0000372002070470E20704700BF61B4070051
:10B3F00015B4070038B1054B0360054B43600123CA
:10B400000372002070470E20704700BF91B4070000
:10B410003BB4070069B10B78022B0CD1022804D091
:10B42000032814BF08201120704703230B7000204D
:10B4300070470E2070470820704769B10B78022BC7
:10B440000CD1022804D0032814BF08201120704713
:10B4500003230B70002070470E20704708207047B0
:10B4600010B50C4681B10B78012B06D00ED9033BE9
:10B47000012B94BF0820112010BDFFF7E1F900282F
:10B48000FAD102232370F7E70E20F5E70820F3E74F
:10B4900010B50C4681B10B78012B06D00ED9033BB9
:10B4A000012B94BF0820112010BDFFF701FA0028DE
:10B4B000FAD102232370F7E70E20F5E70820F3E71F
:10B4C00070B5144B144A0C21D21AB2FBF1F2816907
:10B4D00011F8025C044635B900690021914205D19A
:10B4E000012323600EE04FF0FF30F6E71E68AE4206
:10B4F0000CD1461C07D19D68D4E90001D4E9022390
:10B50000A847206070BD5E688642F4D001310C33DC
:10B51000E4E700BFD0D20700E8D207001EF0040F16
:10B520000CBFEFF30880EFF30980FFF7C9BF00BF3E
:10B5300010DF704711DF704713B5044609496846AC
:10B54000FCF72CFC019808B902B010BDD0E900212D
:10B550002046904718B16846FCF729FCF2E7112015
:10B56000F2E700BFC0D1070013B50446074968469B
:10B57000FCF714FC019B0BB902B010BD2046D3E9C7
:10B58000002190476846FCF712FCF3E7D8D107008A
:10B59000064B9A6822B11A6822F480021A6070473A
:10B5A000034B4FF48002C3F880207047C04E002048
:10B5B00000E100E00B4991F816335A09EC231341DE
:10B5C000DB0706D5084B9A683AB94FF480030B6045
:10B5D000704742F20200FCF79CBF1A6842F48002F6
:10B5E0001A60704700E100E0C04E0020F7B5194F27
:10B5F0003C7864BB184E012520463570FFF79CFF50
:10B60000112821D02046FFF7AFFF144B8DF80340DF
:10B61000186801900DF10300FCF710F8104901A81B
:10B62000FFF786FF0446B0FA80F0400938709DF8B5
:10B630000300FCF727F83CB90A4B34701C70FFF785
:10B64000B9FF2846FFF790FF204603B0F0BD08245D
:10B65000FAE700BF2D4E00202C4E0020BBD1070082
:10B660000D8507002E4E0020F7B5154F3B781BB314
:10B67000144E01203070FFF75FFF11284FF00005D6
:10B680001CD00220FFF770FF0DF107008DF8075066
:10B69000FBF7D4FFFFF74EFF04469DF807003D700F
:10B6A000FBF7F0FF2CB93470FFF772FF0320FFF7B0
:10B6B0005BFF204603B0F0BD0824FAE72C46F8E70C
:10B6C0002D4E00202C4E0020054B1B7833B1054B2E
:10B6D0001B780BB1FFF7C8BFFFF788BF0820704782
:10B6E0002C4E00202D4E0020014B1878704700BFD3
:10B6F0002D4E002007B508496846FCF74FFB019B1B
:10B7000013B903B05DF804FBD3E900209047684605
:10B71000FCF74DFBF3E700BFCCD10700FFF7EABF12
:10B7200060DF704769DF704761DF704730B5114DEA
:10B73000ADF5017D4FF4FA740DF1020103A8ADF8E7
:10B740000240FFF7F1FF70B9294601A8FCF726FB7C
:10B75000029B002BF0D003A8D3E90021904701A859
:10B76000FCF725FBF4E7052801D0FCF7D2FE0DF528
:10B77000017D30BDE4D10700024B1B780BB1FFF710
:10B78000D5BF70472F4E002018B1034B0360002037
:10B7900070470E20704700BFE82A00207FB506469C
:10B7A0000C46002959D02E4B0B600C22002101A819
:10B7B00001F08CF9012506232268ADF8083001A9B3
:10B7C00020208DF804608DF80650FFF7ABFF0C22A7
:10B7D000002101A801F07AF922688DF8055001A92D
:10B7E0004020FFF79FFF0C22002101A801F06EF915
:10B7F000F7232268ADF8063001A923208DF80460F4
:10B80000FFF790FF0C22002101A801F05FF92268E8
:10B810008DF8045001A92846FFF784FF0C2200216F
:10B8200001A801F053F94FF4B0632268019301A914
:10B83000A120FFF777FF0C22002101A801F046F9B3
:10B840009DF8043022682B4301A9A0208DF8043014
:10B85000FFF768FF002004B070BD0E20FBE700BFBB
:10B86000E82A002008B5FFF75BFF10B9014B012261
:10B870001A7008BD2F4E00204BDF70471FB50D4CCE
:10B8800001A8FFF7F9FF70B9214602A8FCF786FA74
:10B89000039B002BF4D00198D3E90021904702A824
:10B8A000FCF785FAF4E7052801D0FCF732FE04B076
:10B8B00010BD00BFF0D107008B1802448B4200D1AD
:10B8C000704713F8010D02F8010DF7E700000000C2
:10B8D000C3F10803DB0070B501330446002003A563
:10B8E0005B1920C940CAAD1920C4184720C940CAF5
:10B8F000754120C420C940CA754120C420C940CA2E
:10B90000754120C420C940CA754120C420C940CA1D
:10B91000754120C420C940CA754120C420C940CA0D
:10B92000754120C4404170BD0000000000000000CF
:10B93000C3F10803DB0070B50133002403A500BF89
:10B940005B1920C940CAAD1B20C0184720C940CA96
:10B95000B54120C020C940CAB54120C020C940CA55
:10B96000B54120C020C940CAB54120C020C940CA45
:10B97000B54120C020C940CAB54120C020C940CA35
:10B98000B54120C06441B4FA84F0400970BD00BFE5
:10B990002DE9F04F08B4F8CA04B451F8042BA3FB06
:10B9A000028940F8048B4FF0000AE4FB629A4FF0E2
:10B9B000000BE5FB62AB4FF0000CE6FB62BC4FF006
:10B9C000000EE7FB62CE51F8042B4FF00008E3FBBA
:10B9D000628940F8048BE4FB629AE5FB62ABE6FB0C
:10B9E00062BCE7FB62CE51F8042B4FF00008E3FB8A
:10B9F000628940F8048BE4FB629AE5FB62ABE6FBEC
:10BA000062BCE7FB62CE51F8042B4FF00008E3FB69
:10BA1000628940F8048BE4FB629AE5FB62ABE6FBCB
:10BA200062BCE7FB62CE51F8042B4FF00008E3FB49
:10BA3000628940F8048BE4FB629AE5FB62ABE6FBAB
:10BA400062BCE7FB62CE40F8049B40F804AB40F8D0
:10BA500004BB40F804CB40F804EB0CBC052B00F011
:10BA60001E810C68A0F11400A1F11401A2F11402CE
:10BA700052F804EB4FF0000550F8046BE4FB6E56EF
:10BA800052F804EB50F8047BE4FB6E6752F804EBC9
:10BA900050F8048BE4FB6E7852F804EB50F8049BEA
:10BAA000E4FB6E8952F804EB50F804ABE4FB6E9AA9
:10BAB000A0F1140052F8044B51F804EB4FF0000CC5
:10BAC000E4FB6EC540F804CB51F804EBE4FB6E5682
:10BAD00040F8045B51F804EBE4FB6E6740F8046B3C
:10BAE00051F804EBE4FB6E7840F8047B51F804EB6A
:10BAF000E4FB6E8940F8048B51F804EBE4FB6E9A8A
:10BB0000A0E80006062B00F0CA800C68A0F118001F
:10BB1000A1F11801A2F1180252F804EB4FF0000550
:10BB200050F8046BE4FB6E5652F804EB50F8047BBB
:10BB3000E4FB6E6752F804EB50F8048BE4FB6E787C
:10BB400052F804EB50F8049BE4FB6E8952F804EBC6
:10BB500050F804ABE4FB6E9A52F804EB50F804BBC7
:10BB6000E4FB6EABA0F1180052F8044B51F804EB63
:10BB70004FF0000CE4FB6EC540F804CB51F804EB29
:10BB8000E4FB6E5640F8045B51F804EBE4FB6E678F
:10BB900040F8046B51F804EBE4FB6E7840F8047B4A
:10BBA00051F804EBE4FB6E8940F8048B51F804EB88
:10BBB000E4FB6E9A40F8049B51F804EBE4FB6EAB97
:10BBC000A0E8000C072B6AD008B40C68A0F11C0098
:10BBD000A1F11C01A2F11C0252F804EB4FF0000588
:10BBE00050F8046BE4FB6E5652F804EB50F8047BFB
:10BBF000E4FB6E6752F804EB50F8048BE4FB6E78BC
:10BC000052F804EB50F8049BE4FB6E8952F804EB05
:10BC100050F804ABE4FB6E9A52F804EB50F804BB06
:10BC2000E4FB6EAB52F804EB50F804CBE4FB6EBCC3
:10BC3000A0F11C0052F8044B51F804EB4FF0000344
:10BC4000E4FB6E3540F8043B51F804EBE4FB6E5620
:10BC500040F8045B51F804EBE4FB6E6740F8046BBA
:10BC600051F804EBE4FB6E7840F8047B51F804EBE8
:10BC7000E4FB6E8940F8048B51F804EBE4FB6E9A08
:10BC800040F8049B51F804EBE4FB6EAB40F804ABC6
:10BC900051F804EBE4FB6EBCA0E8001808BCBDE85A
:10BCA000F08F002310B51C465AB2914200DC10BD43
:10BCB00040F823400133F7E710B500231A465CB281
:10BCC000A14203DCB2FA82F0400910BD50F82340D3
:10BCD00001332243F3E74A11012350F8220001F017
:10BCE0001F0103FA01F108407047013910B549B24C
:10BCF000041D0A06CBB204D4013954F82120002ACD
:10BD0000F7D001335BB273B103F18042013A50F8CE
:10BD10002220002022B9013B00EB431318B210BDD2
:10BD200052080130F6E71846F9E710B500235CB277
:10BD3000A24200DC10BD51F8234040F823400133FB
:10BD4000F5E710B5013A52B2130601D5002010BD37
:10BD500050F8224051F822309C4205D802F1FF32BF
:10BD6000F2D24FF0FF30F2E70120F0E700EB810163
:10BD70000023884200D3704751F8042D43EA520350
:10BD80000B60D307F5E737B51D469DF918300193D1
:10BD90000446FFF79DFD019B38B91A462146284607
:10BDA000FFF7CFFF0128019B07D02A4621462046F6
:10BDB00003B0BDE83040FFF7BBBD03B030BD37B5C1
:10BDC0001D469DF9183001930446FFF7B1FD019B14
:10BDD00038B12A462146204603B0BDE83040FFF77F
:10BDE00077BD03B030BD2DE9F04FB5B004AC9DF97F
:10BDF000F8501E4680462B462046FFF7C9FD24AB6F
:10BE000029463046CDE90234FFF76FFFC0EB8510BD
:10BE100004B2002C2146B8BF04F11F01634241F374
:10BE2000471103F01F0314A804F01F0758BF5F4217
:10BE3000FFF737FF002F08B22BDD14AB002203EB16
:10BE40008001C7F1200E1346AB4217D36B0001935C
:10BE500014AB03EB85096F1E34AB012603EB870798
:10BE6000002C54DA34AB03EB86062A4656F8C81C7D
:10BE70004046FFF75AFF35B0BDE8F08F56F823C0B3
:10BE80000CFA07F0024341F8042B01332CFA0EF2AE
:10BE9000DAE714AB2A46314603EB8000FFF745FF93
:10BEA000D4E70FFA82FE5AF8C83C53F82EB034ABF0
:10BEB00003EB8202013052F8803C0B44BBEB0303DE
:10BEC00034BF012200229B4518BF11465CF8C82CE4
:10BED00042F82E30019B42B29A42E2DB731A5E4274
:10BEE000294614A85E41FFF741FF34AB03EB8503FD
:10BEF000294653F8802C57F8803C484643EAC273E1
:10BF0000013C47F8803C24B2FFF730FFA8E734AB90
:10BF10000020C6F1010C014603EB860A03EB8C0CF2
:10BF2000D8E730B51C4691B0054693F90030684615
:10BF3000FFF72EFDD4F8AC3069462846984711B07B
:10BF400030BD13460A46FFF7ECBF2DE9F04793F9E1
:10BF5000006092B0044689461046314615461F4699
:10BF6000FFF7AAFE002840F091803A46494602A811
:10BF7000FFF7E7FF3B4602AA21460AA8FFF7D1FFD9
:10BF800002A908463A46FFF7DCFF3B462A464946E7
:10BF90004846FFF7C6FF07F104083A4629462846F7
:10BFA000FFF7CFFF43462A46214620460096FFF77B
:10BFB000EAFE43462A46294628460096FFF7E3FE56
:10BFC00043462A46214628460096FFF7F8FE3B46A0
:10BFD0002A4621462046FFF7A4FF43462246214633
:10BFE00028460096FFF7CFFE434600962A46214694
:10BFF0002046FFF7C8FE2368DB074AD53346424692
:10C0000021462046FFF764FC314682462046FFF772
:10C01000ADFE06F18043013B54F8232042EACA7288
:10C0200044F823203A4621462846FFF78AFF434634
:10C030000AAA294628460096FFF7C1FE43460AAAE7
:10C04000294628460096FFF7BAFE0AA90846434645
:10C050002A460096FFF7B3FE3B460AAA2146204631
:10C06000FFF75FFF02AA4346104621460096FFF7FE
:10C07000A6FE324629462046FFF757FE4946284687
:10C08000FFF753FE02A94846FFF74FFE12B0BDE886
:10C09000F08731462046FFF769FEC3E72DE9F041FE
:10C0A00015468AB004460E461C22002103A800F063
:10C0B0000DFD2F1D95F9008003232A4631462046A9
:10C0C0000293FFF73EFF3B4602AA21462046CDF8E9
:10C0D0000080FFF774FE2B46324621462046FFF7CC
:10C0E00020FFCDF800803B4605F184022146204622
:10C0F000FFF749FE0AB0BDE8F08100002DE9F042EB
:10C10000082288B00C468146FFF70FFECB6A0393E6
:10C110000B6B04934B6B05938B6B0693CB6B079365
:10C12000002708236A4669466846CDE901770097EB
:10C13000FFF7CEFB082305466A4649464846FFF707
:10C14000C7FB236B0393636B0493A36B0593E36BB0
:10C150000544CDE906376A46082369466846FFF775
:10C16000B7FB082305446A4649464846FFF7B0FB3B
:10C17000236A0093636A0193A36A0293A36B0693F5
:10C18000E36B0793054408236A4649464846CDE9D0
:10C1900004770397FFF79CFB636A0093A36AA26B83
:10C1A0000193E36A02930492636BE26B0393CDE91C
:10C1B0000523236A07932E1808236A4649464846F2
:10C1C000FFF786FBE36A0093236B0193636B029393
:10C1D000236A0693A36A0793351808236A464946DB
:10C1E0004846CDE904770397FFF7A2FB236B009342
:10C1F000636B0193A36B0293E36B0393636A0693F0
:10C20000E36A07932E1A08236A4649464846CDE951
:10C210000477FFF78DFB636B0093A36B0193E36BD4
:10C220000293236A0393636A0493A36ACDE90537F3
:10C23000236B0793361A08236A4649464846FFF798
:10C2400077FBA36B0093E36BCDE90137636A03933C
:10C25000A36A0493E36ACDE90537636B0793361A43
:10C2600008236A4649464846FFF762FB361A0E4CD9
:10C270000FD436B9082249462046FFF762FD01284F
:10C280000FD00823224649464846FFF751FB361A8D
:10C29000EFE70823224649464846FFF719FB3618C0
:10C2A000F7D408B0BDE8F08200D2070070B514469C
:10C2B0008AB006460D461A46214602A80193FFF7AA
:10C2C00040FE019B02AA31463046FFF72AFE02A932
:10C2D000019B22460846FFF724FE019B02AA29463D
:10C2E0002846FFF71EFE0AB070BD2DE9F0478AB060
:10C2F0001446DDF848A055461F4615F9046B009614
:10C30000804689462B460246214602A8FFF757FD84
:10C3100002A952460846FFF714FE534602AA4146B8
:10C320004046FFF7FEFD534602AA21462046FFF78E
:10C33000F8FD2B464A46394638460096FFF73FFD42
:10C340005246394602A8FFF7FCFD02A92B46424699
:10C3500008460096FFF733FD02A92B462246084601
:10C360000096FFF72CFD2B464246214620460096BC
:10C37000FFF725FD5346224649464846FFF7D1FDC3
:10C380002B4602AA414620460096FFF718FD534669
:10C39000224639463846FFF7C4FD2B464A46394601
:10C3A00038460096FFF70BFD324602A92046FFF7FC
:10C3B000BCFC0AB0BDE8F0872DE9F0479846B3F918
:10C3C0000230894613F11F0148BF03F13E01DD1D14
:10C3D00048BF03F10E05EC104E11944275B228BF10
:10C3E000144629460746FFF75CFC22464946FFF7FC
:10C3F00063FAB8F90230B3EBC40F4FEAC40220D29B
:10C40000D21A07EB86010020C2F120068F420FD31B
:10C4100008F124082A4639464046FFF792FC0128D5
:10C420000FD02B4642463846BDE8F047FFF780BAAA
:10C4300051F8044D24FA02F303430B6004FA06F0AA
:10C44000E4E7BDE8F08770B5036813F00106054620
:10C45000144605D013460A460146FFF739FA064648
:10C4600021462846FFF782FC46B104F18042013A9A
:10C4700055F8223043F0004345F8223070BDF0B546
:10C480000F46A1B006461946384615461C46FFF72A
:10C4900013FC20B13046FFF704FC21B0F0BD22466A
:10C4A00039466846FFF741FC294608A8FFF73DFCDE
:10C4B00010A82146FFF7F5FB012318A81093FFF7FA
:10C4C000F0FB224608A96846FFF73BFC28B9224644
:10C4D00010A93046FFF729FCDFE7009BDA0709D4F3
:10C4E00021466846FFF742FC2246294610A8FFF77E
:10C4F000AAFFE6E7089BDB0707D4214608A8FFF759
:10C5000035FC2246294618A8F1E7002823461CDD01
:10C5100008AA69466846FFF70BFA21466846FFF706
:10C5200025FC224618A910A8FFF70BFC002805DA05
:10C5300010A923462A460846FFF7CAF910A9234640
:10C5400018AA0846FFF7F4F9CEE708A96A46084694
:10C55000FFF7EEF9214608A8FFF708FC224610A9CC
:10C5600018A8FFF7EEFB002805DA18A923462A468B
:10C570000846FFF7ADF918A9234610AA0846FFF7A9
:10C58000D7F9BEE700487047FCD107002DE9F04F0E
:10C590002DED028BEDB08946789E05901946B6F9CF
:10C5A000023096F9004013F11F0748BF03F13E0720
:10C5B00047F3471707F1FF3B24AB002543F82B5007
:10C5C0006CAB03EB8B0307EE902A4CA896F9012085
:10C5D00043F8805C43F8605CFFF76EF996F9012040
:10C5E00054A81144FFF768F921464CA8FFF764FBF3
:10C5F0008046002840F0428154A8FFF75DFB03907D
:10C60000002840F03D8106F1240A3A464CA95046E4
:10C61000FFF797FB012840F035813A4654A9504670
:10C62000FFF78FFB0128069040F02C811CAD3B46A4
:10C63000524654A92846FFF722FF0DF13008039B0C
:10C6400048F82B3017EE902A494640463346FFF70C
:10C65000B3FE4146404653462A460097FFF7C3FBC8
:10C660000DF5B87B53462A464CA914A80097FFF74E
:10C67000BAFB224658460599FFF757FBA3000793DC
:10C68000059B0BEB840903EB84014846FFF74DFB48
:10C6900006F14403194634A80493FFF746FB049BB4
:10C6A000A10059183CA8FFF740FB331D08EE903A53
:10C6B000594634AA28460094FFF781FB4B465A4658
:10C6C0003CA934A80096FFF710FE18EE902A2346E6
:10C6D00029462846FFF7D3FE2A46494658463346A0
:10C6E000FFF7E4FD039B0893049B0993059B3946E0
:10C6F0004046CDE90A3BFFF7F8FA3946834614A8CD
:10C70000FFF7F3FA5845B8BF58461FFA80FB0BF104
:10C71000FF3109B240460491FFF7DDFA0499B0F108
:10C72000000814A818BF4FF00108FFF7D4FA00283A
:10C7300014BF0220002048EA00080DF1200922461B
:10C7400059F8281024A8FFF7F0FA0DF1B009A3005A
:10C7500019444846FFF7E9FA21462846FFF7A1FAAF
:10C76000069B2B60ABF1020824AB08EE105A0FFABF
:10C7700088F80493B8F1000F2ADA18EE902A18EE20
:10C78000101A18EE100A2346FFF779FE18EE102A49
:10C79000049833464946FFF789FD04993A465046C6
:10C7A000FFF7CFFA012805D004993B4652460846C8
:10C7B000FFF7BEF8013C64B24CAA230653D5039B95
:10C7C000B3FA83F040096DB0BDEC028BBDE8F08F89
:10C7D000334618EE102A0498D6F8A4504946A847C4
:10C7E00041460CA8FFF777FA4146B0F1000B14A8B8
:10C7F00018BF4FF0010BFFF76EFA002814BF02209C
:10C8000000204BEA000B08AB53F82B1031B3224643
:10C8100034A8FFF78AFA079B3CA81944FFF785FA6A
:10C8200018EE102A33463CA934A8FFF73FFD18EE56
:10C83000903A0499009434AA44A8FFF7C0FA049AE5
:10C8400000964B463CA934A8FFF74FFD18EE101A8E
:10C8500018EE100A334644AAFFF763FB08F1FF38CD
:10C860000FFA88F886E7049B52F8241053F8243016
:10C870004B40039919430391013C9EE72846A2E7E8
:10C880004046A0E703989EE7002301461A46184653
:10C8900000F0E4B908B5074B044613B1002100F0DD
:10C8A0002DFA054B1868836A03B19847204600F0BB
:10C8B00073FA00BFFDCC0700ACD2070038B50A4CB4
:10C8C0000A4D641BA4100AD004F18043013B05EB20
:10C8D0008305013C55F804399847002CF9D1BDE88F
:10C8E000384000F061BA00BFA02B00209C2B002034
:10C8F00070B50D4E0D4D761BB61006D000240134D8
:10C9000055F8043B9847A642F9D1094E094D761BCC
:10C9100000F044FAB61006D00024013455F8043B68
:10C920009847A642F9D170BD982B0020982B002083
:10C930009C2B0020982B0020032A70B412D940EAC7
:10C940000105AD0704460B4620D11946204653F891
:10C95000045B54F8046BAE4218D1043A032A204613
:10C960001946F2D8541E72B103780A789A4208BF69
:10C97000241806D00CE010F8013F11F8012F934263
:10C9800006D1A042F7D1002070BC7047541EEBE7DF
:10C99000981A70BC704700BF844641EA000313F048
:10C9A00003036DD1403A41D351F8043B40F8043BB6
:10C9B00051F8043B40F8043B51F8043B40F8043B79
:10C9C00051F8043B40F8043B51F8043B40F8043B69
:10C9D00051F8043B40F8043B51F8043B40F8043B59
:10C9E00051F8043B40F8043B51F8043B40F8043B49
:10C9F00051F8043B40F8043B51F8043B40F8043B39
:10CA000051F8043B40F8043B51F8043B40F8043B28
:10CA100051F8043B40F8043B51F8043B40F8043B18
:10CA200051F8043B40F8043B403ABDD2303211D3B8
:10CA300051F8043B40F8043B51F8043B40F8043BF8
:10CA400051F8043B40F8043B51F8043B40F8043BE8
:10CA5000103AEDD20C3205D351F8043B40F8043BB8
:10CA6000043AF9D2043208D0D2071CBF11F8013BB6
:10CA700000F8013B01D30B8803806046704700BF7C
:10CA8000082A13D38B078DD010F003038AD0C3F18B
:10CA90000403D21ADB071CBF11F8013B00F8013B6D
:10CAA00080D331F8023B20F8023B7BE7043AD9D32C
:10CAB000013A11F8013B00F8013BF9D20B78037001
:10CAC0004B7843708B78837060467047F0B486076C
:10CAD00046D0541E002A3CD0CAB2034602E014F1EC
:10CAE000FF3436D303F8012B9D07F8D1032C29D945
:10CAF000CDB245EA05250F2C45EA054533D9A4F109
:10CB00001006360903F1200707EB061703F11002A0
:10CB100042E9045542E902551032BA42F8D1721C7A
:10CB200014F00C0F03EB021204F00F0613D0331FA6
:10CB300023F003030433134442F8045B9342FBD114
:10CB400006F003042CB1C9B21C4403F8011B9C423B
:10CB5000FBD1F0BC704734461346002CF3D1F8E704
:10CB600014460346C2E71A462646E0E700000000E6
:10CB700000000000000000000000000000000000B5
:10CB800090F800F06DE9024520F007016FF0000C0D
:10CB900010F0070491F820F040F049804FF00004B5
:10CBA0006FF00700D1E9002391F840F000F1080090
:10CBB00082FA4CF2A4FA8CF283FA4CF3A2FA8CF3C8
:10CBC0004BBBD1E9022382FA4CF200F10800A4FA2F
:10CBD0008CF283FA4CF3A2FA8CF3E3B9D1E9042383
:10CBE00082FA4CF200F10800A4FA8CF283FA4CF3BA
:10CBF000A2FA8CF37BB9D1E9062301F1200182FA74
:10CC00004CF200F10800A4FA8CF283FA4CF3A2FA79
:10CC10008CF3002BC6D0002A04BF04301A4612BA87
:10CC2000B2FA82F2FDE8024500EBD2007047D1E98A
:10CC3000002304F00305C4F100004FEAC50514F019
:10CC4000040F91F840F00CFA05F562EA05021CBFEA
:10CC500063EA050362464FF00004A9E72DE9F843B3
:10CC6000224C25680DB36C681F2C3BDC984691461E
:10CC70000F46064688B1D5F8880028B3D0F80031B1
:10CC800040F824900122A24000EB84011343022EBD
:10CC9000C0F80031C1F8808010D0A31C01346C6052
:10CCA00045F823700020BDE8F883114E114D256032
:10CCB000002ED8D03468C5F88840D4E7D0F80431C5
:10CCC0001A43C0F80421E8E70B4B5BB14FF48470C2
:10CCD000AFF3008030B100236C68C0E94033C5F881
:10CCE0008800CDE74FF0FF30DDE700BFBC4E0020ED
:10CCF00000000000304E0020000000002DE9F04F41
:10CD0000DFF8908083B0D8F8005001900F464FF0C4
:10CD1000010A8DB16C68D5F88860013C0CD405F12E
:10CD2000080B67B12EB106F1800353F82430BB42E3
:10CD300005D014F1FF34F4D203B0BDE8F08F6B6876
:10CD40005BF82420013BA34216BF00236C604BF824
:10CD50002430002AEDD0D5F80490B6B1D6F80011F1
:10CD60000AFA04F30B4210D0D6F8040156F8241046
:10CD700003420CD1019890476B68D8F800204B45CE
:10CD800001D1AA42D5D01546C3E79047F4E708463B
:10CD90009047F1E7BC4E0020FEE700BFF8B500BFAA
:10CDA000F8BC08BC9E467047F8B500BFF8BC08BC8C
:10CDB0009E467047001000000400000001000000C3
:10CDC00095790700B9790700C9790700397A070012
:10CDD000D9790700A1790700A5790700A97907008B
:10CDE000001000000400000001000000457B070067
:10CDF000257B0700157B07004D7D0700017D07009F
:10CE0000E77A0700EB7A0700F17A0700982F8A4249
:10CE100091443771CFFBC0B5A5DBB5E95BC256398C
:10CE2000F111F159A4823F92D55E1CAB98AA07D8A4
:10CE3000015B8312BE853124C37D0C55745DBE72C7
:10CE4000FEB1DE80A706DC9B74F19BC1C1699BE447
:10CE50008647BEEFC69DC10FCCA10C246F2CE92DD7
:10CE6000AA84744ADCA9B05CDA88F97652513E98FB
:10CE70006DC631A8C82703B0C77F59BFF30BE0C602
:10CE80004791A7D55163CA0667292914850AB72790
:10CE900038211B2EFC6D2C4D130D385354730A652D
:10CEA000BB0A6A762EC9C281852C7292A1E8BFA204
:10CEB0004B661AA8708B4BC2A3516CC719E892D16C
:10CEC000240699D685350EF470A06A1016C1A419EF
:10CED000086C371E4C774827B5BCB034B30C1C39EE
:10CEE0004AAAD84E4FCA9C5BF36F2E68EE828F74AD
:10CEF0006F63A5781478C8840802C78CFAFFBE90C7
:10CF0000EB6C50A4F7A3F9BEF27871C64800280074
:10CF10000020400085C50700DDAC843D1EBD6AFCD5
:10CF2000F19B4BD0C49DB1BE608F0D7ACA0083AA1D
:10CF3000B84899DE96F7E90C05200B441BE1104A2E
:10CF4000A3418950BAD2FDB74999C850A1D379AF4E
:10CF50008939544350D9C92D06150E1506110A04F6
:10CF60000A1104041F04041C0B1F251E15160F189C
:10CF7000131C0B1F251E15160F18130000000000B0
:10CF80000338FDD870470000F79207009B92070016
:10CF9000EB9707005D9807007D980700E191070077
:10CFA000A19107007F97070000000000A9980700E3
:10CFB000A398070083980700200000007800000075
:10CFC000000000000100010000000000010000005E
:10CFD0000000000002000500010000004200000007
:10CFE0000000000000000000000000000000000041
:10CFF00000000000010011000100FFFF010000001F
:10D0000000000000020017000200FEFF64010000A3
:10D0100054D00700000000000000000000000000E5
:10D0200000000000010001000000000001000000FD
:10D0300000000000020005000100000022000000C6
:10D0400000000000000000000000000000000000E0
:10D0500000000000010011000400FCFF04000000BB
:10D0600000000000020011000400FCFF04000000AA
:10D0700000000000030021000400FCFF0400100079
:10D0800000000000040011000100FFFF010000008B
:10D0900000000000050011000200FEFF0400000077
:10D0A00000000000060011000400FCFF0400000066
:10D0B00000000000070011000400FCFF0400000055
:10D0C00000000000080017000200FEFF240000001E
:10D0D00024D00700090010000100FFFF010000003C
:10D0E00004D107000A0027000200FEFF44000300ED
:10D0F000C4CF070000000000000000000000000096
:10D100000000000000000000010017000400FCFF08
:10D1100068010000F4CF0700020017000400FCFFC4
:10D12000AC01000038D10700000000000000000042
:10D1300000000000000000000100070000000000E7
:10D1400068010000F4CF07000200010000000000A9
:10D1500001000000000000000300050001000000C5
:10D16000420000000000000000000000000000007D
:10D170000000000000000000446675546172670002
:10D18000000000000000000000000000000000009F
:10D1900050EADA308883B89F604F15F30000C98EDB
:10D1A0000338FDD870470C000C00000058026D6970
:10D1B00063726F6269745F61707000001002010039
:10D1C00008D3070010D3070008000000F8D20700BA
:10D1D00008D3070008000000F0D20700F8D20700CB
:10D1E00008000000E8D20700F0D2070008000000A5
:10D1F00010D3070018D30700080000000820000122
:10D20000FFFFFFFFFFFFFFFFFFFFFFFF000000002A
:10D21000000000000000000001000000FFFFFFFF11
:10D22000512563FCC2CAB9F3849E17A7ADFAE6BCC8
:10D23000FFFFFFFFFFFFFFFF00000000FFFFFFFFFA
:10D2400096C298D84539A1F4A033EB2D817D0377A0
:10D25000F240A463E5E6BCF847422CE1F2D1176B3B
:10D26000F551BF376840B6CBCE5E316B5733CE2B0E
:10D27000169E0F7C4AEBE78E9B7F1AFEE242E34F3D
:10D280004B60D2273E3CCE3BF6B053CCB0061D657A
:10D29000BC86987655BDEBB3E7933AAAD835C65A03
:10D2A0004BBF07009DC00700FDC00700382B0020C2
:10D2B0000000000001A10700599E07004032002035
:10D2C0007C4200208D42002048320020F400000003
:10D2D0000000000003000000F5B30700000000009C
:10D2E00002000000D5B30700A59A07000000000067
:10D2F000C17C07000000000079B7070000000000B3
:10D300007DB8070000000000017B0700000000005E
:10D310001D7C070000000000709FFF7F01000000DF
:10D320000090D0030000000000000000000000009A
:10D3300000000000000000000000000000000000ED
:10D3400001000000000000000000000000000000DC
:10D3500002000000EC2A00200C2B0020FC2A0020F8
:10D36000FF00FFFF0100000000E00700382B002055
:10D3700000000000000000000000000000000000AD
:10D38000000000000000000000000000000000009D
:10D39000000000000000000000000000000000008D
:10D3A000000000000000000000000000000000007D
:10D3B000000000000000000000000000000000006D
:10D3C000000000000000000000000000000000005D
:10D3D00069720700417207000000000000000000B1
:0CD3E00001A2070000100000000008007F
:10E00000BE361649020000000000000000000000BB
:10E0100000000000000000001CD20000105EBCF8F0
:10E0200001000000000000000000000000000000EF
:10E0300000000000000000000000000000000000E0
:10E0400000000000000000000000000000000000D0
:10E0500000000000000000000000000000000000C0
:10E0600000000000000000000000000000000000B0
:10E0700000000000000000000000000000000000A0
:10E080000000000000000000000000000000000090
:10E090000000000000000000000000000000000080
:10E0A0000000000000000000000000000000000070
:10E0B0000000000000000000000000000000000060
:10E0C0000000000000000000000000000000000050
:10E0D0000000000000000000000000000000000040
:10E0E0000000000000000000000000000000000030
:10E0F0000000000000000000000000000000000020
:10E10000000000000000000000000000000000000F
:10E1100000000000000000000000000000000000FF
:10E1200000000000000000000000000000000000EF
:10E1300000000000000000000000000000000000DF
:10E1400000000000000000000000000000000000CF
:10E1500000000000000000000000000000000000BF
:10E1600000000000000000000000000000000000AF
:10E17000000000000000000000000000000000009F
:10E18000000000000000000000000000000000008F
:10E19000000000000000000000000000000000007F
:10E1A000000000000000000000000000000000006F
:10E1B000000000000000000000000000000000005F
:10E1C000000000000000000000000000000000004F
:10E1D000000000000000000000000000000000003F
:10E1E000000000000000000000000000000000002F
:10E1F000000000000000000000000000000000001F
:10E20000000000000000000000000000000000000E
:10E2100000000000000000000000000000000000FE
:10E2200000000000000000000000000000000000EE
:10E2300000000000000000000000000000000000DE
:10E2400000000000000000000000000000000000CE
:10E25000000000000000000000000000A21BDAAC7B
:10E2600000000000000000000000000000000000AE
:10E27000000000000000000000000000000000009E
:10E28000000000000000000000000000000000008E
:10E29000000000000000000000000000000000007E
:10E2A000000000000000000000000000000000006E
:10E2B000000000000000000000000000000000005E
:10E2C000000000000000000000000000000000004E
:10E2D000000000000000000000000000000000003E
:10E2E000000000000000000000000000000000002E
:10E2F000000000000000000000000000000000001E
:10E30000000000000000000000000000000000000D
:10E3100000000000000000000000000000000000FD
:10E3200000000000000000000000000000000000ED
:10E3300000000000000000000000000000000000DD
:10E3400000000000000000000000000000000000CD
:10E3500000000000000000000000000000000000BD
:10E3600000000000000000000000000000000000AD
:10E37000000000000000000000000000000000009D
:10E38000000000000000000000000000000000008D
:10E39000000000000000000000000000000000007D
:10E3A000000000000000000000000000000000006D
:10E3B000000000000000000000000000000000005D
:10E3C000000000000000000000000000000000004D
:10E3D000000000000000000000000000000000003D
:10E3E000000000000000000000000000000000002D
:10E3F000000000000000000000000000000000001D
:10E40000000000000000000000000000000000000C
:10E4100000000000000000000000000000000000FC
:10E4200000000000000000000000000000000000EC
:10E4300000000000000000000000000000000000DC
:10E4400000000000000000000000000000000000CC
:10E4500000000000000000000000000000000000BC
:10E4600000000000000000000000000000000000AC
:10E47000000000000000000000000000000000009C
:10E48000000000000000000000000000000000008C
:10E49000000000000000000000000000000000007C
:10E4A000000000000000000000000000000000006C
:10E4B000000000000000000000000000000000005C
:10E4C000000000000000000000000000000000004C
:10E4D000000000000000000000000000000000003C
:10E4E000000000000000000000000000000000002C
:10E4F000000000000000000000000000000000001C
:10E50000000000000000000000000000000000000B
:10E5100000000000000000000000000000000000FB
:10E5200000000000000000000000000000000000EB
:10E5300000000000000000000000000000000000DB
:10E5400000000000000000000000000000000000CB
:10E5500000000000000000000000000000000000BB
:10E5600000000000000000000000000000000000AB
:10E57000000000000000000000000000000000009B
:10E58000000000000000000000000000000000008B
:10E59000000000000000000000000000000000007B
:10E5A000000000000000000000000000000000006B
:10E5B000000000000000000000000000000000005B
:10E5C000000000000000000000000000000000004B
:10E5D000000000000000000000000000000000003B
:10E5E000000000000000000000000000000000002B
:10E5F000000000000000000000000000000000001B
:10E60000000000000000000000000000000000000A
:10E6100000000000000000000000000000000000FA
:10E6200000000000000000000000000000000000EA
:10E6300000000000000000000000000000000000DA
:10E6400000000000000000000000000000000000CA
:10E6500000000000000000000000000000000000BA
:10E6600000000000000000000000000000000000AA
:10E67000000000000000000000000000000000009A
:10E68000000000000000000000000000000000008A
:10E69000000000000000000000000000000000007A
:10E6A000000000000000000000000000000000006A
:10E6B000000000000000000000000000000000005A
:10E6C000000000000000000000000000000000004A
:10E6D000000000000000000000000000000000003A
:10E6E000000000000000000000000000000000002A
:10E6F000000000000000000000000000000000001A
:10E700000000000000000000000000000000000009
:10E7100000000000000000000000000000000000F9
:10E7200000000000000000000000000000000000E9
:10E7300000000000000000000000000000000000D9
:10E7400000000000000000000000000000000000C9
:10E7500000000000000000000000000000000000B9
:10E7600000000000000000000000000000000000A9
:10E770000000000000000000000000000000000099
:10E780000000000000000000000000000000000089
:10E790000000000000000000000000000000000079
:10E7A0000000000000000000000000000000000069
:10E7B0000000000000000000000000000000000059
:10E7C0000000000000000000000000000000000049
:10E7D0000000000000000000000000000000000039
:10E7E0000000000000000000000000000000000029
:10E7F0000000000000000000000000000000000019
:10E800000000000000000000000000000000000008
:10E8100000000000000000000000000000000000F8
:10E8200000000000000000000000000000000000E8
:10E8300000000000000000000000000000000000D8
:10E8400000000000000000000000000000000000C8
:10E8500000000000000000000000000000000000B8
:10E8600000000000000000000000000000000000A8
:10E870000000000000000000000000000000000098
:10E880000000000000000000000000000000000088
:10E890000000000000000000000000000000000078
:10E8A0000000000000000000000000000000000068
:10E8B0000000000000000000000000000000000058
:10E8C0000000000000000000000000000000000048
:10E8D0000000000000000000000000000000000038
:10E8E0000000000000000000000000000000000028
:10E8F0000000000000000000000000000000000018
:10E900000000000000000000000000000000000007
:10E9100000000000000000000000000000000000F7
:10E9200000000000000000000000000000000000E7
:10E9300000000000000000000000000000000000D7
:10E9400000000000000000000000000000000000C7
:10E9500000000000000000000000000000000000B7
:10E9600000000000000000000000000000000000A7
:10E970000000000000000000000000000000000097
:10E980000000000000000000000000000000000087
:10E990000000000000000000000000000000000077
:10E9A0000000000000000000000000000000000067
:10E9B0000000000000000000000000000000000057
:10E9C0000000000000000000000000000000000047
:10E9D0000000000000000000000000000000000037
:10E9E0000000000000000000000000000000000027
:10E9F0000000000000000000000000000000000017
:10EA00000000000000000000000000000000000006
:10EA100000000000000000000000000000000000F6
:10EA200000000000000000000000000000000000E6
:10EA300000000000000000000000000000000000D6
:10EA400000000000000000000000000000000000C6
:10EA500000000000000000000000000000000000B6
:10EA600000000000000000000000000000000000A6
:10EA70000000000000000000000000000000000096
:10EA80000000000000000000000000000000000086
:10EA90000000000000000000000000000000000076
:10EAA0000000000000000000000000000000000066
:10EAB0000000000000000000000000000000000056
:10EAC0000000000000000000000000000000000046
:10EAD0000000000000000000000000000000000036
:10EAE0000000000000000000000000000000000026
:10EAF0000000000000000000000000000000000016
:10EB00000000000000000000000000000000000005
:10EB100000000000000000000000000000000000F5
:10EB200000000000000000000000000000000000E5
:10EB300000000000000000000000000000000000D5
:10EB400000000000000000000000000000000000C5
:10EB500000000000000000000000000000000000B5
:10EB600000000000000000000000000000000000A5
:10EB70000000000000000000000000000000000095
:10EB80000000000000000000000000000000000085
:10EB90000000000000000000000000000000000075
:10EBA0000000000000000000000000000000000065
:10EBB0000000000000000000000000000000000055
:10EBC0000000000000000000000000000000000045
:10EBD0000000000000000000000000000000000035
:10EBE0000000000000000000000000000000000025
:10EBF0000000000000000000000000000000000015
:10EC00000000000000000000000000000000000004
:10EC100000000000000000000000000000000000F4
:10EC200000000000000000000000000000000000E4
:10EC300000000000000000000000000000000000D4
:10EC400000000000000000000000000000000000C4
:10EC500000000000000000000000000000000000B4
:10EC600000000000000000000000000000000000A4
:10EC70000000000000000000000000000000000094
:10EC80000000000000000000000000000000000084
:10EC90000000000000000000000000000000000074
:10ECA0000000000000000000000000000000000064
:10ECB0000000000000000000000000000000000054
:10ECC0000000000000000000000000000000000044
:10ECD0000000000000000000000000000000000034
:10ECE0000000000000000000000000000000000024
:10ECF0000000000000000000000000000000000014
:10ED00000000000000000000000000000000000003
:10ED100000000000000000000000000000000000F3
:10ED200000000000000000000000000000000000E3
:10ED300000000000000000000000000000000000D3
:10ED400000000000000000000000000000000000C3
:10ED500000000000000000000000000000000000B3
:10ED600000000000000000000000000000000000A3
:10ED70000000000000000000000000000000000093
:10ED80000000000000000000000000000000000083
:10ED90000000000000000000000000000000000073
:10EDA0000000000000000000000000000000000063
:10EDB0000000000000000000000000000000000053
:10EDC0000000000000000000000000000000000043
:10EDD0000000000000000000000000000000000033
:10EDE0000000000000000000000000000000000023
:10EDF0000000000000000000000000000000000013
:10EE00000000000000000000000000000000000002
:10EE100000000000000000000000000000000000F2
:10EE200000000000000000000000000000000000E2
:10EE300000000000000000000000000000000000D2
:10EE400000000000000000000000000000000000C2
:10EE500000000000000000000000000000000000B2
:10EE600000000000000000000000000000000000A2
:10EE70000000000000000000000000000000000092
:10EE80000000000000000000000000000000000082
:10EE90000000000000000000000000000000000072
:10EEA0000000000000000000000000000000000062
:10EEB0000000000000000000000000000000000052
:10EEC0000000000000000000000000000000000042
:10EED0000000000000000000000000000000000032
:10EEE0000000000000000000000000000000000022
:10EEF0000000000000000000000000000000000012
:10EF00000000000000000000000000000000000001
:10EF100000000000000000000000000000000000F1
:10EF200000000000000000000000000000000000E1
:10EF300000000000000000000000000000000000D1
:10EF400000000000000000000000000000000000C1
:10EF500000000000000000000000000000000000B1
:10EF600000000000000000000000000000000000A1
:10EF70000000000000000000000000000000000091
:10EF80000000000000000000000000000000000081
:10EF90000000000000000000000000000000000071
:10EFA0000000000000000000000000000000000061
:10EFB0000000000000000000000000000000000051
:10EFC0000000000000000000000000000000000041
:10EFD0000000000000000000000000000000000031
:10EFE0000000000000000000000000000000000021
:10EFF0000000000000000000000000000000000011
:10F00000BE361649020000000000000000000000AB
:10F0100000000000000000001CD20000105EBCF8E0
:10F0200001000000000000000000000000000000DF
:10F0300000000000000000000000000000000000D0
:10F0400000000000000000000000000000000000C0
:10F0500000000000000000000000000000000000B0
:10F0600000000000000000000000000000000000A0
:10F070000000000000000000000000000000000090
:10F080000000000000000000000000000000000080
:10F090000000000000000000000000000000000070
:10F0A0000000000000000000000000000000000060
:10F0B0000000000000000000000000000000000050
:10F0C0000000000000000000000000000000000040
:10F0D0000000000000000000000000000000000030
:10F0E0000000000000000000000000000000000020
:10F0F0000000000000000000000000000000000010
:10F1000000000000000000000000000000000000FF
:10F1100000000000000000000000000000000000EF
:10F1200000000000000000000000000000000000DF
:10F1300000000000000000000000000000000000CF
:10F1400000000000000000000000000000000000BF
:10F1500000000000000000000000000000000000AF
:10F16000000000000000000000000000000000009F
:10F17000000000000000000000000000000000008F
:10F18000000000000000000000000000000000007F
:10F19000000000000000000000000000000000006F
:10F1A000000000000000000000000000000000005F
:10F1B000000000000000000000000000000000004F
:10F1C000000000000000000000000000000000003F
:10F1D000000000000000000000000000000000002F
:10F1E000000000000000000000000000000000001F
:10F1F000000000000000000000000000000000000F
:10F2000000000000000000000000000000000000FE
:10F2100000000000000000000000000000000000EE
:10F2200000000000000000000000000000000000DE
:10F2300000000000000000000000000000000000CE
:10F2400000000000000000000000000000000000BE
:10F25000000000000000000000000000A21BDAAC6B
:10F26000000000000000000000000000000000009E
:10F27000000000000000000000000000000000008E
:10F28000000000000000000000000000000000007E
:10F29000000000000000000000000000000000006E
:10F2A000000000000000000000000000000000005E
:10F2B000000000000000000000000000000000004E
:10F2C000000000000000000000000000000000003E
:10F2D000000000000000000000000000000000002E
:10F2E000000000000000000000000000000000001E
:10F2F000000000000000000000000000000000000E
:10F3000000000000000000000000000000000000FD
:10F3100000000000000000000000000000000000ED
:03F32000000000EA
:020000040000FA
:020000041000EA
:081014000070070000E0070076
:040000033000A459CC
:00000001FF

